month,region,flat_type,index,n_sales,median_price
2017-01,NORTH,2 ROOM,100.0,1,235000.0
2017-04,NORTH,2 ROOM,101.13,1,218000.0
2017-05,NORTH,2 ROOM,105.73,1,255000.0
2017-06,NORTH,2 ROOM,106.03,2,254000.0
2017-07,NORTH,2 ROOM,99.08,2,214000.0
2017-08,NORTH,2 ROOM,100.61,4,235000.0
2017-09,NORTH,2 ROOM,101.19,2,237500.0
2017-11,NORTH,2 ROOM,102.93,1,212200.0
2017-12,NORTH,2 ROOM,94.13,1,215000.0
2018-01,NORTH,2 ROOM,97.64,2,207000.0
2018-02,NORTH,2 ROOM,104.84,1,200000.0
2018-04,NORTH,2 ROOM,95.45,3,195000.0
2018-06,NORTH,2 ROOM,97.63,1,227000.0
2018-07,NORTH,2 ROOM,99.18,1,237000.0
2018-08,NORTH,2 ROOM,99.05,1,230000.0
2018-09,NORTH,2 ROOM,96.43,2,221500.0
2018-11,NORTH,2 ROOM,96.44,2,197500.0
2018-12,NORTH,2 ROOM,98.16,2,227500.0
2019-01,NORTH,2 ROOM,94.37,2,234000.0
2019-02,NORTH,2 ROOM,95.33,5,225000.0
2019-03,NORTH,2 ROOM,95.98,3,225000.0
2019-04,NORTH,2 ROOM,95.49,6,225000.0
2019-05,NORTH,2 ROOM,93.27,11,222000.0
2019-06,NORTH,2 ROOM,96.31,5,225000.0
2019-07,NORTH,2 ROOM,95.2,8,224000.0
2019-08,NORTH,2 ROOM,91.79,13,215000.0
2019-09,NORTH,2 ROOM,95.01,11,230000.0
2019-10,NORTH,2 ROOM,93.35,9,224000.0
2019-11,NORTH,2 ROOM,93.01,11,224000.0
2019-12,NORTH,2 ROOM,93.56,10,225000.0
2020-01,NORTH,2 ROOM,92.8,6,219750.0
2020-02,NORTH,2 ROOM,95.17,10,228500.0
2020-03,NORTH,2 ROOM,94.13,11,225000.0
2020-04,NORTH,2 ROOM,92.83,1,230000.0
2020-06,NORTH,2 ROOM,94.35,7,220000.0
2020-07,NORTH,2 ROOM,95.0,9,220000.0
2020-08,NORTH,2 ROOM,98.22,6,230000.0
2020-09,NORTH,2 ROOM,97.97,7,230000.0
2020-10,NORTH,2 ROOM,98.62,5,230000.0
2020-11,NORTH,2 ROOM,98.78,2,239900.0
2020-12,NORTH,2 ROOM,104.26,3,245000.0
2021-01,NORTH,2 ROOM,100.82,4,245000.0
2021-02,NORTH,2 ROOM,103.48,3,247000.0
2021-03,NORTH,2 ROOM,105.52,5,250000.0
2021-04,NORTH,2 ROOM,109.07,4,231500.0
2021-05,NORTH,2 ROOM,107.26,5,268000.0
2021-07,NORTH,2 ROOM,109.47,2,255000.0
2021-08,NORTH,2 ROOM,110.97,5,270000.0
2021-09,NORTH,2 ROOM,113.09,6,270000.0
2021-10,NORTH,2 ROOM,116.09,4,271400.0
2021-11,NORTH,2 ROOM,116.42,3,276000.0
2021-12,NORTH,2 ROOM,119.23,5,280000.0
2022-01,NORTH,2 ROOM,121.13,8,287500.0
2022-02,NORTH,2 ROOM,124.9,10,292500.0
2022-03,NORTH,2 ROOM,124.61,2,285000.0
2022-04,NORTH,2 ROOM,122.62,8,288500.0
2022-05,NORTH,2 ROOM,125.85,3,302000.0
2022-06,NORTH,2 ROOM,127.2,7,315000.0
2022-07,NORTH,2 ROOM,130.22,6,312500.0
2022-08,NORTH,2 ROOM,127.43,15,310000.0
2022-09,NORTH,2 ROOM,129.65,13,305888.0
2022-10,NORTH,2 ROOM,131.53,14,320000.0
2022-11,NORTH,2 ROOM,132.17,14,313500.0
2022-12,NORTH,2 ROOM,132.36,22,315000.0
2023-01,NORTH,2 ROOM,135.08,20,327500.0
2023-02,NORTH,2 ROOM,132.3,19,320000.0
2023-03,NORTH,2 ROOM,133.59,22,313000.0
2023-04,NORTH,2 ROOM,137.03,13,330000.0
2023-05,NORTH,2 ROOM,134.52,17,315000.0
2023-06,NORTH,2 ROOM,136.63,10,332944.0
2023-07,NORTH,2 ROOM,137.89,18,330000.0
2023-08,NORTH,2 ROOM,137.14,12,330000.0
2023-09,NORTH,2 ROOM,137.66,18,329000.0
2023-10,NORTH,2 ROOM,134.69,17,320000.0
2023-11,NORTH,2 ROOM,137.38,11,328000.0
2023-12,NORTH,2 ROOM,140.31,19,330000.0
2024-01,NORTH,2 ROOM,139.34,25,330000.0
2024-02,NORTH,2 ROOM,142.7,20,341500.0
2024-03,NORTH,2 ROOM,143.37,9,343000.0
2024-04,NORTH,2 ROOM,140.33,20,339000.0
2024-05,NORTH,2 ROOM,141.86,17,328000.0
2024-06,NORTH,2 ROOM,143.32,21,340000.0
2024-07,NORTH,2 ROOM,145.93,19,350000.0
2024-08,NORTH,2 ROOM,146.04,19,338000.0
2024-09,NORTH,2 ROOM,147.15,13,360000.0
2024-10,NORTH,2 ROOM,148.2,19,360888.0
2024-11,NORTH,2 ROOM,150.09,10,362500.0
2024-12,NORTH,2 ROOM,153.92,14,368000.0
2025-01,NORTH,2 ROOM,150.41,22,361000.0
2025-02,NORTH,2 ROOM,151.98,25,351000.0
2025-03,NORTH,2 ROOM,154.68,14,367500.0
2025-04,NORTH,2 ROOM,154.65,21,360000.0
2025-05,NORTH,2 ROOM,154.77,16,361250.0
2025-06,NORTH,2 ROOM,156.42,36,366500.0
2025-07,NORTH,2 ROOM,158.33,33,375000.0
2025-08,NORTH,2 ROOM,158.63,15,385000.0
2025-09,NORTH,2 ROOM,155.83,14,371000.0
2025-10,NORTH,2 ROOM,156.39,11,360888.0
2025-11,NORTH,2 ROOM,158.26,19,376000.0
2025-12,NORTH,2 ROOM,160.12,17,380000.0
2026-01,NORTH,2 ROOM,159.12,22,365000.0
2026-02,NORTH,2 ROOM,155.96,10,373500.0
2026-03,NORTH,2 ROOM,159.77,19,370000.0
2026-04,NORTH,2 ROOM,155.88,8,365000.0
2026-05,NORTH,2 ROOM,160.84,19,378000.0
2026-06,NORTH,2 ROOM,159.67,19,365000.0
2026-07,NORTH,2 ROOM,160.26,13,375000.0
2026-08,NORTH,2 ROOM,158.54,8,372500.0
2026-09,NORTH,2 ROOM,157.92,14,360500.0
2017-01,NORTH,3 ROOM,100.0,27,291000.0
2017-02,NORTH,3 ROOM,100.7,24,273500.0
2017-03,NORTH,3 ROOM,99.09,55,275000.0
2017-04,NORTH,3 ROOM,98.74,52,279000.0
2017-05,NORTH,3 ROOM,98.43,65,276000.0
2017-06,NORTH,3 ROOM,98.06,49,275000.0
2017-07,NORTH,3 ROOM,97.43,53,275000.0
2017-08,NORTH,3 ROOM,96.79,60,276000.0
2017-09,NORTH,3 ROOM,94.45,37,273800.0
2017-10,NORTH,3 ROOM,95.5,47,265000.0
2017-11,NORTH,3 ROOM,95.81,49,263000.0
2017-12,NORTH,3 ROOM,95.86,36,275000.0
2018-01,NORTH,3 ROOM,94.36,35,268000.0
2018-02,NORTH,3 ROOM,95.7,37,275000.0
2018-03,NORTH,3 ROOM,93.65,45,270888.0
2018-04,NORTH,3 ROOM,94.67,31,264000.0
2018-05,NORTH,3 ROOM,93.06,45,262888.0
2018-06,NORTH,3 ROOM,94.86,49,272000.0
2018-07,NORTH,3 ROOM,92.98,62,262500.0
2018-08,NORTH,3 ROOM,91.78,69,260000.0
2018-09,NORTH,3 ROOM,92.16,60,260000.0
2018-10,NORTH,3 ROOM,92.67,64,259500.0
2018-11,NORTH,3 ROOM,91.48,67,260000.0
2018-12,NORTH,3 ROOM,92.1,42,260000.0
2019-01,NORTH,3 ROOM,91.67,63,266388.0
2019-02,NORTH,3 ROOM,91.11,41,255000.0
2019-03,NORTH,3 ROOM,91.44,60,270000.0
2019-04,NORTH,3 ROOM,91.77,60,265000.0
2019-05,NORTH,3 ROOM,90.71,54,260000.0
2019-06,NORTH,3 ROOM,91.51,66,270000.0
2019-07,NORTH,3 ROOM,91.58,56,269000.0
2019-08,NORTH,3 ROOM,92.05,60,271400.0
2019-09,NORTH,3 ROOM,91.99,65,270000.0
2019-10,NORTH,3 ROOM,92.44,90,265000.0
2019-11,NORTH,3 ROOM,91.23,54,255000.0
2019-12,NORTH,3 ROOM,92.16,69,270000.0
2020-01,NORTH,3 ROOM,92.92,73,270000.0
2020-02,NORTH,3 ROOM,93.03,46,269940.0
2020-03,NORTH,3 ROOM,94.25,70,274000.0
2020-04,NORTH,3 ROOM,90.06,19,260000.0
2020-05,NORTH,3 ROOM,92.16,12,250000.0
2020-06,NORTH,3 ROOM,93.12,78,266000.0
2020-07,NORTH,3 ROOM,94.94,58,270000.0
2020-08,NORTH,3 ROOM,96.54,56,275000.0
2020-09,NORTH,3 ROOM,97.58,60,280000.0
2020-10,NORTH,3 ROOM,99.36,42,292500.0
2020-11,NORTH,3 ROOM,100.27,47,295000.0
2020-12,NORTH,3 ROOM,100.83,48,285000.0
2021-01,NORTH,3 ROOM,104.34,53,297000.0
2021-02,NORTH,3 ROOM,104.36,49,305000.0
2021-03,NORTH,3 ROOM,106.48,65,300000.0
2021-04,NORTH,3 ROOM,108.23,53,318000.0
2021-05,NORTH,3 ROOM,111.12,37,320000.0
2021-06,NORTH,3 ROOM,111.37,42,320000.0
2021-07,NORTH,3 ROOM,113.8,59,318000.0
2021-08,NORTH,3 ROOM,113.5,63,325000.0
2021-09,NORTH,3 ROOM,115.31,61,325000.0
2021-10,NORTH,3 ROOM,117.29,62,340000.0
2021-11,NORTH,3 ROOM,118.31,61,338000.0
2021-12,NORTH,3 ROOM,121.0,57,345000.0
2022-01,NORTH,3 ROOM,121.39,64,360000.0
2022-02,NORTH,3 ROOM,122.84,45,348000.0
2022-03,NORTH,3 ROOM,123.37,62,360000.0
2022-04,NORTH,3 ROOM,123.05,43,350000.0
2022-05,NORTH,3 ROOM,124.47,83,365000.0
2022-06,NORTH,3 ROOM,126.31,61,360000.0
2022-07,NORTH,3 ROOM,128.75,64,360000.0
2022-08,NORTH,3 ROOM,127.77,87,368888.0
2022-09,NORTH,3 ROOM,129.6,76,362500.0
2022-10,NORTH,3 ROOM,130.22,63,380000.0
2022-11,NORTH,3 ROOM,129.97,94,371000.0
2022-12,NORTH,3 ROOM,131.31,100,399000.0
2023-01,NORTH,3 ROOM,131.29,102,392500.0
2023-02,NORTH,3 ROOM,132.09,77,380000.0
2023-03,NORTH,3 ROOM,132.17,70,390000.0
2023-04,NORTH,3 ROOM,132.68,79,388000.0
2023-05,NORTH,3 ROOM,134.69,86,382500.0
2023-06,NORTH,3 ROOM,134.32,68,390000.0
2023-07,NORTH,3 ROOM,134.95,66,385000.0
2023-08,NORTH,3 ROOM,136.41,91,390000.0
2023-09,NORTH,3 ROOM,135.7,60,393500.0
2023-10,NORTH,3 ROOM,135.86,52,395000.0
2023-11,NORTH,3 ROOM,138.28,57,405000.0
2023-12,NORTH,3 ROOM,138.36,64,410000.0
2024-01,NORTH,3 ROOM,139.96,80,401500.0
2024-02,NORTH,3 ROOM,139.41,74,420000.0
2024-03,NORTH,3 ROOM,141.13,56,406500.0
2024-04,NORTH,3 ROOM,143.81,87,420000.0
2024-05,NORTH,3 ROOM,144.49,79,407000.0
2024-06,NORTH,3 ROOM,145.5,63,420000.0
2024-07,NORTH,3 ROOM,147.76,86,422500.0
2024-08,NORTH,3 ROOM,149.53,57,435000.0
2024-09,NORTH,3 ROOM,150.17,67,440000.0
2024-10,NORTH,3 ROOM,151.05,82,445000.0
2024-11,NORTH,3 ROOM,152.54,63,420000.0
2024-12,NORTH,3 ROOM,153.5,65,450000.0
2025-01,NORTH,3 ROOM,155.6,83,433088.0
2025-02,NORTH,3 ROOM,157.55,74,450000.0
2025-03,NORTH,3 ROOM,156.94,76,437000.0
2025-04,NORTH,3 ROOM,156.5,87,440000.0
2025-05,NORTH,3 ROOM,156.94,58,439000.0
2025-06,NORTH,3 ROOM,157.35,73,465000.0
2025-07,NORTH,3 ROOM,157.11,67,480000.0
2025-08,NORTH,3 ROOM,157.53,59,446000.0
2025-09,NORTH,3 ROOM,158.76,53,448000.0
2025-10,NORTH,3 ROOM,158.21,48,429000.0
2025-11,NORTH,3 ROOM,158.64,57,440000.0
2025-12,NORTH,3 ROOM,157.82,51,465000.0
2026-01,NORTH,3 ROOM,158.76,76,465000.0
2026-02,NORTH,3 ROOM,155.6,55,430000.0
2026-03,NORTH,3 ROOM,158.31,66,455000.0
2026-04,NORTH,3 ROOM,157.49,55,445000.0
2026-05,NORTH,3 ROOM,156.74,58,433500.0
2026-06,NORTH,3 ROOM,155.77,65,439888.0
2026-07,NORTH,3 ROOM,155.64,79,438000.0
2026-08,NORTH,3 ROOM,156.59,60,431500.0
2026-09,NORTH,3 ROOM,155.66,50,415000.0
2017-01,NORTH,4 ROOM,100.0,84,358000.0
2017-02,NORTH,4 ROOM,99.3,90,344000.0
2017-03,NORTH,4 ROOM,99.21,129,360000.0
2017-04,NORTH,4 ROOM,98.52,162,350000.0
2017-05,NORTH,4 ROOM,98.95,173,345000.0
2017-06,NORTH,4 ROOM,98.03,125,360000.0
2017-07,NORTH,4 ROOM,97.54,153,347000.0
2017-08,NORTH,4 ROOM,96.75,145,341000.0
2017-09,NORTH,4 ROOM,97.58,141,348000.0
2017-10,NORTH,4 ROOM,96.63,152,340000.0
2017-11,NORTH,4 ROOM,96.72,158,339000.0
2017-12,NORTH,4 ROOM,94.99,121,335000.0
2018-01,NORTH,4 ROOM,95.89,80,340000.0
2018-02,NORTH,4 ROOM,93.95,98,334000.0
2018-03,NORTH,4 ROOM,94.21,114,339000.0
2018-04,NORTH,4 ROOM,94.98,133,331500.0
2018-05,NORTH,4 ROOM,94.25,133,333000.0
2018-06,NORTH,4 ROOM,94.14,135,332500.0
2018-07,NORTH,4 ROOM,94.14,200,338444.0
2018-08,NORTH,4 ROOM,95.11,164,335000.0
2018-09,NORTH,4 ROOM,94.79,140,330000.0
2018-10,NORTH,4 ROOM,94.46,194,325000.0
2018-11,NORTH,4 ROOM,93.57,177,328000.0
2018-12,NORTH,4 ROOM,94.3,131,335000.0
2019-01,NORTH,4 ROOM,94.56,147,328000.0
2019-02,NORTH,4 ROOM,94.17,109,327000.0
2019-03,NORTH,4 ROOM,94.52,131,335000.0
2019-04,NORTH,4 ROOM,94.45,172,335000.0
2019-05,NORTH,4 ROOM,94.63,183,344000.0
2019-06,NORTH,4 ROOM,94.38,151,335000.0
2019-07,NORTH,4 ROOM,95.15,176,340000.0
2019-08,NORTH,4 ROOM,95.49,196,358944.0
2019-09,NORTH,4 ROOM,95.87,156,347500.0
2019-10,NORTH,4 ROOM,96.02,193,347000.0
2019-11,NORTH,4 ROOM,96.29,190,354000.0
2019-12,NORTH,4 ROOM,96.44,163,350000.0
2020-01,NORTH,4 ROOM,96.49,169,350000.0
2020-02,NORTH,4 ROOM,97.06,132,356000.0
2020-03,NORTH,4 ROOM,96.35,176,349444.0
2020-04,NORTH,4 ROOM,97.39,38,367500.0
2020-05,NORTH,4 ROOM,97.34,20,347500.0
2020-06,NORTH,4 ROOM,97.84,171,355000.0
2020-07,NORTH,4 ROOM,98.35,176,356000.0
2020-08,NORTH,4 ROOM,99.57,156,350000.0
2020-09,NORTH,4 ROOM,100.49,147,355000.0
2020-10,NORTH,4 ROOM,102.76,132,373000.0
2020-11,NORTH,4 ROOM,103.6,114,375000.0
2020-12,NORTH,4 ROOM,106.62,113,390000.0
2021-01,NORTH,4 ROOM,108.15,128,387250.0
2021-02,NORTH,4 ROOM,109.01,114,390000.0
2021-03,NORTH,4 ROOM,110.93,155,395000.0
2021-04,NORTH,4 ROOM,111.92,137,397800.0
2021-05,NORTH,4 ROOM,112.56,113,415000.0
2021-06,NORTH,4 ROOM,114.55,135,415000.0
2021-07,NORTH,4 ROOM,116.44,153,410888.0
2021-08,NORTH,4 ROOM,118.0,159,430000.0
2021-09,NORTH,4 ROOM,119.19,156,420000.0
2021-10,NORTH,4 ROOM,120.87,154,435000.0
2021-11,NORTH,4 ROOM,121.34,175,438000.0
2021-12,NORTH,4 ROOM,123.1,179,443000.0
2022-01,NORTH,4 ROOM,124.42,168,450000.0
2022-02,NORTH,4 ROOM,124.75,149,450000.0
2022-03,NORTH,4 ROOM,126.68,140,458000.0
2022-04,NORTH,4 ROOM,127.17,167,458000.0
2022-05,NORTH,4 ROOM,129.87,162,460000.0
2022-06,NORTH,4 ROOM,130.02,149,460000.0
2022-07,NORTH,4 ROOM,131.2,181,470000.0
2022-08,NORTH,4 ROOM,131.82,201,470000.0
2022-09,NORTH,4 ROOM,132.87,237,478000.0
2022-10,NORTH,4 ROOM,134.11,170,500000.0
2022-11,NORTH,4 ROOM,134.92,203,490000.0
2022-12,NORTH,4 ROOM,135.54,207,490000.0
2023-01,NORTH,4 ROOM,135.45,234,486500.0
2023-02,NORTH,4 ROOM,136.19,159,498000.0
2023-03,NORTH,4 ROOM,136.78,201,490000.0
2023-04,NORTH,4 ROOM,137.6,208,495000.0
2023-05,NORTH,4 ROOM,138.51,217,500000.0
2023-06,NORTH,4 ROOM,138.82,174,509000.0
2023-07,NORTH,4 ROOM,140.09,188,510000.0
2023-08,NORTH,4 ROOM,140.37,227,520000.0
2023-09,NORTH,4 ROOM,140.17,186,510500.0
2023-10,NORTH,4 ROOM,140.87,198,529000.0
2023-11,NORTH,4 ROOM,142.8,193,520000.0
2023-12,NORTH,4 ROOM,143.46,170,530000.0
2024-01,NORTH,4 ROOM,144.57,248,530000.0
2024-02,NORTH,4 ROOM,144.71,164,520000.0
2024-03,NORTH,4 ROOM,146.39,162,539000.0
2024-04,NORTH,4 ROOM,147.74,197,530000.0
2024-05,NORTH,4 ROOM,149.29,180,539000.0
2024-06,NORTH,4 ROOM,150.32,145,540000.0
2024-07,NORTH,4 ROOM,152.38,246,539444.0
2024-08,NORTH,4 ROOM,154.03,212,538000.0
2024-09,NORTH,4 ROOM,155.78,163,548000.0
2024-10,NORTH,4 ROOM,156.41,157,565000.0
2024-11,NORTH,4 ROOM,157.99,186,560000.0
2024-12,NORTH,4 ROOM,159.85,201,570000.0
2025-01,NORTH,4 ROOM,159.28,219,570000.0
2025-02,NORTH,4 ROOM,160.59,171,570000.0
2025-03,NORTH,4 ROOM,160.41,164,580000.0
2025-04,NORTH,4 ROOM,161.46,239,588000.0
2025-05,NORTH,4 ROOM,160.97,208,578000.0
2025-06,NORTH,4 ROOM,161.73,179,575000.0
2025-07,NORTH,4 ROOM,160.9,231,575000.0
2025-08,NORTH,4 ROOM,161.24,180,576500.0
2025-09,NORTH,4 ROOM,162.22,180,576500.0
2025-10,NORTH,4 ROOM,160.46,108,561250.0
2025-11,NORTH,4 ROOM,160.08,159,566000.0
2025-12,NORTH,4 ROOM,160.1,168,560000.0
2026-01,NORTH,4 ROOM,159.2,212,559444.0
2026-02,NORTH,4 ROOM,159.76,148,570000.0
2026-03,NORTH,4 ROOM,161.33,167,568000.0
2026-04,NORTH,4 ROOM,159.53,160,556444.0
2026-05,NORTH,4 ROOM,158.12,151,550000.0
2026-06,NORTH,4 ROOM,158.75,172,552500.0
2026-07,NORTH,4 ROOM,158.22,204,555000.0
2026-08,NORTH,4 ROOM,158.22,226,559000.0
2026-09,NORTH,4 ROOM,157.32,166,546500.0
2017-01,NORTH,5 ROOM,100.0,48,434000.0
2017-02,NORTH,5 ROOM,100.32,44,416500.0
2017-03,NORTH,5 ROOM,99.31,85,420000.0
2017-04,NORTH,5 ROOM,98.17,61,410000.0
2017-05,NORTH,5 ROOM,100.27,78,420000.0
2017-06,NORTH,5 ROOM,98.56,65,418000.0
2017-07,NORTH,5 ROOM,99.37,70,418500.0
2017-08,NORTH,5 ROOM,96.87,82,410000.0
2017-09,NORTH,5 ROOM,99.03,72,425900.0
2017-10,NORTH,5 ROOM,97.9,59,410000.0
2017-11,NORTH,5 ROOM,98.15,75,408000.0
2017-12,NORTH,5 ROOM,98.59,58,419000.0
2018-01,NORTH,5 ROOM,99.35,31,433000.0
2018-02,NORTH,5 ROOM,96.39,33,402000.0
2018-03,NORTH,5 ROOM,97.33,73,408000.0
2018-04,NORTH,5 ROOM,97.89,68,405500.0
2018-05,NORTH,5 ROOM,97.26,66,410000.0
2018-06,NORTH,5 ROOM,97.42,85,410000.0
2018-07,NORTH,5 ROOM,97.06,101,408000.0
2018-08,NORTH,5 ROOM,97.46,84,400000.0
2018-09,NORTH,5 ROOM,97.5,101,408000.0
2018-10,NORTH,5 ROOM,97.5,83,400000.0
2018-11,NORTH,5 ROOM,96.35,72,398500.0
2018-12,NORTH,5 ROOM,96.64,77,395000.0
2019-01,NORTH,5 ROOM,97.4,76,406500.0
2019-02,NORTH,5 ROOM,97.23,63,408000.0
2019-03,NORTH,5 ROOM,97.08,72,403944.0
2019-04,NORTH,5 ROOM,97.62,84,410000.0
2019-05,NORTH,5 ROOM,98.68,91,418000.0
2019-06,NORTH,5 ROOM,98.19,91,415000.0
2019-07,NORTH,5 ROOM,98.46,103,410000.0
2019-08,NORTH,5 ROOM,98.65,98,409500.0
2019-09,NORTH,5 ROOM,99.11,99,422000.0
2019-10,NORTH,5 ROOM,99.93,100,417500.0
2019-11,NORTH,5 ROOM,98.55,89,405000.0
2019-12,NORTH,5 ROOM,98.01,83,410000.0
2020-01,NORTH,5 ROOM,99.61,80,410000.0
2020-02,NORTH,5 ROOM,99.66,75,418888.0
2020-03,NORTH,5 ROOM,101.23,94,436500.0
2020-04,NORTH,5 ROOM,100.78,29,435000.0
2020-05,NORTH,5 ROOM,101.53,23,430000.0
2020-06,NORTH,5 ROOM,100.33,115,420000.0
2020-07,NORTH,5 ROOM,101.29,107,435000.0
2020-08,NORTH,5 ROOM,101.88,100,430000.0
2020-09,NORTH,5 ROOM,103.87,96,447500.0
2020-10,NORTH,5 ROOM,105.43,80,443000.0
2020-11,NORTH,5 ROOM,107.21,76,459444.0
2020-12,NORTH,5 ROOM,109.45,89,452000.0
2021-01,NORTH,5 ROOM,111.24,60,475000.0
2021-02,NORTH,5 ROOM,111.32,74,474000.0
2021-03,NORTH,5 ROOM,112.9,76,481000.0
2021-04,NORTH,5 ROOM,115.7,77,503000.0
2021-05,NORTH,5 ROOM,115.97,79,480000.0
2021-06,NORTH,5 ROOM,118.21,76,500000.0
2021-07,NORTH,5 ROOM,119.07,93,490000.0
2021-08,NORTH,5 ROOM,121.64,105,493000.0
2021-09,NORTH,5 ROOM,122.26,92,513500.0
2021-10,NORTH,5 ROOM,122.81,89,510000.0
2021-11,NORTH,5 ROOM,125.23,92,536500.0
2021-12,NORTH,5 ROOM,126.16,100,520000.0
2022-01,NORTH,5 ROOM,127.51,103,535000.0
2022-02,NORTH,5 ROOM,130.05,73,560000.0
2022-03,NORTH,5 ROOM,129.78,93,545000.0
2022-04,NORTH,5 ROOM,131.37,96,555000.0
2022-05,NORTH,5 ROOM,132.36,90,568500.0
2022-06,NORTH,5 ROOM,134.23,108,565000.0
2022-07,NORTH,5 ROOM,133.84,103,570000.0
2022-08,NORTH,5 ROOM,134.86,93,575000.0
2022-09,NORTH,5 ROOM,137.79,132,595500.0
2022-10,NORTH,5 ROOM,137.33,99,600000.0
2022-11,NORTH,5 ROOM,139.66,98,601500.0
2022-12,NORTH,5 ROOM,140.03,99,597888.0
2023-01,NORTH,5 ROOM,139.68,150,597500.0
2023-02,NORTH,5 ROOM,140.71,83,599888.0
2023-03,NORTH,5 ROOM,139.67,97,595000.0
2023-04,NORTH,5 ROOM,141.04,87,608000.0
2023-05,NORTH,5 ROOM,141.17,117,610000.0
2023-06,NORTH,5 ROOM,143.74,93,600000.0
2023-07,NORTH,5 ROOM,142.95,98,614000.0
2023-08,NORTH,5 ROOM,142.93,92,604000.0
2023-09,NORTH,5 ROOM,143.69,85,600000.0
2023-10,NORTH,5 ROOM,144.75,82,601444.0
2023-11,NORTH,5 ROOM,145.52,86,610000.0
2023-12,NORTH,5 ROOM,146.53,90,627500.0
2024-01,NORTH,5 ROOM,147.16,128,620000.0
2024-02,NORTH,5 ROOM,147.69,99,610000.0
2024-03,NORTH,5 ROOM,149.62,92,630000.0
2024-04,NORTH,5 ROOM,150.63,111,630000.0
2024-05,NORTH,5 ROOM,153.52,96,630000.0
2024-06,NORTH,5 ROOM,153.82,78,640000.0
2024-07,NORTH,5 ROOM,154.18,129,650000.0
2024-08,NORTH,5 ROOM,155.5,97,640000.0
2024-09,NORTH,5 ROOM,157.57,93,652888.0
2024-10,NORTH,5 ROOM,159.55,95,655000.0
2024-11,NORTH,5 ROOM,159.65,80,652000.0
2024-12,NORTH,5 ROOM,161.31,95,655000.0
2025-01,NORTH,5 ROOM,160.94,106,658000.0
2025-02,NORTH,5 ROOM,162.01,93,680000.0
2025-03,NORTH,5 ROOM,162.94,83,680000.0
2025-04,NORTH,5 ROOM,163.24,90,680000.0
2025-05,NORTH,5 ROOM,162.38,100,691000.0
2025-06,NORTH,5 ROOM,163.55,126,688500.0
2025-07,NORTH,5 ROOM,163.91,102,700000.0
2025-08,NORTH,5 ROOM,163.77,95,690000.0
2025-09,NORTH,5 ROOM,163.72,99,682000.0
2025-10,NORTH,5 ROOM,164.12,64,679000.0
2025-11,NORTH,5 ROOM,163.24,68,677500.0
2025-12,NORTH,5 ROOM,162.46,80,677944.0
2026-01,NORTH,5 ROOM,163.47,101,660000.0
2026-02,NORTH,5 ROOM,161.23,65,650000.0
2026-03,NORTH,5 ROOM,161.14,88,676500.0
2026-04,NORTH,5 ROOM,161.59,82,652500.0
2026-05,NORTH,5 ROOM,162.39,76,660000.0
2026-06,NORTH,5 ROOM,161.86,86,670000.0
2026-07,NORTH,5 ROOM,160.44,119,648000.0
2026-08,NORTH,5 ROOM,159.08,107,655000.0
2026-09,NORTH,5 ROOM,160.93,87,655888.0
2017-01,NORTH,EXECUTIVE,100.0,16,572500.0
2017-02,NORTH,EXECUTIVE,97.97,30,556500.0
2017-03,NORTH,EXECUTIVE,99.48,23,540000.0
2017-04,NORTH,EXECUTIVE,98.31,32,540000.0
2017-05,NORTH,EXECUTIVE,98.55,32,524444.0
2017-06,NORTH,EXECUTIVE,98.36,31,548000.0
2017-07,NORTH,EXECUTIVE,98.86,26,560500.0
2017-08,NORTH,EXECUTIVE,100.05,32,593444.0
2017-09,NORTH,EXECUTIVE,97.31,19,570000.0
2017-10,NORTH,EXECUTIVE,96.84,21,535000.0
2017-11,NORTH,EXECUTIVE,97.2,27,548888.0
2017-12,NORTH,EXECUTIVE,96.93,23,560000.0
2018-01,NORTH,EXECUTIVE,96.48,23,542000.0
2018-02,NORTH,EXECUTIVE,98.45,25,550000.0
2018-03,NORTH,EXECUTIVE,97.15,28,545000.0
2018-04,NORTH,EXECUTIVE,95.57,28,536500.0
2018-05,NORTH,EXECUTIVE,97.04,27,535000.0
2018-06,NORTH,EXECUTIVE,96.8,25,545000.0
2018-07,NORTH,EXECUTIVE,97.59,42,518000.0
2018-08,NORTH,EXECUTIVE,102.2,28,579000.0
2018-09,NORTH,EXECUTIVE,96.8,25,520000.0
2018-10,NORTH,EXECUTIVE,95.39,33,515000.0
2018-11,NORTH,EXECUTIVE,98.67,29,575000.0
2018-12,NORTH,EXECUTIVE,99.03,19,535000.0
2019-01,NORTH,EXECUTIVE,99.62,26,567500.0
2019-02,NORTH,EXECUTIVE,99.79,19,555000.0
2019-03,NORTH,EXECUTIVE,96.87,24,546000.0
2019-04,NORTH,EXECUTIVE,96.43,26,528000.0
2019-05,NORTH,EXECUTIVE,96.72,37,550000.0
2019-06,NORTH,EXECUTIVE,99.28,28,532500.0
2019-07,NORTH,EXECUTIVE,99.31,32,565500.0
2019-08,NORTH,EXECUTIVE,97.92,39,540000.0
2019-09,NORTH,EXECUTIVE,98.6,33,543888.0
2019-10,NORTH,EXECUTIVE,97.77,37,530000.0
2019-11,NORTH,EXECUTIVE,96.9,31,545000.0
2019-12,NORTH,EXECUTIVE,100.34,39,535000.0
2020-01,NORTH,EXECUTIVE,99.91,20,550000.0
2020-02,NORTH,EXECUTIVE,99.91,22,557500.0
2020-03,NORTH,EXECUTIVE,100.39,31,590000.0
2020-04,NORTH,EXECUTIVE,96.42,10,544000.0
2020-05,NORTH,EXECUTIVE,98.58,10,541500.0
2020-06,NORTH,EXECUTIVE,99.23,36,569000.0
2020-07,NORTH,EXECUTIVE,100.02,48,540000.0
2020-08,NORTH,EXECUTIVE,101.58,45,550000.0
2020-09,NORTH,EXECUTIVE,101.93,27,563000.0
2020-10,NORTH,EXECUTIVE,106.19,40,588000.0
2020-11,NORTH,EXECUTIVE,106.56,31,580000.0
2020-12,NORTH,EXECUTIVE,105.89,39,590000.0
2021-01,NORTH,EXECUTIVE,108.4,34,602500.0
2021-02,NORTH,EXECUTIVE,109.58,18,600000.0
2021-03,NORTH,EXECUTIVE,111.48,33,605000.0
2021-04,NORTH,EXECUTIVE,112.92,28,639400.0
2021-05,NORTH,EXECUTIVE,114.74,31,628000.0
2021-06,NORTH,EXECUTIVE,113.49,33,635000.0
2021-07,NORTH,EXECUTIVE,115.09,42,626000.0
2021-08,NORTH,EXECUTIVE,118.55,42,650000.0
2021-09,NORTH,EXECUTIVE,121.82,40,671500.0
2021-10,NORTH,EXECUTIVE,121.46,38,699000.0
2021-11,NORTH,EXECUTIVE,121.56,46,680000.0
2021-12,NORTH,EXECUTIVE,123.26,31,683000.0
2022-01,NORTH,EXECUTIVE,127.59,25,730000.0
2022-02,NORTH,EXECUTIVE,126.42,23,765000.0
2022-03,NORTH,EXECUTIVE,127.11,40,697500.0
2022-04,NORTH,EXECUTIVE,129.73,35,728888.0
2022-05,NORTH,EXECUTIVE,131.25,24,740000.0
2022-06,NORTH,EXECUTIVE,132.38,31,755000.0
2022-07,NORTH,EXECUTIVE,131.62,31,715000.0
2022-08,NORTH,EXECUTIVE,134.18,31,768888.0
2022-09,NORTH,EXECUTIVE,137.52,36,766500.0
2022-10,NORTH,EXECUTIVE,137.45,18,739999.0
2022-11,NORTH,EXECUTIVE,137.33,36,761900.0
2022-12,NORTH,EXECUTIVE,138.15,27,760000.0
2023-01,NORTH,EXECUTIVE,136.24,26,731000.0
2023-02,NORTH,EXECUTIVE,138.45,25,795000.0
2023-03,NORTH,EXECUTIVE,140.29,23,770000.0
2023-04,NORTH,EXECUTIVE,140.22,29,782000.0
2023-05,NORTH,EXECUTIVE,142.55,25,829000.0
2023-06,NORTH,EXECUTIVE,143.03,16,845000.0
2023-07,NORTH,EXECUTIVE,140.93,19,810000.0
2023-08,NORTH,EXECUTIVE,141.94,38,780000.0
2023-09,NORTH,EXECUTIVE,143.32,23,745000.0
2023-10,NORTH,EXECUTIVE,144.97,21,810000.0
2023-11,NORTH,EXECUTIVE,145.5,26,794500.0
2023-12,NORTH,EXECUTIVE,143.45,30,759500.0
2024-01,NORTH,EXECUTIVE,145.2,30,801500.0
2024-02,NORTH,EXECUTIVE,147.33,35,800000.0
2024-03,NORTH,EXECUTIVE,146.97,18,825000.0
2024-04,NORTH,EXECUTIVE,147.89,34,843444.0
2024-05,NORTH,EXECUTIVE,148.55,34,800444.0
2024-06,NORTH,EXECUTIVE,150.59,32,820000.0
2024-07,NORTH,EXECUTIVE,149.54,37,860000.0
2024-08,NORTH,EXECUTIVE,154.05,40,856944.0
2024-09,NORTH,EXECUTIVE,154.81,32,832500.0
2024-10,NORTH,EXECUTIVE,154.57,30,863500.0
2024-11,NORTH,EXECUTIVE,156.45,28,821500.0
2024-12,NORTH,EXECUTIVE,156.54,25,880000.0
2025-01,NORTH,EXECUTIVE,159.67,31,850000.0
2025-02,NORTH,EXECUTIVE,160.57,26,855000.0
2025-03,NORTH,EXECUTIVE,157.9,17,805000.0
2025-04,NORTH,EXECUTIVE,163.17,36,874000.0
2025-05,NORTH,EXECUTIVE,164.54,17,888888.0
2025-06,NORTH,EXECUTIVE,161.48,28,879000.0
2025-07,NORTH,EXECUTIVE,163.58,36,894000.0
2025-08,NORTH,EXECUTIVE,159.08,23,850000.0
2025-09,NORTH,EXECUTIVE,162.4,31,910000.0
2025-10,NORTH,EXECUTIVE,164.26,14,862500.0
2025-11,NORTH,EXECUTIVE,160.38,17,835000.0
2025-12,NORTH,EXECUTIVE,162.13,23,880000.0
2026-01,NORTH,EXECUTIVE,159.9,31,860000.0
2026-02,NORTH,EXECUTIVE,161.44,23,933888.0
2026-03,NORTH,EXECUTIVE,161.16,27,880000.0
2026-04,NORTH,EXECUTIVE,161.06,30,884000.0
2026-05,NORTH,EXECUTIVE,164.74,25,895000.0
2026-06,NORTH,EXECUTIVE,160.34,24,879000.0
2026-07,NORTH,EXECUTIVE,159.78,30,880000.0
2026-08,NORTH,EXECUTIVE,164.47,34,890444.0
2026-09,NORTH,EXECUTIVE,159.89,30,865000.0
2017-01,NORTH-EAST,2 ROOM,100.0,3,252000.0
2017-02,NORTH-EAST,2 ROOM,107.42,4,241500.0
2017-03,NORTH-EAST,2 ROOM,102.44,7,272500.0
2017-04,NORTH-EAST,2 ROOM,101.16,9,250000.0
2017-05,NORTH-EAST,2 ROOM,103.43,10,257500.0
2017-06,NORTH-EAST,2 ROOM,100.76,9,253000.0
2017-07,NORTH-EAST,2 ROOM,103.1,4,241000.0
2017-08,NORTH-EAST,2 ROOM,104.07,7,257000.0
2017-09,NORTH-EAST,2 ROOM,99.99,5,242000.0
2017-10,NORTH-EAST,2 ROOM,100.75,2,270000.0
2017-11,NORTH-EAST,2 ROOM,98.78,4,256000.0
2017-12,NORTH-EAST,2 ROOM,100.58,7,250000.0
2018-01,NORTH-EAST,2 ROOM,100.13,5,250000.0
2018-02,NORTH-EAST,2 ROOM,97.66,6,256644.0
2018-03,NORTH-EAST,2 ROOM,98.81,7,260000.0
2018-04,NORTH-EAST,2 ROOM,97.47,6,238000.0
2018-05,NORTH-EAST,2 ROOM,96.45,7,250000.0
2018-06,NORTH-EAST,2 ROOM,100.1,12,260000.0
2018-07,NORTH-EAST,2 ROOM,96.42,7,235000.0
2018-08,NORTH-EAST,2 ROOM,93.55,12,237500.0
2018-09,NORTH-EAST,2 ROOM,95.02,6,252500.0
2018-10,NORTH-EAST,2 ROOM,95.24,11,235000.0
2018-11,NORTH-EAST,2 ROOM,94.64,8,247500.0
2018-12,NORTH-EAST,2 ROOM,92.71,5,220000.0
2019-01,NORTH-EAST,2 ROOM,95.25,4,240500.0
2019-02,NORTH-EAST,2 ROOM,96.51,6,240000.0
2019-03,NORTH-EAST,2 ROOM,91.82,7,230000.0
2019-04,NORTH-EAST,2 ROOM,88.18,3,238000.0
2019-05,NORTH-EAST,2 ROOM,93.47,9,243000.0
2019-06,NORTH-EAST,2 ROOM,90.37,5,230000.0
2019-07,NORTH-EAST,2 ROOM,93.96,14,247500.0
2019-08,NORTH-EAST,2 ROOM,91.41,11,235000.0
2019-09,NORTH-EAST,2 ROOM,91.02,12,230000.0
2019-10,NORTH-EAST,2 ROOM,93.71,11,238000.0
2019-11,NORTH-EAST,2 ROOM,93.7,10,241500.0
2019-12,NORTH-EAST,2 ROOM,94.67,10,235000.0
2020-01,NORTH-EAST,2 ROOM,92.36,7,236000.0
2020-02,NORTH-EAST,2 ROOM,94.53,10,240250.0
2020-03,NORTH-EAST,2 ROOM,95.47,13,240000.0
2020-04,NORTH-EAST,2 ROOM,98.59,1,258000.0
2020-05,NORTH-EAST,2 ROOM,99.11,6,236500.0
2020-06,NORTH-EAST,2 ROOM,94.92,21,240000.0
2020-07,NORTH-EAST,2 ROOM,95.05,22,234000.0
2020-08,NORTH-EAST,2 ROOM,96.38,9,245000.0
2020-09,NORTH-EAST,2 ROOM,98.97,10,245750.0
2020-10,NORTH-EAST,2 ROOM,99.52,13,252000.0
2020-11,NORTH-EAST,2 ROOM,95.88,7,245000.0
2020-12,NORTH-EAST,2 ROOM,103.04,12,260000.0
2021-01,NORTH-EAST,2 ROOM,100.89,12,251500.0
2021-02,NORTH-EAST,2 ROOM,105.59,13,268000.0
2021-03,NORTH-EAST,2 ROOM,105.45,9,275000.0
2021-04,NORTH-EAST,2 ROOM,105.58,10,260000.0
2021-05,NORTH-EAST,2 ROOM,108.93,6,269000.0
2021-06,NORTH-EAST,2 ROOM,110.47,6,279000.0
2021-07,NORTH-EAST,2 ROOM,104.18,9,256000.0
2021-08,NORTH-EAST,2 ROOM,110.77,6,272500.0
2021-09,NORTH-EAST,2 ROOM,110.74,12,281500.0
2021-10,NORTH-EAST,2 ROOM,113.63,13,283000.0
2021-11,NORTH-EAST,2 ROOM,114.86,12,290000.0
2021-12,NORTH-EAST,2 ROOM,115.69,10,295000.0
2022-01,NORTH-EAST,2 ROOM,115.14,9,300000.0
2022-02,NORTH-EAST,2 ROOM,113.72,9,260000.0
2022-03,NORTH-EAST,2 ROOM,116.95,11,297000.0
2022-04,NORTH-EAST,2 ROOM,120.12,6,291000.0
2022-05,NORTH-EAST,2 ROOM,123.05,12,305000.0
2022-06,NORTH-EAST,2 ROOM,121.25,9,310000.0
2022-07,NORTH-EAST,2 ROOM,121.54,9,310000.0
2022-08,NORTH-EAST,2 ROOM,122.43,13,308000.0
2022-09,NORTH-EAST,2 ROOM,129.16,14,314400.0
2022-10,NORTH-EAST,2 ROOM,128.48,9,310000.0
2022-11,NORTH-EAST,2 ROOM,129.8,10,335000.0
2022-12,NORTH-EAST,2 ROOM,130.76,12,310000.0
2023-01,NORTH-EAST,2 ROOM,130.12,25,330000.0
2023-02,NORTH-EAST,2 ROOM,129.81,16,325000.0
2023-03,NORTH-EAST,2 ROOM,131.95,16,336888.0
2023-04,NORTH-EAST,2 ROOM,135.93,16,339000.0
2023-05,NORTH-EAST,2 ROOM,132.48,12,324000.0
2023-06,NORTH-EAST,2 ROOM,133.51,12,340000.0
2023-07,NORTH-EAST,2 ROOM,140.99,6,343500.0
2023-08,NORTH-EAST,2 ROOM,136.22,20,339000.0
2023-09,NORTH-EAST,2 ROOM,135.33,19,345000.0
2023-10,NORTH-EAST,2 ROOM,133.64,19,335000.0
2023-11,NORTH-EAST,2 ROOM,136.96,22,340000.0
2023-12,NORTH-EAST,2 ROOM,136.29,18,343500.0
2024-01,NORTH-EAST,2 ROOM,136.82,23,338000.0
2024-02,NORTH-EAST,2 ROOM,140.87,15,353000.0
2024-03,NORTH-EAST,2 ROOM,137.52,21,345000.0
2024-04,NORTH-EAST,2 ROOM,141.12,20,350000.0
2024-05,NORTH-EAST,2 ROOM,140.61,14,342500.0
2024-06,NORTH-EAST,2 ROOM,140.45,24,341000.0
2024-07,NORTH-EAST,2 ROOM,141.17,20,346000.0
2024-08,NORTH-EAST,2 ROOM,144.6,24,359444.0
2024-09,NORTH-EAST,2 ROOM,147.07,21,358000.0
2024-10,NORTH-EAST,2 ROOM,145.3,9,375000.0
2024-11,NORTH-EAST,2 ROOM,147.37,20,371250.0
2024-12,NORTH-EAST,2 ROOM,148.69,17,375000.0
2025-01,NORTH-EAST,2 ROOM,149.3,17,363500.0
2025-02,NORTH-EAST,2 ROOM,146.48,24,362500.0
2025-03,NORTH-EAST,2 ROOM,150.19,21,378000.0
2025-04,NORTH-EAST,2 ROOM,150.33,32,370000.0
2025-05,NORTH-EAST,2 ROOM,150.87,14,375000.0
2025-06,NORTH-EAST,2 ROOM,148.94,23,383000.0
2025-07,NORTH-EAST,2 ROOM,152.61,27,382000.0
2025-08,NORTH-EAST,2 ROOM,155.58,24,380000.0
2025-09,NORTH-EAST,2 ROOM,155.36,22,385000.0
2025-10,NORTH-EAST,2 ROOM,158.69,12,388000.0
2025-11,NORTH-EAST,2 ROOM,155.36,14,381500.0
2025-12,NORTH-EAST,2 ROOM,154.78,19,402000.0
2026-01,NORTH-EAST,2 ROOM,157.78,24,385000.0
2026-02,NORTH-EAST,2 ROOM,158.84,19,400000.0
2026-03,NORTH-EAST,2 ROOM,157.68,19,386000.0
2026-04,NORTH-EAST,2 ROOM,153.43,20,385000.0
2026-05,NORTH-EAST,2 ROOM,155.1,21,391000.0
2026-06,NORTH-EAST,2 ROOM,155.96,29,390000.0
2026-07,NORTH-EAST,2 ROOM,154.64,32,380000.0
2026-08,NORTH-EAST,2 ROOM,156.03,21,375000.0
2026-09,NORTH-EAST,2 ROOM,157.33,26,395000.0
2017-01,NORTH-EAST,3 ROOM,100.0,59,305000.0
2017-02,NORTH-EAST,3 ROOM,99.46,50,314000.0
2017-03,NORTH-EAST,3 ROOM,99.25,92,317500.0
2017-04,NORTH-EAST,3 ROOM,98.64,80,310000.0
2017-05,NORTH-EAST,3 ROOM,98.36,91,310000.0
2017-06,NORTH-EAST,3 ROOM,99.05,79,320000.0
2017-07,NORTH-EAST,3 ROOM,98.36,79,310000.0
2017-08,NORTH-EAST,3 ROOM,98.6,83,310000.0
2017-09,NORTH-EAST,3 ROOM,96.04,70,300000.0
2017-10,NORTH-EAST,3 ROOM,98.04,95,310000.0
2017-11,NORTH-EAST,3 ROOM,98.1,101,308000.0
2017-12,NORTH-EAST,3 ROOM,95.74,62,300000.0
2018-01,NORTH-EAST,3 ROOM,95.58,58,310000.0
2018-02,NORTH-EAST,3 ROOM,95.0,44,285000.0
2018-03,NORTH-EAST,3 ROOM,94.53,99,300000.0
2018-04,NORTH-EAST,3 ROOM,95.14,87,305000.0
2018-05,NORTH-EAST,3 ROOM,92.43,78,290000.0
2018-06,NORTH-EAST,3 ROOM,94.82,116,303500.0
2018-07,NORTH-EAST,3 ROOM,94.13,138,300000.0
2018-08,NORTH-EAST,3 ROOM,93.02,95,302000.0
2018-09,NORTH-EAST,3 ROOM,93.24,93,290000.0
2018-10,NORTH-EAST,3 ROOM,93.43,96,297000.0
2018-11,NORTH-EAST,3 ROOM,94.59,91,295000.0
2018-12,NORTH-EAST,3 ROOM,93.31,69,297000.0
2019-01,NORTH-EAST,3 ROOM,91.73,85,290000.0
2019-02,NORTH-EAST,3 ROOM,92.62,65,291000.0
2019-03,NORTH-EAST,3 ROOM,93.12,96,282500.0
2019-04,NORTH-EAST,3 ROOM,92.74,94,280000.0
2019-05,NORTH-EAST,3 ROOM,91.69,88,278000.0
2019-06,NORTH-EAST,3 ROOM,91.74,96,295000.0
2019-07,NORTH-EAST,3 ROOM,92.73,107,300000.0
2019-08,NORTH-EAST,3 ROOM,93.83,87,300000.0
2019-09,NORTH-EAST,3 ROOM,92.3,93,298000.0
2019-10,NORTH-EAST,3 ROOM,92.58,108,291000.0
2019-11,NORTH-EAST,3 ROOM,92.74,82,309000.0
2019-12,NORTH-EAST,3 ROOM,92.48,97,298000.0
2020-01,NORTH-EAST,3 ROOM,93.37,106,303944.0
2020-02,NORTH-EAST,3 ROOM,94.3,80,306000.0
2020-03,NORTH-EAST,3 ROOM,93.73,90,292500.0
2020-04,NORTH-EAST,3 ROOM,95.09,21,300000.0
2020-05,NORTH-EAST,3 ROOM,92.38,21,295000.0
2020-06,NORTH-EAST,3 ROOM,93.61,145,298000.0
2020-07,NORTH-EAST,3 ROOM,94.48,146,295500.0
2020-08,NORTH-EAST,3 ROOM,96.33,136,324000.0
2020-09,NORTH-EAST,3 ROOM,97.29,127,320000.0
2020-10,NORTH-EAST,3 ROOM,97.77,120,325000.0
2020-11,NORTH-EAST,3 ROOM,99.82,126,325000.0
2020-12,NORTH-EAST,3 ROOM,100.47,111,335000.0
2021-01,NORTH-EAST,3 ROOM,102.48,114,332500.0
2021-02,NORTH-EAST,3 ROOM,102.26,96,326500.0
2021-03,NORTH-EAST,3 ROOM,104.08,135,335000.0
2021-04,NORTH-EAST,3 ROOM,104.58,96,338440.0
2021-05,NORTH-EAST,3 ROOM,107.09,82,352000.0
2021-06,NORTH-EAST,3 ROOM,108.4,104,344000.0
2021-07,NORTH-EAST,3 ROOM,109.4,130,350000.0
2021-08,NORTH-EAST,3 ROOM,109.79,145,355000.0
2021-09,NORTH-EAST,3 ROOM,109.85,107,350000.0
2021-10,NORTH-EAST,3 ROOM,111.68,120,357444.0
2021-11,NORTH-EAST,3 ROOM,113.15,118,365000.0
2021-12,NORTH-EAST,3 ROOM,113.54,106,367500.0
2022-01,NORTH-EAST,3 ROOM,115.21,130,370444.0
2022-02,NORTH-EAST,3 ROOM,115.9,106,364000.0
2022-03,NORTH-EAST,3 ROOM,117.85,110,386000.0
2022-04,NORTH-EAST,3 ROOM,119.48,99,380000.0
2022-05,NORTH-EAST,3 ROOM,119.09,105,385000.0
2022-06,NORTH-EAST,3 ROOM,122.37,91,403000.0
2022-07,NORTH-EAST,3 ROOM,122.81,119,390000.0
2022-08,NORTH-EAST,3 ROOM,121.9,131,378000.0
2022-09,NORTH-EAST,3 ROOM,124.8,128,384000.0
2022-10,NORTH-EAST,3 ROOM,123.33,81,395000.0
2022-11,NORTH-EAST,3 ROOM,126.98,99,410000.0
2022-12,NORTH-EAST,3 ROOM,126.01,108,400000.0
2023-01,NORTH-EAST,3 ROOM,127.7,152,401400.0
2023-02,NORTH-EAST,3 ROOM,128.25,98,405000.0
2023-03,NORTH-EAST,3 ROOM,127.94,127,409999.0
2023-04,NORTH-EAST,3 ROOM,128.93,93,420000.0
2023-05,NORTH-EAST,3 ROOM,128.37,117,403000.0
2023-06,NORTH-EAST,3 ROOM,130.89,73,418000.0
2023-07,NORTH-EAST,3 ROOM,131.14,109,430000.0
2023-08,NORTH-EAST,3 ROOM,131.28,147,413888.0
2023-09,NORTH-EAST,3 ROOM,132.62,91,425000.0
2023-10,NORTH-EAST,3 ROOM,130.83,139,418000.0
2023-11,NORTH-EAST,3 ROOM,131.19,123,410000.0
2023-12,NORTH-EAST,3 ROOM,132.78,117,415000.0
2024-01,NORTH-EAST,3 ROOM,134.74,148,425000.0
2024-02,NORTH-EAST,3 ROOM,135.38,107,430000.0
2024-03,NORTH-EAST,3 ROOM,136.85,101,425000.0
2024-04,NORTH-EAST,3 ROOM,136.64,114,450000.0
2024-05,NORTH-EAST,3 ROOM,138.75,132,436344.0
2024-06,NORTH-EAST,3 ROOM,139.88,97,439000.0
2024-07,NORTH-EAST,3 ROOM,141.45,152,455000.0
2024-08,NORTH-EAST,3 ROOM,143.57,128,449444.0
2024-09,NORTH-EAST,3 ROOM,145.82,112,452444.0
2024-10,NORTH-EAST,3 ROOM,147.47,115,460000.0
2024-11,NORTH-EAST,3 ROOM,147.38,88,460444.0
2024-12,NORTH-EAST,3 ROOM,147.53,111,462000.0
2025-01,NORTH-EAST,3 ROOM,149.51,140,462000.0
2025-02,NORTH-EAST,3 ROOM,151.06,118,468000.0
2025-03,NORTH-EAST,3 ROOM,151.53,99,460000.0
2025-04,NORTH-EAST,3 ROOM,152.49,120,461444.0
2025-05,NORTH-EAST,3 ROOM,151.19,108,469000.0
2025-06,NORTH-EAST,3 ROOM,152.91,115,468000.0
2025-07,NORTH-EAST,3 ROOM,152.2,138,480000.0
2025-08,NORTH-EAST,3 ROOM,154.15,121,468000.0
2025-09,NORTH-EAST,3 ROOM,153.19,105,468000.0
2025-10,NORTH-EAST,3 ROOM,154.56,71,470800.0
2025-11,NORTH-EAST,3 ROOM,154.19,88,472444.0
2025-12,NORTH-EAST,3 ROOM,154.33,88,479000.0
2026-01,NORTH-EAST,3 ROOM,154.57,98,482500.0
2026-02,NORTH-EAST,3 ROOM,153.4,68,485000.0
2026-03,NORTH-EAST,3 ROOM,152.75,88,479000.0
2026-04,NORTH-EAST,3 ROOM,151.1,95,475000.0
2026-05,NORTH-EAST,3 ROOM,152.45,92,456500.0
2026-06,NORTH-EAST,3 ROOM,152.03,110,459000.0
2026-07,NORTH-EAST,3 ROOM,153.05,103,488888.0
2026-08,NORTH-EAST,3 ROOM,151.42,95,470000.0
2026-09,NORTH-EAST,3 ROOM,151.0,88,457500.0
2017-01,NORTH-EAST,4 ROOM,100.0,128,423400.0
2017-02,NORTH-EAST,4 ROOM,98.56,126,422944.0
2017-03,NORTH-EAST,4 ROOM,98.5,251,430000.0
2017-04,NORTH-EAST,4 ROOM,99.22,216,422500.0
2017-05,NORTH-EAST,4 ROOM,99.12,221,420000.0
2017-06,NORTH-EAST,4 ROOM,98.75,203,423000.0
2017-07,NORTH-EAST,4 ROOM,98.81,230,415000.0
2017-08,NORTH-EAST,4 ROOM,98.7,220,430000.0
2017-09,NORTH-EAST,4 ROOM,98.08,217,422000.0
2017-10,NORTH-EAST,4 ROOM,99.07,183,423000.0
2017-11,NORTH-EAST,4 ROOM,98.18,222,420444.0
2017-12,NORTH-EAST,4 ROOM,98.21,191,422000.0
2018-01,NORTH-EAST,4 ROOM,98.26,114,425000.0
2018-02,NORTH-EAST,4 ROOM,98.13,147,415000.0
2018-03,NORTH-EAST,4 ROOM,98.62,235,420000.0
2018-04,NORTH-EAST,4 ROOM,98.77,205,418000.0
2018-05,NORTH-EAST,4 ROOM,98.99,217,420000.0
2018-06,NORTH-EAST,4 ROOM,98.19,224,415000.0
2018-07,NORTH-EAST,4 ROOM,99.03,283,420000.0
2018-08,NORTH-EAST,4 ROOM,98.61,260,421000.0
2018-09,NORTH-EAST,4 ROOM,100.48,226,422000.0
2018-10,NORTH-EAST,4 ROOM,100.12,215,430000.0
2018-11,NORTH-EAST,4 ROOM,100.21,226,415000.0
2018-12,NORTH-EAST,4 ROOM,100.14,168,420000.0
2019-01,NORTH-EAST,4 ROOM,99.06,168,415000.0
2019-02,NORTH-EAST,4 ROOM,100.03,129,415888.0
2019-03,NORTH-EAST,4 ROOM,100.81,186,422500.0
2019-04,NORTH-EAST,4 ROOM,100.93,235,420000.0
2019-05,NORTH-EAST,4 ROOM,100.45,254,420000.0
2019-06,NORTH-EAST,4 ROOM,100.71,211,423000.0
2019-07,NORTH-EAST,4 ROOM,100.65,225,425000.0
2019-08,NORTH-EAST,4 ROOM,101.02,214,430000.0
2019-09,NORTH-EAST,4 ROOM,101.02,199,425000.0
2019-10,NORTH-EAST,4 ROOM,100.79,243,435000.0
2019-11,NORTH-EAST,4 ROOM,100.6,213,428000.0
2019-12,NORTH-EAST,4 ROOM,100.63,219,421000.0
2020-01,NORTH-EAST,4 ROOM,100.68,224,425000.0
2020-02,NORTH-EAST,4 ROOM,101.3,219,420000.0
2020-03,NORTH-EAST,4 ROOM,101.95,230,448000.0
2020-04,NORTH-EAST,4 ROOM,101.0,58,438888.0
2020-05,NORTH-EAST,4 ROOM,103.46,48,447500.0
2020-06,NORTH-EAST,4 ROOM,101.7,273,430000.0
2020-07,NORTH-EAST,4 ROOM,102.56,300,435000.0
2020-08,NORTH-EAST,4 ROOM,103.41,335,439000.0
2020-09,NORTH-EAST,4 ROOM,103.51,351,438000.0
2020-10,NORTH-EAST,4 ROOM,104.95,321,445000.0
2020-11,NORTH-EAST,4 ROOM,104.85,316,440000.0
2020-12,NORTH-EAST,4 ROOM,106.03,341,445000.0
2021-01,NORTH-EAST,4 ROOM,106.9,361,458000.0
2021-02,NORTH-EAST,4 ROOM,107.63,299,450000.0
2021-03,NORTH-EAST,4 ROOM,108.79,314,460000.0
2021-04,NORTH-EAST,4 ROOM,109.45,352,460000.0
2021-05,NORTH-EAST,4 ROOM,110.93,281,472888.0
2021-06,NORTH-EAST,4 ROOM,111.59,329,475000.0
2021-07,NORTH-EAST,4 ROOM,112.26,375,475000.0
2021-08,NORTH-EAST,4 ROOM,113.45,377,483000.0
2021-09,NORTH-EAST,4 ROOM,114.37,335,488000.0
2021-10,NORTH-EAST,4 ROOM,116.79,293,495000.0
2021-11,NORTH-EAST,4 ROOM,117.7,329,496000.0
2021-12,NORTH-EAST,4 ROOM,119.46,341,503800.0
2022-01,NORTH-EAST,4 ROOM,119.61,315,510000.0
2022-02,NORTH-EAST,4 ROOM,121.19,237,510000.0
2022-03,NORTH-EAST,4 ROOM,122.18,298,509444.0
2022-04,NORTH-EAST,4 ROOM,124.52,298,520000.0
2022-05,NORTH-EAST,4 ROOM,124.82,278,525000.0
2022-06,NORTH-EAST,4 ROOM,126.46,262,531444.0
2022-07,NORTH-EAST,4 ROOM,127.61,323,538000.0
2022-08,NORTH-EAST,4 ROOM,128.17,252,528000.0
2022-09,NORTH-EAST,4 ROOM,130.95,288,550000.0
2022-10,NORTH-EAST,4 ROOM,132.48,231,550000.0
2022-11,NORTH-EAST,4 ROOM,132.84,257,548888.0
2022-12,NORTH-EAST,4 ROOM,134.03,284,560000.0
2023-01,NORTH-EAST,4 ROOM,134.1,287,560000.0
2023-02,NORTH-EAST,4 ROOM,135.44,218,555000.0
2023-03,NORTH-EAST,4 ROOM,134.65,269,565000.0
2023-04,NORTH-EAST,4 ROOM,135.9,284,565000.0
2023-05,NORTH-EAST,4 ROOM,136.09,307,570000.0
2023-06,NORTH-EAST,4 ROOM,136.77,264,560000.0
2023-07,NORTH-EAST,4 ROOM,138.83,275,555888.0
2023-08,NORTH-EAST,4 ROOM,139.56,309,580000.0
2023-09,NORTH-EAST,4 ROOM,139.09,235,575000.0
2023-10,NORTH-EAST,4 ROOM,140.4,323,585000.0
2023-11,NORTH-EAST,4 ROOM,141.32,267,582888.0
2023-12,NORTH-EAST,4 ROOM,142.12,256,586944.0
2024-01,NORTH-EAST,4 ROOM,143.3,301,598000.0
2024-02,NORTH-EAST,4 ROOM,144.28,264,600444.0
2024-03,NORTH-EAST,4 ROOM,144.7,229,600000.0
2024-04,NORTH-EAST,4 ROOM,146.26,273,595000.0
2024-05,NORTH-EAST,4 ROOM,147.38,278,608000.0
2024-06,NORTH-EAST,4 ROOM,148.25,257,616888.0
2024-07,NORTH-EAST,4 ROOM,150.41,362,625000.0
2024-08,NORTH-EAST,4 ROOM,152.56,307,625000.0
2024-09,NORTH-EAST,4 ROOM,154.6,248,640000.0
2024-10,NORTH-EAST,4 ROOM,156.0,247,648000.0
2024-11,NORTH-EAST,4 ROOM,157.01,226,630000.0
2024-12,NORTH-EAST,4 ROOM,157.7,229,650888.0
2025-01,NORTH-EAST,4 ROOM,159.4,253,650000.0
2025-02,NORTH-EAST,4 ROOM,158.77,220,655000.0
2025-03,NORTH-EAST,4 ROOM,161.12,199,653000.0
2025-04,NORTH-EAST,4 ROOM,160.76,236,665000.0
2025-05,NORTH-EAST,4 ROOM,161.07,243,660000.0
2025-06,NORTH-EAST,4 ROOM,161.17,244,650000.0
2025-07,NORTH-EAST,4 ROOM,161.62,313,652000.0
2025-08,NORTH-EAST,4 ROOM,162.56,263,658000.0
2025-09,NORTH-EAST,4 ROOM,161.77,258,659000.0
2025-10,NORTH-EAST,4 ROOM,161.68,145,648888.0
2025-11,NORTH-EAST,4 ROOM,162.41,177,650000.0
2025-12,NORTH-EAST,4 ROOM,160.85,229,650000.0
2026-01,NORTH-EAST,4 ROOM,161.53,268,662388.0
2026-02,NORTH-EAST,4 ROOM,161.61,187,645000.0
2026-03,NORTH-EAST,4 ROOM,161.39,229,645000.0
2026-04,NORTH-EAST,4 ROOM,161.06,189,650000.0
2026-05,NORTH-EAST,4 ROOM,161.24,232,663500.0
2026-06,NORTH-EAST,4 ROOM,160.92,252,645000.0
2026-07,NORTH-EAST,4 ROOM,161.3,294,650000.0
2026-08,NORTH-EAST,4 ROOM,162.21,298,644888.0
2026-09,NORTH-EAST,4 ROOM,160.2,229,655000.0
2017-01,NORTH-EAST,5 ROOM,100.0,73,465000.0
2017-02,NORTH-EAST,5 ROOM,99.61,71,463000.0
2017-03,NORTH-EAST,5 ROOM,100.7,121,460000.0
2017-04,NORTH-EAST,5 ROOM,100.78,126,479000.0
2017-05,NORTH-EAST,5 ROOM,100.37,134,468000.0
2017-06,NORTH-EAST,5 ROOM,100.3,133,443888.0
2017-07,NORTH-EAST,5 ROOM,101.43,120,455000.0
2017-08,NORTH-EAST,5 ROOM,100.4,160,455000.0
2017-09,NORTH-EAST,5 ROOM,99.72,124,453500.0
2017-10,NORTH-EAST,5 ROOM,100.14,114,455000.0
2017-11,NORTH-EAST,5 ROOM,100.38,108,454000.0
2017-12,NORTH-EAST,5 ROOM,99.48,120,458444.0
2018-01,NORTH-EAST,5 ROOM,99.11,94,463944.0
2018-02,NORTH-EAST,5 ROOM,100.56,88,454000.0
2018-03,NORTH-EAST,5 ROOM,100.93,143,450000.0
2018-04,NORTH-EAST,5 ROOM,102.57,122,465000.0
2018-05,NORTH-EAST,5 ROOM,101.02,133,438000.0
2018-06,NORTH-EAST,5 ROOM,101.89,119,460000.0
2018-07,NORTH-EAST,5 ROOM,102.54,216,458000.0
2018-08,NORTH-EAST,5 ROOM,103.23,138,475500.0
2018-09,NORTH-EAST,5 ROOM,101.13,134,450000.0
2018-10,NORTH-EAST,5 ROOM,103.72,140,464000.0
2018-11,NORTH-EAST,5 ROOM,103.17,124,448444.0
2018-12,NORTH-EAST,5 ROOM,105.14,102,482444.0
2019-01,NORTH-EAST,5 ROOM,105.85,99,500000.0
2019-02,NORTH-EAST,5 ROOM,105.69,65,480000.0
2019-03,NORTH-EAST,5 ROOM,106.04,93,490000.0
2019-04,NORTH-EAST,5 ROOM,104.57,103,495000.0
2019-05,NORTH-EAST,5 ROOM,104.37,125,462000.0
2019-06,NORTH-EAST,5 ROOM,104.85,122,466500.0
2019-07,NORTH-EAST,5 ROOM,104.33,134,486500.0
2019-08,NORTH-EAST,5 ROOM,106.23,108,511444.0
2019-09,NORTH-EAST,5 ROOM,105.84,103,480000.0
2019-10,NORTH-EAST,5 ROOM,106.12,131,490000.0
2019-11,NORTH-EAST,5 ROOM,107.01,132,490000.0
2019-12,NORTH-EAST,5 ROOM,107.45,105,495000.0
2020-01,NORTH-EAST,5 ROOM,105.83,131,500000.0
2020-02,NORTH-EAST,5 ROOM,106.94,118,519000.0
2020-03,NORTH-EAST,5 ROOM,105.98,124,525500.0
2020-04,NORTH-EAST,5 ROOM,106.4,37,525000.0
2020-05,NORTH-EAST,5 ROOM,109.31,30,552500.0
2020-06,NORTH-EAST,5 ROOM,107.62,141,525000.0
2020-07,NORTH-EAST,5 ROOM,109.21,167,545000.0
2020-08,NORTH-EAST,5 ROOM,108.76,186,504000.0
2020-09,NORTH-EAST,5 ROOM,109.28,210,514444.0
2020-10,NORTH-EAST,5 ROOM,109.63,218,485000.0
2020-11,NORTH-EAST,5 ROOM,110.16,229,520000.0
2020-12,NORTH-EAST,5 ROOM,111.21,232,533000.0
2021-01,NORTH-EAST,5 ROOM,112.27,208,532500.0
2021-02,NORTH-EAST,5 ROOM,112.91,204,542944.0
2021-03,NORTH-EAST,5 ROOM,114.17,203,555000.0
2021-04,NORTH-EAST,5 ROOM,115.58,220,550000.0
2021-05,NORTH-EAST,5 ROOM,115.72,164,558500.0
2021-06,NORTH-EAST,5 ROOM,117.57,199,565000.0
2021-07,NORTH-EAST,5 ROOM,118.8,245,588888.0
2021-08,NORTH-EAST,5 ROOM,119.56,265,590000.0
2021-09,NORTH-EAST,5 ROOM,120.3,225,570000.0
2021-10,NORTH-EAST,5 ROOM,121.17,226,580944.0
2021-11,NORTH-EAST,5 ROOM,124.02,238,600000.0
2021-12,NORTH-EAST,5 ROOM,124.84,203,585000.0
2022-01,NORTH-EAST,5 ROOM,126.25,204,589444.0
2022-02,NORTH-EAST,5 ROOM,126.74,135,581888.0
2022-03,NORTH-EAST,5 ROOM,128.13,150,592500.0
2022-04,NORTH-EAST,5 ROOM,129.42,181,608000.0
2022-05,NORTH-EAST,5 ROOM,130.7,152,599000.0
2022-06,NORTH-EAST,5 ROOM,131.95,173,630000.0
2022-07,NORTH-EAST,5 ROOM,134.79,180,649444.0
2022-08,NORTH-EAST,5 ROOM,134.69,157,620000.0
2022-09,NORTH-EAST,5 ROOM,137.19,206,636500.0
2022-10,NORTH-EAST,5 ROOM,137.74,134,645000.0
2022-11,NORTH-EAST,5 ROOM,139.97,151,620000.0
2022-12,NORTH-EAST,5 ROOM,140.56,149,641000.0
2023-01,NORTH-EAST,5 ROOM,139.98,156,659444.0
2023-02,NORTH-EAST,5 ROOM,139.78,121,635000.0
2023-03,NORTH-EAST,5 ROOM,140.64,147,640000.0
2023-04,NORTH-EAST,5 ROOM,141.45,144,660000.0
2023-05,NORTH-EAST,5 ROOM,141.79,160,640000.0
2023-06,NORTH-EAST,5 ROOM,144.16,141,655000.0
2023-07,NORTH-EAST,5 ROOM,145.82,126,679444.0
2023-08,NORTH-EAST,5 ROOM,145.01,171,660000.0
2023-09,NORTH-EAST,5 ROOM,144.54,124,676500.0
2023-10,NORTH-EAST,5 ROOM,146.21,151,670000.0
2023-11,NORTH-EAST,5 ROOM,147.46,132,649000.0
2023-12,NORTH-EAST,5 ROOM,147.37,143,660000.0
2024-01,NORTH-EAST,5 ROOM,149.15,180,690000.0
2024-02,NORTH-EAST,5 ROOM,150.64,152,659444.0
2024-03,NORTH-EAST,5 ROOM,152.22,133,685000.0
2024-04,NORTH-EAST,5 ROOM,152.39,147,670000.0
2024-05,NORTH-EAST,5 ROOM,154.69,154,691500.0
2024-06,NORTH-EAST,5 ROOM,154.57,155,720000.0
2024-07,NORTH-EAST,5 ROOM,156.54,203,711000.0
2024-08,NORTH-EAST,5 ROOM,157.87,202,699000.0
2024-09,NORTH-EAST,5 ROOM,159.62,171,725000.0
2024-10,NORTH-EAST,5 ROOM,160.91,136,734000.0
2024-11,NORTH-EAST,5 ROOM,162.33,128,726500.0
2024-12,NORTH-EAST,5 ROOM,163.16,122,719444.0
2025-01,NORTH-EAST,5 ROOM,164.97,127,730000.0
2025-02,NORTH-EAST,5 ROOM,165.7,117,738000.0
2025-03,NORTH-EAST,5 ROOM,163.68,110,757444.0
2025-04,NORTH-EAST,5 ROOM,166.3,135,738000.0
2025-05,NORTH-EAST,5 ROOM,165.86,150,777500.0
2025-06,NORTH-EAST,5 ROOM,167.05,116,722500.0
2025-07,NORTH-EAST,5 ROOM,168.59,181,738000.0
2025-08,NORTH-EAST,5 ROOM,168.44,131,730000.0
2025-09,NORTH-EAST,5 ROOM,168.25,145,770000.0
2025-10,NORTH-EAST,5 ROOM,168.91,83,750000.0
2025-11,NORTH-EAST,5 ROOM,169.75,84,751944.0
2025-12,NORTH-EAST,5 ROOM,169.88,138,750000.0
2026-01,NORTH-EAST,5 ROOM,169.72,131,758000.0
2026-02,NORTH-EAST,5 ROOM,169.83,95,780000.0
2026-03,NORTH-EAST,5 ROOM,168.82,117,788000.0
2026-04,NORTH-EAST,5 ROOM,166.89,96,747500.0
2026-05,NORTH-EAST,5 ROOM,167.83,131,738888.0
2026-06,NORTH-EAST,5 ROOM,168.81,131,730000.0
2026-07,NORTH-EAST,5 ROOM,169.04,182,770000.0
2026-08,NORTH-EAST,5 ROOM,169.32,154,735000.0
2026-09,NORTH-EAST,5 ROOM,169.41,153,772888.0
2017-01,NORTH-EAST,EXECUTIVE,100.0,17,608888.0
2017-02,NORTH-EAST,EXECUTIVE,102.25,27,570000.0
2017-03,NORTH-EAST,EXECUTIVE,101.52,39,620000.0
2017-04,NORTH-EAST,EXECUTIVE,102.2,28,596000.0
2017-05,NORTH-EAST,EXECUTIVE,101.75,31,580888.0
2017-06,NORTH-EAST,EXECUTIVE,104.35,40,644000.0
2017-07,NORTH-EAST,EXECUTIVE,101.71,27,580000.0
2017-08,NORTH-EAST,EXECUTIVE,102.42,33,588000.0
2017-09,NORTH-EAST,EXECUTIVE,100.97,27,590000.0
2017-10,NORTH-EAST,EXECUTIVE,100.97,36,583000.0
2017-11,NORTH-EAST,EXECUTIVE,101.62,32,610000.0
2017-12,NORTH-EAST,EXECUTIVE,102.69,41,610000.0
2018-01,NORTH-EAST,EXECUTIVE,104.28,24,687500.0
2018-02,NORTH-EAST,EXECUTIVE,103.76,30,609000.0
2018-03,NORTH-EAST,EXECUTIVE,103.05,54,616500.0
2018-04,NORTH-EAST,EXECUTIVE,106.24,27,668000.0
2018-05,NORTH-EAST,EXECUTIVE,102.43,36,601500.0
2018-06,NORTH-EAST,EXECUTIVE,103.63,42,562000.0
2018-07,NORTH-EAST,EXECUTIVE,103.14,66,619000.0
2018-08,NORTH-EAST,EXECUTIVE,104.39,44,630000.0
2018-09,NORTH-EAST,EXECUTIVE,104.76,58,629000.0
2018-10,NORTH-EAST,EXECUTIVE,103.07,24,660000.0
2018-11,NORTH-EAST,EXECUTIVE,103.78,29,650000.0
2018-12,NORTH-EAST,EXECUTIVE,103.95,24,608500.0
2019-01,NORTH-EAST,EXECUTIVE,103.21,14,635000.0
2019-02,NORTH-EAST,EXECUTIVE,106.04,13,628000.0
2019-03,NORTH-EAST,EXECUTIVE,103.54,20,645000.0
2019-04,NORTH-EAST,EXECUTIVE,102.73,22,627500.0
2019-05,NORTH-EAST,EXECUTIVE,103.78,31,595000.0
2019-06,NORTH-EAST,EXECUTIVE,105.13,26,579000.0
2019-07,NORTH-EAST,EXECUTIVE,105.76,31,622000.0
2019-08,NORTH-EAST,EXECUTIVE,103.91,26,617500.0
2019-09,NORTH-EAST,EXECUTIVE,101.78,28,609000.0
2019-10,NORTH-EAST,EXECUTIVE,105.43,32,635000.0
2019-11,NORTH-EAST,EXECUTIVE,105.03,27,631000.0
2019-12,NORTH-EAST,EXECUTIVE,105.75,27,638000.0
2020-01,NORTH-EAST,EXECUTIVE,102.05,21,623000.0
2020-02,NORTH-EAST,EXECUTIVE,103.29,21,630000.0
2020-03,NORTH-EAST,EXECUTIVE,103.58,30,639000.0
2020-04,NORTH-EAST,EXECUTIVE,104.09,8,585000.0
2020-05,NORTH-EAST,EXECUTIVE,104.3,8,605000.0
2020-06,NORTH-EAST,EXECUTIVE,103.5,34,619000.0
2020-07,NORTH-EAST,EXECUTIVE,103.76,25,603000.0
2020-08,NORTH-EAST,EXECUTIVE,105.28,41,625000.0
2020-09,NORTH-EAST,EXECUTIVE,105.94,42,620000.0
2020-10,NORTH-EAST,EXECUTIVE,105.68,50,640000.0
2020-11,NORTH-EAST,EXECUTIVE,107.25,49,652000.0
2020-12,NORTH-EAST,EXECUTIVE,108.64,44,637944.0
2021-01,NORTH-EAST,EXECUTIVE,109.58,47,675000.0
2021-02,NORTH-EAST,EXECUTIVE,108.73,37,646000.0
2021-03,NORTH-EAST,EXECUTIVE,110.88,34,662944.0
2021-04,NORTH-EAST,EXECUTIVE,111.16,39,701000.0
2021-05,NORTH-EAST,EXECUTIVE,114.56,31,700000.0
2021-06,NORTH-EAST,EXECUTIVE,115.17,45,710000.0
2021-07,NORTH-EAST,EXECUTIVE,113.11,39,680000.0
2021-08,NORTH-EAST,EXECUTIVE,116.02,42,671944.0
2021-09,NORTH-EAST,EXECUTIVE,118.35,33,718000.0
2021-10,NORTH-EAST,EXECUTIVE,118.98,41,675000.0
2021-11,NORTH-EAST,EXECUTIVE,120.38,53,720000.0
2021-12,NORTH-EAST,EXECUTIVE,122.1,40,741444.0
2022-01,NORTH-EAST,EXECUTIVE,121.86,37,720000.0
2022-02,NORTH-EAST,EXECUTIVE,123.45,23,828000.0
2022-03,NORTH-EAST,EXECUTIVE,125.23,27,711000.0
2022-04,NORTH-EAST,EXECUTIVE,125.11,32,721944.0
2022-05,NORTH-EAST,EXECUTIVE,124.92,32,747500.0
2022-06,NORTH-EAST,EXECUTIVE,127.75,28,737499.5
2022-07,NORTH-EAST,EXECUTIVE,128.73,40,790000.0
2022-08,NORTH-EAST,EXECUTIVE,131.05,30,820000.0
2022-09,NORTH-EAST,EXECUTIVE,131.8,35,782000.0
2022-10,NORTH-EAST,EXECUTIVE,133.51,26,724000.0
2022-11,NORTH-EAST,EXECUTIVE,135.59,25,800000.0
2022-12,NORTH-EAST,EXECUTIVE,134.9,24,759000.0
2023-01,NORTH-EAST,EXECUTIVE,135.35,28,819000.0
2023-02,NORTH-EAST,EXECUTIVE,132.09,15,815000.0
2023-03,NORTH-EAST,EXECUTIVE,135.71,29,845000.0
2023-04,NORTH-EAST,EXECUTIVE,136.92,26,818000.0
2023-05,NORTH-EAST,EXECUTIVE,136.89,19,780000.0
2023-06,NORTH-EAST,EXECUTIVE,139.41,18,754000.0
2023-07,NORTH-EAST,EXECUTIVE,138.0,32,834444.44
2023-08,NORTH-EAST,EXECUTIVE,139.59,33,865888.0
2023-09,NORTH-EAST,EXECUTIVE,139.93,28,833444.0
2023-10,NORTH-EAST,EXECUTIVE,137.85,24,835000.0
2023-11,NORTH-EAST,EXECUTIVE,140.77,39,813000.0
2023-12,NORTH-EAST,EXECUTIVE,139.77,27,850000.0
2024-01,NORTH-EAST,EXECUTIVE,142.5,30,790500.0
2024-02,NORTH-EAST,EXECUTIVE,143.98,25,858000.0
2024-03,NORTH-EAST,EXECUTIVE,148.48,28,894444.0
2024-04,NORTH-EAST,EXECUTIVE,143.83,23,870000.0
2024-05,NORTH-EAST,EXECUTIVE,144.84,37,840000.0
2024-06,NORTH-EAST,EXECUTIVE,146.53,37,900000.0
2024-07,NORTH-EAST,EXECUTIVE,148.38,34,915000.0
2024-08,NORTH-EAST,EXECUTIVE,149.37,46,894444.0
2024-09,NORTH-EAST,EXECUTIVE,147.72,39,888000.0
2024-10,NORTH-EAST,EXECUTIVE,154.63,34,912500.0
2024-11,NORTH-EAST,EXECUTIVE,155.55,22,916944.0
2024-12,NORTH-EAST,EXECUTIVE,154.87,20,870500.0
2025-01,NORTH-EAST,EXECUTIVE,148.67,17,918000.0
2025-02,NORTH-EAST,EXECUTIVE,158.6,27,908000.0
2025-03,NORTH-EAST,EXECUTIVE,154.7,18,915000.0
2025-04,NORTH-EAST,EXECUTIVE,158.82,26,1006944.0
2025-05,NORTH-EAST,EXECUTIVE,158.98,30,984000.0
2025-06,NORTH-EAST,EXECUTIVE,157.18,30,934444.0
2025-07,NORTH-EAST,EXECUTIVE,158.4,30,859000.0
2025-08,NORTH-EAST,EXECUTIVE,157.28,27,900000.0
2025-09,NORTH-EAST,EXECUTIVE,158.71,25,930000.0
2025-10,NORTH-EAST,EXECUTIVE,160.68,11,960000.0
2025-11,NORTH-EAST,EXECUTIVE,158.6,15,988000.0
2025-12,NORTH-EAST,EXECUTIVE,162.34,16,969000.0
2026-01,NORTH-EAST,EXECUTIVE,157.65,32,885444.0
2026-02,NORTH-EAST,EXECUTIVE,157.48,14,877888.0
2026-03,NORTH-EAST,EXECUTIVE,156.99,22,934000.0
2026-04,NORTH-EAST,EXECUTIVE,158.25,19,880000.0
2026-05,NORTH-EAST,EXECUTIVE,157.33,24,940000.0
2026-06,NORTH-EAST,EXECUTIVE,158.85,28,881000.0
2026-07,NORTH-EAST,EXECUTIVE,159.41,33,920000.0
2026-08,NORTH-EAST,EXECUTIVE,158.1,36,907500.0
2026-09,NORTH-EAST,EXECUTIVE,159.86,55,938888.0
2017-01,EAST,3 ROOM,100.0,53,310000.0
2017-02,EAST,3 ROOM,101.9,39,310000.0
2017-03,EAST,3 ROOM,100.65,78,309444.0
2017-04,EAST,3 ROOM,100.7,79,312000.0
2017-05,EAST,3 ROOM,99.84,76,310000.0
2017-06,EAST,3 ROOM,101.82,59,315888.0
2017-07,EAST,3 ROOM,100.07,65,308000.0
2017-08,EAST,3 ROOM,99.53,66,312500.0
2017-09,EAST,3 ROOM,100.49,61,305000.0
2017-10,EAST,3 ROOM,102.14,61,320000.0
2017-11,EAST,3 ROOM,99.3,68,310000.0
2017-12,EAST,3 ROOM,97.59,60,308000.0
2018-01,EAST,3 ROOM,99.38,30,304000.0
2018-02,EAST,3 ROOM,98.14,39,308000.0
2018-03,EAST,3 ROOM,101.05,52,319000.0
2018-04,EAST,3 ROOM,96.45,73,297000.0
2018-05,EAST,3 ROOM,97.36,64,316500.0
2018-06,EAST,3 ROOM,97.3,71,310000.0
2018-07,EAST,3 ROOM,97.06,75,295000.0
2018-08,EAST,3 ROOM,97.75,81,315000.0
2018-09,EAST,3 ROOM,97.57,75,303000.0
2018-10,EAST,3 ROOM,96.96,74,310000.0
2018-11,EAST,3 ROOM,95.13,69,300000.0
2018-12,EAST,3 ROOM,97.03,59,300000.0
2019-01,EAST,3 ROOM,95.71,55,295000.0
2019-02,EAST,3 ROOM,97.45,63,305000.0
2019-03,EAST,3 ROOM,94.88,57,300000.0
2019-04,EAST,3 ROOM,94.69,63,310000.0
2019-05,EAST,3 ROOM,94.04,77,295000.0
2019-06,EAST,3 ROOM,95.03,65,303000.0
2019-07,EAST,3 ROOM,94.04,71,290000.0
2019-08,EAST,3 ROOM,95.18,73,302000.0
2019-09,EAST,3 ROOM,94.87,74,296000.0
2019-10,EAST,3 ROOM,93.44,86,301500.0
2019-11,EAST,3 ROOM,94.09,94,300000.0
2019-12,EAST,3 ROOM,92.19,68,302500.0
2020-01,EAST,3 ROOM,92.86,79,295000.0
2020-02,EAST,3 ROOM,93.42,66,301500.0
2020-03,EAST,3 ROOM,91.55,68,280000.0
2020-04,EAST,3 ROOM,90.62,13,277000.0
2020-05,EAST,3 ROOM,94.02,13,302000.0
2020-06,EAST,3 ROOM,93.48,113,295000.0
2020-07,EAST,3 ROOM,93.91,115,290000.0
2020-08,EAST,3 ROOM,93.52,89,285000.0
2020-09,EAST,3 ROOM,95.93,101,305000.0
2020-10,EAST,3 ROOM,97.71,93,315000.0
2020-11,EAST,3 ROOM,99.89,89,320000.0
2020-12,EAST,3 ROOM,99.31,80,305000.0
2021-01,EAST,3 ROOM,101.45,88,322500.0
2021-02,EAST,3 ROOM,103.34,78,331500.0
2021-03,EAST,3 ROOM,103.85,85,325000.0
2021-04,EAST,3 ROOM,103.72,77,331000.0
2021-05,EAST,3 ROOM,104.83,70,329500.0
2021-06,EAST,3 ROOM,106.52,64,334000.0
2021-07,EAST,3 ROOM,107.12,81,338888.0
2021-08,EAST,3 ROOM,108.49,91,336000.0
2021-09,EAST,3 ROOM,109.01,96,350000.0
2021-10,EAST,3 ROOM,109.96,94,353000.0
2021-11,EAST,3 ROOM,111.65,87,360000.0
2021-12,EAST,3 ROOM,112.8,91,350000.0
2022-01,EAST,3 ROOM,114.13,94,360000.0
2022-02,EAST,3 ROOM,113.51,67,358000.0
2022-03,EAST,3 ROOM,114.63,88,350000.0
2022-04,EAST,3 ROOM,116.61,88,375000.0
2022-05,EAST,3 ROOM,118.52,74,373000.0
2022-06,EAST,3 ROOM,118.4,64,370000.0
2022-07,EAST,3 ROOM,119.32,79,380000.0
2022-08,EAST,3 ROOM,119.86,73,365000.0
2022-09,EAST,3 ROOM,122.37,93,385000.0
2022-10,EAST,3 ROOM,121.74,68,381250.0
2022-11,EAST,3 ROOM,123.69,86,396500.0
2022-12,EAST,3 ROOM,124.2,84,382500.0
2023-01,EAST,3 ROOM,124.28,113,392000.0
2023-02,EAST,3 ROOM,125.06,77,388000.0
2023-03,EAST,3 ROOM,125.63,103,385000.0
2023-04,EAST,3 ROOM,125.37,77,388000.0
2023-05,EAST,3 ROOM,127.0,82,380000.0
2023-06,EAST,3 ROOM,128.82,62,396500.0
2023-07,EAST,3 ROOM,127.65,67,395000.0
2023-08,EAST,3 ROOM,127.75,95,395000.0
2023-09,EAST,3 ROOM,129.54,75,409999.0
2023-10,EAST,3 ROOM,128.66,74,407500.0
2023-11,EAST,3 ROOM,129.4,84,411500.0
2023-12,EAST,3 ROOM,129.79,71,405000.0
2024-01,EAST,3 ROOM,131.51,89,405000.0
2024-02,EAST,3 ROOM,133.18,74,409500.0
2024-03,EAST,3 ROOM,133.13,73,420000.0
2024-04,EAST,3 ROOM,132.92,85,420000.0
2024-05,EAST,3 ROOM,135.04,112,429000.0
2024-06,EAST,3 ROOM,137.3,88,425000.0
2024-07,EAST,3 ROOM,137.79,107,425000.0
2024-08,EAST,3 ROOM,138.6,91,420000.0
2024-09,EAST,3 ROOM,144.45,71,440000.0
2024-10,EAST,3 ROOM,143.12,71,450000.0
2024-11,EAST,3 ROOM,143.04,41,455000.0
2024-12,EAST,3 ROOM,144.59,73,450000.0
2025-01,EAST,3 ROOM,147.18,70,450000.0
2025-02,EAST,3 ROOM,148.19,65,460000.0
2025-03,EAST,3 ROOM,147.29,69,450000.0
2025-04,EAST,3 ROOM,149.3,78,475000.0
2025-05,EAST,3 ROOM,147.91,86,469000.0
2025-06,EAST,3 ROOM,148.76,92,462500.0
2025-07,EAST,3 ROOM,148.44,86,458000.0
2025-08,EAST,3 ROOM,149.33,88,460944.0
2025-09,EAST,3 ROOM,149.88,63,460000.0
2025-10,EAST,3 ROOM,149.55,42,450000.0
2025-11,EAST,3 ROOM,150.65,56,457500.0
2025-12,EAST,3 ROOM,150.78,78,460000.0
2026-01,EAST,3 ROOM,148.57,82,460000.0
2026-02,EAST,3 ROOM,148.5,60,440000.0
2026-03,EAST,3 ROOM,148.78,69,472000.0
2026-04,EAST,3 ROOM,148.18,79,455000.0
2026-05,EAST,3 ROOM,145.6,67,450000.0
2026-06,EAST,3 ROOM,146.54,82,456500.0
2026-07,EAST,3 ROOM,147.82,90,448000.0
2026-08,EAST,3 ROOM,146.2,108,457500.0
2026-09,EAST,3 ROOM,145.86,75,435000.0
2017-01,EAST,4 ROOM,100.0,76,412000.0
2017-02,EAST,4 ROOM,102.4,53,420000.0
2017-03,EAST,4 ROOM,101.19,107,415000.0
2017-04,EAST,4 ROOM,100.91,116,410000.0
2017-05,EAST,4 ROOM,102.07,112,428444.0
2017-06,EAST,4 ROOM,101.67,98,418000.0
2017-07,EAST,4 ROOM,100.82,100,420000.0
2017-08,EAST,4 ROOM,102.7,106,425000.0
2017-09,EAST,4 ROOM,102.4,95,425000.0
2017-10,EAST,4 ROOM,102.1,96,424000.0
2017-11,EAST,4 ROOM,101.89,101,430000.0
2017-12,EAST,4 ROOM,99.95,81,420000.0
2018-01,EAST,4 ROOM,100.3,55,430000.0
2018-02,EAST,4 ROOM,99.84,57,412000.0
2018-03,EAST,4 ROOM,100.88,83,420000.0
2018-04,EAST,4 ROOM,100.16,93,415000.0
2018-05,EAST,4 ROOM,100.48,84,423500.0
2018-06,EAST,4 ROOM,100.42,95,420000.0
2018-07,EAST,4 ROOM,101.08,129,420000.0
2018-08,EAST,4 ROOM,98.94,98,415000.0
2018-09,EAST,4 ROOM,98.83,100,415000.0
2018-10,EAST,4 ROOM,101.09,98,416500.0
2018-11,EAST,4 ROOM,99.63,95,410000.0
2018-12,EAST,4 ROOM,100.05,78,420000.0
2019-01,EAST,4 ROOM,99.15,74,405000.0
2019-02,EAST,4 ROOM,100.05,64,416500.0
2019-03,EAST,4 ROOM,98.86,78,410000.0
2019-04,EAST,4 ROOM,99.33,106,410000.0
2019-05,EAST,4 ROOM,98.53,98,410000.0
2019-06,EAST,4 ROOM,98.89,109,418000.0
2019-07,EAST,4 ROOM,98.79,125,420000.0
2019-08,EAST,4 ROOM,98.15,86,419000.0
2019-09,EAST,4 ROOM,99.49,106,415000.0
2019-10,EAST,4 ROOM,99.8,118,420000.0
2019-11,EAST,4 ROOM,98.73,120,425000.0
2019-12,EAST,4 ROOM,99.07,97,425000.0
2020-01,EAST,4 ROOM,98.53,114,420000.0
2020-02,EAST,4 ROOM,98.21,123,410000.0
2020-03,EAST,4 ROOM,99.36,111,425000.0
2020-04,EAST,4 ROOM,99.04,27,420000.0
2020-05,EAST,4 ROOM,97.25,29,420000.0
2020-06,EAST,4 ROOM,98.81,153,415000.0
2020-07,EAST,4 ROOM,99.47,152,418000.0
2020-08,EAST,4 ROOM,100.86,162,429000.0
2020-09,EAST,4 ROOM,99.63,177,415000.0
2020-10,EAST,4 ROOM,102.08,171,440000.0
2020-11,EAST,4 ROOM,102.16,154,430000.0
2020-12,EAST,4 ROOM,103.57,159,433000.0
2021-01,EAST,4 ROOM,104.23,164,435000.0
2021-02,EAST,4 ROOM,104.72,120,442944.0
2021-03,EAST,4 ROOM,105.6,169,458000.0
2021-04,EAST,4 ROOM,107.58,164,465000.0
2021-05,EAST,4 ROOM,107.51,120,457000.0
2021-06,EAST,4 ROOM,108.86,131,459000.0
2021-07,EAST,4 ROOM,110.28,158,465000.0
2021-08,EAST,4 ROOM,111.27,172,475000.0
2021-09,EAST,4 ROOM,111.24,168,480000.0
2021-10,EAST,4 ROOM,112.69,149,480000.0
2021-11,EAST,4 ROOM,115.06,167,480000.0
2021-12,EAST,4 ROOM,114.96,148,481000.0
2022-01,EAST,4 ROOM,116.39,144,495000.0
2022-02,EAST,4 ROOM,116.29,114,475000.0
2022-03,EAST,4 ROOM,116.78,110,480000.0
2022-04,EAST,4 ROOM,119.72,130,500000.0
2022-05,EAST,4 ROOM,120.43,114,500000.0
2022-06,EAST,4 ROOM,121.47,106,505000.0
2022-07,EAST,4 ROOM,122.99,122,514000.0
2022-08,EAST,4 ROOM,123.37,115,520000.0
2022-09,EAST,4 ROOM,125.5,120,526500.0
2022-10,EAST,4 ROOM,126.81,109,520000.0
2022-11,EAST,4 ROOM,126.55,112,526944.0
2022-12,EAST,4 ROOM,127.52,133,525000.0
2023-01,EAST,4 ROOM,128.05,139,530000.0
2023-02,EAST,4 ROOM,129.1,96,539000.0
2023-03,EAST,4 ROOM,129.41,138,550000.0
2023-04,EAST,4 ROOM,128.67,118,557500.0
2023-05,EAST,4 ROOM,130.81,126,550000.0
2023-06,EAST,4 ROOM,133.13,102,539500.0
2023-07,EAST,4 ROOM,131.6,112,557000.0
2023-08,EAST,4 ROOM,133.65,120,543500.0
2023-09,EAST,4 ROOM,133.55,105,580000.0
2023-10,EAST,4 ROOM,132.64,112,560000.0
2023-11,EAST,4 ROOM,134.69,122,560444.0
2023-12,EAST,4 ROOM,136.7,104,565500.0
2024-01,EAST,4 ROOM,138.42,159,585000.0
2024-02,EAST,4 ROOM,139.32,124,582500.0
2024-03,EAST,4 ROOM,140.05,117,575000.0
2024-04,EAST,4 ROOM,139.34,137,590000.0
2024-05,EAST,4 ROOM,140.5,165,598888.0
2024-06,EAST,4 ROOM,142.05,108,605000.0
2024-07,EAST,4 ROOM,144.18,163,605011.0
2024-08,EAST,4 ROOM,144.63,143,600000.0
2024-09,EAST,4 ROOM,146.63,113,628000.0
2024-10,EAST,4 ROOM,147.09,128,614000.0
2024-11,EAST,4 ROOM,149.47,88,630000.0
2024-12,EAST,4 ROOM,149.38,153,643000.0
2025-01,EAST,4 ROOM,150.59,146,645000.0
2025-02,EAST,4 ROOM,150.58,128,652500.0
2025-03,EAST,4 ROOM,153.46,122,667500.0
2025-04,EAST,4 ROOM,150.89,134,645000.0
2025-05,EAST,4 ROOM,153.09,138,665833.0
2025-06,EAST,4 ROOM,154.05,159,660000.0
2025-07,EAST,4 ROOM,153.08,146,639000.0
2025-08,EAST,4 ROOM,152.72,136,640000.0
2025-09,EAST,4 ROOM,153.68,142,650000.0
2025-10,EAST,4 ROOM,153.32,97,650000.0
2025-11,EAST,4 ROOM,153.96,91,655000.0
2025-12,EAST,4 ROOM,152.95,148,640000.0
2026-01,EAST,4 ROOM,152.99,162,647000.0
2026-02,EAST,4 ROOM,153.4,108,650000.0
2026-03,EAST,4 ROOM,152.97,130,654500.0
2026-04,EAST,4 ROOM,151.85,132,650000.0
2026-05,EAST,4 ROOM,152.99,147,665000.0
2026-06,EAST,4 ROOM,153.75,139,630000.0
2026-07,EAST,4 ROOM,154.33,201,653000.0
2026-08,EAST,4 ROOM,154.04,204,660000.0
2026-09,EAST,4 ROOM,153.31,165,640000.0
2017-01,EAST,5 ROOM,100.0,42,525500.0
2017-02,EAST,5 ROOM,100.13,54,500000.0
2017-03,EAST,5 ROOM,100.63,77,500000.0
2017-04,EAST,5 ROOM,100.87,70,520000.0
2017-05,EAST,5 ROOM,102.02,71,535000.0
2017-06,EAST,5 ROOM,101.12,53,520000.0
2017-07,EAST,5 ROOM,102.98,51,520000.0
2017-08,EAST,5 ROOM,102.56,76,536500.0
2017-09,EAST,5 ROOM,99.4,60,505000.0
2017-10,EAST,5 ROOM,101.0,61,510000.0
2017-11,EAST,5 ROOM,101.7,94,526000.0
2017-12,EAST,5 ROOM,101.13,71,530000.0
2018-01,EAST,5 ROOM,101.44,33,520000.0
2018-02,EAST,5 ROOM,103.85,41,540000.0
2018-03,EAST,5 ROOM,100.76,70,519000.0
2018-04,EAST,5 ROOM,100.64,63,530000.0
2018-05,EAST,5 ROOM,104.51,90,545000.0
2018-06,EAST,5 ROOM,101.81,80,520000.0
2018-07,EAST,5 ROOM,101.46,94,529000.0
2018-08,EAST,5 ROOM,101.47,80,526500.0
2018-09,EAST,5 ROOM,99.6,69,510000.0
2018-10,EAST,5 ROOM,101.15,69,518000.0
2018-11,EAST,5 ROOM,103.65,67,530000.0
2018-12,EAST,5 ROOM,102.98,50,535000.0
2019-01,EAST,5 ROOM,100.11,44,509400.0
2019-02,EAST,5 ROOM,103.58,45,520000.0
2019-03,EAST,5 ROOM,100.93,55,515000.0
2019-04,EAST,5 ROOM,102.12,79,520000.0
2019-05,EAST,5 ROOM,101.96,66,521000.0
2019-06,EAST,5 ROOM,102.59,63,529000.0
2019-07,EAST,5 ROOM,101.72,84,520000.0
2019-08,EAST,5 ROOM,100.65,55,500000.0
2019-09,EAST,5 ROOM,100.17,50,505000.0
2019-10,EAST,5 ROOM,100.43,77,515000.0
2019-11,EAST,5 ROOM,99.92,84,525000.0
2019-12,EAST,5 ROOM,101.58,66,532750.0
2020-01,EAST,5 ROOM,101.15,79,515000.0
2020-02,EAST,5 ROOM,103.3,68,533500.0
2020-03,EAST,5 ROOM,101.33,69,532000.0
2020-04,EAST,5 ROOM,105.59,11,560000.0
2020-05,EAST,5 ROOM,99.84,12,505000.0
2020-06,EAST,5 ROOM,101.82,89,515000.0
2020-07,EAST,5 ROOM,100.95,99,515000.0
2020-08,EAST,5 ROOM,102.47,93,520000.0
2020-09,EAST,5 ROOM,104.14,106,525000.0
2020-10,EAST,5 ROOM,104.57,94,530000.0
2020-11,EAST,5 ROOM,105.21,81,531000.0
2020-12,EAST,5 ROOM,105.97,118,542250.0
2021-01,EAST,5 ROOM,107.16,116,535000.0
2021-02,EAST,5 ROOM,108.72,90,559000.0
2021-03,EAST,5 ROOM,108.87,98,562250.0
2021-04,EAST,5 ROOM,109.48,98,580000.0
2021-05,EAST,5 ROOM,111.34,87,578000.0
2021-06,EAST,5 ROOM,111.64,109,570000.0
2021-07,EAST,5 ROOM,112.37,123,565000.0
2021-08,EAST,5 ROOM,113.18,114,570000.0
2021-09,EAST,5 ROOM,115.08,115,575000.0
2021-10,EAST,5 ROOM,118.42,99,600000.0
2021-11,EAST,5 ROOM,116.83,116,585000.0
2021-12,EAST,5 ROOM,118.12,95,592000.0
2022-01,EAST,5 ROOM,119.06,82,603500.0
2022-02,EAST,5 ROOM,121.62,74,610000.0
2022-03,EAST,5 ROOM,121.13,75,610000.0
2022-04,EAST,5 ROOM,122.95,81,622888.0
2022-05,EAST,5 ROOM,123.08,73,618888.0
2022-06,EAST,5 ROOM,125.9,83,625000.0
2022-07,EAST,5 ROOM,125.81,83,632000.0
2022-08,EAST,5 ROOM,127.54,109,648000.0
2022-09,EAST,5 ROOM,127.33,88,636000.0
2022-10,EAST,5 ROOM,128.65,75,640000.0
2022-11,EAST,5 ROOM,131.05,70,649444.0
2022-12,EAST,5 ROOM,131.95,66,660000.0
2023-01,EAST,5 ROOM,131.73,90,650000.0
2023-02,EAST,5 ROOM,130.29,68,644000.0
2023-03,EAST,5 ROOM,131.08,79,670000.0
2023-04,EAST,5 ROOM,133.44,63,683000.0
2023-05,EAST,5 ROOM,133.9,68,685000.0
2023-06,EAST,5 ROOM,132.36,70,652500.0
2023-07,EAST,5 ROOM,135.6,86,670000.0
2023-08,EAST,5 ROOM,133.77,67,670000.0
2023-09,EAST,5 ROOM,135.03,55,680000.0
2023-10,EAST,5 ROOM,136.64,63,663000.0
2023-11,EAST,5 ROOM,138.13,66,685000.0
2023-12,EAST,5 ROOM,137.27,65,680000.0
2024-01,EAST,5 ROOM,140.21,90,706500.0
2024-02,EAST,5 ROOM,139.17,54,692500.0
2024-03,EAST,5 ROOM,141.54,74,700400.0
2024-04,EAST,5 ROOM,140.54,91,715000.0
2024-05,EAST,5 ROOM,144.35,86,726500.0
2024-06,EAST,5 ROOM,144.89,79,720000.0
2024-07,EAST,5 ROOM,145.36,98,720000.0
2024-08,EAST,5 ROOM,146.49,91,725000.0
2024-09,EAST,5 ROOM,147.54,62,734444.0
2024-10,EAST,5 ROOM,148.22,75,750000.0
2024-11,EAST,5 ROOM,150.19,80,755000.0
2024-12,EAST,5 ROOM,150.44,73,785000.0
2025-01,EAST,5 ROOM,152.3,86,780000.0
2025-02,EAST,5 ROOM,151.5,80,769094.0
2025-03,EAST,5 ROOM,152.6,74,748944.0
2025-04,EAST,5 ROOM,151.19,79,768000.0
2025-05,EAST,5 ROOM,154.86,91,778000.0
2025-06,EAST,5 ROOM,152.4,71,765000.0
2025-07,EAST,5 ROOM,154.81,88,772500.0
2025-08,EAST,5 ROOM,155.88,64,786500.0
2025-09,EAST,5 ROOM,155.6,64,781827.0
2025-10,EAST,5 ROOM,156.57,44,750000.0
2025-11,EAST,5 ROOM,153.96,63,788000.0
2025-12,EAST,5 ROOM,155.12,87,760000.0
2026-01,EAST,5 ROOM,155.52,87,780000.0
2026-02,EAST,5 ROOM,153.67,71,800000.0
2026-03,EAST,5 ROOM,154.69,78,786500.0
2026-04,EAST,5 ROOM,154.67,82,779000.0
2026-05,EAST,5 ROOM,157.47,86,780000.0
2026-06,EAST,5 ROOM,156.71,75,780000.0
2026-07,EAST,5 ROOM,154.16,126,760000.0
2026-08,EAST,5 ROOM,154.17,102,785000.0
2026-09,EAST,5 ROOM,159.66,95,780000.0
2017-01,EAST,EXECUTIVE,100.0,17,638000.0
2017-02,EAST,EXECUTIVE,96.33,23,638000.0
2017-03,EAST,EXECUTIVE,98.73,37,645000.0
2017-04,EAST,EXECUTIVE,99.15,32,645000.0
2017-05,EAST,EXECUTIVE,97.51,35,639999.0
2017-06,EAST,EXECUTIVE,99.35,25,645000.0
2017-07,EAST,EXECUTIVE,99.59,35,640000.0
2017-08,EAST,EXECUTIVE,100.29,30,644000.0
2017-09,EAST,EXECUTIVE,100.63,25,645000.0
2017-10,EAST,EXECUTIVE,99.39,45,660000.0
2017-11,EAST,EXECUTIVE,97.1,43,623000.0
2017-12,EAST,EXECUTIVE,97.9,28,650000.0
2018-01,EAST,EXECUTIVE,98.88,26,646500.0
2018-02,EAST,EXECUTIVE,100.02,24,647500.0
2018-03,EAST,EXECUTIVE,100.3,40,620000.0
2018-04,EAST,EXECUTIVE,99.26,55,640000.0
2018-05,EAST,EXECUTIVE,100.95,60,666500.0
2018-06,EAST,EXECUTIVE,101.15,35,640000.0
2018-07,EAST,EXECUTIVE,100.92,58,655000.0
2018-08,EAST,EXECUTIVE,101.86,40,665000.0
2018-09,EAST,EXECUTIVE,103.53,35,645000.0
2018-10,EAST,EXECUTIVE,101.32,27,665000.0
2018-11,EAST,EXECUTIVE,102.43,33,685000.0
2018-12,EAST,EXECUTIVE,100.21,25,678000.0
2019-01,EAST,EXECUTIVE,99.59,20,692500.0
2019-02,EAST,EXECUTIVE,99.96,22,625000.0
2019-03,EAST,EXECUTIVE,100.38,25,645000.0
2019-04,EAST,EXECUTIVE,100.63,31,650000.0
2019-05,EAST,EXECUTIVE,98.44,28,645000.0
2019-06,EAST,EXECUTIVE,101.97,26,662500.0
2019-07,EAST,EXECUTIVE,101.17,21,642000.0
2019-08,EAST,EXECUTIVE,100.2,33,650000.0
2019-09,EAST,EXECUTIVE,101.38,26,650000.0
2019-10,EAST,EXECUTIVE,103.0,36,677499.5
2019-11,EAST,EXECUTIVE,101.5,24,657500.0
2019-12,EAST,EXECUTIVE,101.74,22,660000.0
2020-01,EAST,EXECUTIVE,99.98,28,630000.0
2020-02,EAST,EXECUTIVE,103.0,25,668000.0
2020-03,EAST,EXECUTIVE,102.06,25,675000.0
2020-04,EAST,EXECUTIVE,99.55,8,614000.0
2020-05,EAST,EXECUTIVE,95.33,7,620000.0
2020-06,EAST,EXECUTIVE,101.11,38,647500.0
2020-07,EAST,EXECUTIVE,102.5,42,669000.0
2020-08,EAST,EXECUTIVE,101.75,59,640000.0
2020-09,EAST,EXECUTIVE,102.66,60,665000.0
2020-10,EAST,EXECUTIVE,102.12,56,657500.0
2020-11,EAST,EXECUTIVE,103.53,41,640000.0
2020-12,EAST,EXECUTIVE,104.88,57,690000.0
2021-01,EAST,EXECUTIVE,107.41,62,685000.0
2021-02,EAST,EXECUTIVE,105.52,47,670000.0
2021-03,EAST,EXECUTIVE,107.87,34,710000.0
2021-04,EAST,EXECUTIVE,110.48,46,718500.0
2021-05,EAST,EXECUTIVE,107.79,33,700000.0
2021-06,EAST,EXECUTIVE,111.9,42,713000.0
2021-07,EAST,EXECUTIVE,112.52,60,718444.0
2021-08,EAST,EXECUTIVE,112.74,53,715000.0
2021-09,EAST,EXECUTIVE,113.24,55,738000.0
2021-10,EAST,EXECUTIVE,115.26,56,727500.0
2021-11,EAST,EXECUTIVE,116.69,52,736500.0
2021-12,EAST,EXECUTIVE,117.22,42,735000.0
2022-01,EAST,EXECUTIVE,122.5,38,780000.0
2022-02,EAST,EXECUTIVE,120.37,37,780000.0
2022-03,EAST,EXECUTIVE,122.65,42,795000.0
2022-04,EAST,EXECUTIVE,121.75,44,772500.0
2022-05,EAST,EXECUTIVE,127.03,31,808000.0
2022-06,EAST,EXECUTIVE,124.64,54,789000.0
2022-07,EAST,EXECUTIVE,125.77,53,800000.0
2022-08,EAST,EXECUTIVE,126.83,47,833888.0
2022-09,EAST,EXECUTIVE,129.06,44,830000.0
2022-10,EAST,EXECUTIVE,129.52,36,814000.0
2022-11,EAST,EXECUTIVE,130.97,37,855000.0
2022-12,EAST,EXECUTIVE,131.53,34,810000.0
2023-01,EAST,EXECUTIVE,132.12,32,826500.0
2023-02,EAST,EXECUTIVE,130.54,23,840000.0
2023-03,EAST,EXECUTIVE,131.2,31,843888.0
2023-04,EAST,EXECUTIVE,133.8,28,847500.0
2023-05,EAST,EXECUTIVE,133.18,22,848000.0
2023-06,EAST,EXECUTIVE,133.96,25,865000.0
2023-07,EAST,EXECUTIVE,134.5,28,841500.0
2023-08,EAST,EXECUTIVE,134.08,28,858444.0
2023-09,EAST,EXECUTIVE,135.21,20,863000.0
2023-10,EAST,EXECUTIVE,137.48,31,880000.0
2023-11,EAST,EXECUTIVE,134.57,33,850000.0
2023-12,EAST,EXECUTIVE,138.26,18,855444.0
2024-01,EAST,EXECUTIVE,136.93,43,850000.0
2024-02,EAST,EXECUTIVE,139.34,25,880000.0
2024-03,EAST,EXECUTIVE,141.14,34,874000.0
2024-04,EAST,EXECUTIVE,142.48,27,880000.0
2024-05,EAST,EXECUTIVE,142.26,42,893000.0
2024-06,EAST,EXECUTIVE,141.5,30,870000.0
2024-07,EAST,EXECUTIVE,142.83,35,896888.0
2024-08,EAST,EXECUTIVE,144.78,40,904444.0
2024-09,EAST,EXECUTIVE,145.05,26,905000.0
2024-10,EAST,EXECUTIVE,143.39,31,920000.0
2024-11,EAST,EXECUTIVE,145.56,30,924000.0
2024-12,EAST,EXECUTIVE,150.72,34,911000.0
2025-01,EAST,EXECUTIVE,150.9,29,985000.0
2025-02,EAST,EXECUTIVE,150.47,28,948500.0
2025-03,EAST,EXECUTIVE,150.84,31,920888.0
2025-04,EAST,EXECUTIVE,153.25,36,932500.0
2025-05,EAST,EXECUTIVE,155.3,29,973888.0
2025-06,EAST,EXECUTIVE,154.25,36,943388.0
2025-07,EAST,EXECUTIVE,152.92,38,972500.0
2025-08,EAST,EXECUTIVE,152.65,23,943000.0
2025-09,EAST,EXECUTIVE,155.39,36,949000.0
2025-10,EAST,EXECUTIVE,155.74,11,920000.0
2025-11,EAST,EXECUTIVE,152.82,24,964500.0
2025-12,EAST,EXECUTIVE,153.8,36,970000.0
2026-01,EAST,EXECUTIVE,154.22,35,968000.0
2026-02,EAST,EXECUTIVE,152.32,27,958000.0
2026-03,EAST,EXECUTIVE,155.06,26,930000.0
2026-04,EAST,EXECUTIVE,155.25,34,977500.0
2026-05,EAST,EXECUTIVE,153.66,34,940000.0
2026-06,EAST,EXECUTIVE,156.08,42,932500.0
2026-07,EAST,EXECUTIVE,154.56,49,934000.0
2026-08,EAST,EXECUTIVE,157.12,45,990000.0
2026-09,EAST,EXECUTIVE,155.23,57,958000.0
2017-01,WEST,2 ROOM,100.0,2,249000.0
2017-02,WEST,2 ROOM,93.95,2,220000.0
2017-04,WEST,2 ROOM,96.2,1,200000.0
2017-07,WEST,2 ROOM,102.52,2,250000.0
2017-08,WEST,2 ROOM,100.11,3,240000.0
2017-09,WEST,2 ROOM,91.04,1,220000.0
2017-11,WEST,2 ROOM,95.23,4,220000.0
2017-12,WEST,2 ROOM,102.4,2,300000.0
2018-01,WEST,2 ROOM,85.43,1,225000.0
2018-02,WEST,2 ROOM,89.81,3,208000.0
2018-03,WEST,2 ROOM,91.55,3,228000.0
2018-04,WEST,2 ROOM,84.22,1,206800.0
2018-05,WEST,2 ROOM,88.39,3,230000.0
2018-06,WEST,2 ROOM,90.85,8,230500.0
2018-07,WEST,2 ROOM,99.5,4,247500.0
2018-08,WEST,2 ROOM,96.76,6,240000.0
2018-09,WEST,2 ROOM,93.5,3,230000.0
2018-10,WEST,2 ROOM,93.78,3,223000.0
2018-11,WEST,2 ROOM,91.42,6,224000.0
2018-12,WEST,2 ROOM,87.08,6,221000.0
2019-01,WEST,2 ROOM,94.61,4,238500.0
2019-02,WEST,2 ROOM,91.48,6,233500.0
2019-03,WEST,2 ROOM,94.05,4,233500.0
2019-04,WEST,2 ROOM,93.72,5,240000.0
2019-05,WEST,2 ROOM,95.92,3,240000.0
2019-06,WEST,2 ROOM,92.52,4,226500.0
2019-07,WEST,2 ROOM,89.43,8,230000.0
2019-08,WEST,2 ROOM,90.38,6,237500.0
2019-09,WEST,2 ROOM,88.43,9,225000.0
2019-10,WEST,2 ROOM,89.54,8,225500.0
2019-11,WEST,2 ROOM,92.11,10,221500.0
2019-12,WEST,2 ROOM,91.58,6,227044.0
2020-01,WEST,2 ROOM,91.62,8,225000.0
2020-02,WEST,2 ROOM,90.34,7,220000.0
2020-03,WEST,2 ROOM,91.95,12,238400.0
2020-06,WEST,2 ROOM,93.61,5,227500.0
2020-07,WEST,2 ROOM,89.69,8,227500.0
2020-08,WEST,2 ROOM,92.1,7,230000.0
2020-09,WEST,2 ROOM,95.1,7,255000.0
2020-10,WEST,2 ROOM,97.72,5,235000.0
2020-11,WEST,2 ROOM,99.34,6,255500.0
2020-12,WEST,2 ROOM,103.72,4,257500.0
2021-01,WEST,2 ROOM,102.91,5,240000.0
2021-02,WEST,2 ROOM,102.01,8,259000.0
2021-03,WEST,2 ROOM,100.42,5,256000.0
2021-04,WEST,2 ROOM,103.34,3,250000.0
2021-05,WEST,2 ROOM,104.01,7,260000.0
2021-06,WEST,2 ROOM,104.27,7,270000.0
2021-07,WEST,2 ROOM,107.25,8,266500.0
2021-08,WEST,2 ROOM,109.76,9,279000.0
2021-09,WEST,2 ROOM,108.12,7,276000.0
2021-10,WEST,2 ROOM,112.86,5,280000.0
2021-11,WEST,2 ROOM,110.91,9,287000.0
2021-12,WEST,2 ROOM,110.63,9,288000.0
2022-01,WEST,2 ROOM,114.0,6,285000.0
2022-02,WEST,2 ROOM,108.31,4,281500.0
2022-03,WEST,2 ROOM,97.32,2,237500.0
2022-04,WEST,2 ROOM,117.47,5,298000.0
2022-05,WEST,2 ROOM,119.59,4,316000.0
2022-06,WEST,2 ROOM,119.62,9,290000.0
2022-07,WEST,2 ROOM,118.54,4,290000.0
2022-08,WEST,2 ROOM,119.32,5,293000.0
2022-09,WEST,2 ROOM,123.97,9,307000.0
2022-10,WEST,2 ROOM,121.17,3,310000.0
2022-11,WEST,2 ROOM,122.0,10,316000.0
2022-12,WEST,2 ROOM,123.25,7,296000.0
2023-01,WEST,2 ROOM,126.74,8,314000.0
2023-02,WEST,2 ROOM,122.98,8,301500.0
2023-03,WEST,2 ROOM,125.9,5,333000.0
2023-04,WEST,2 ROOM,125.3,8,329000.0
2023-05,WEST,2 ROOM,126.26,11,320000.0
2023-06,WEST,2 ROOM,127.05,11,318000.0
2023-07,WEST,2 ROOM,124.99,14,314000.0
2023-08,WEST,2 ROOM,125.22,15,320000.0
2023-09,WEST,2 ROOM,119.34,7,298000.0
2023-10,WEST,2 ROOM,124.76,13,315000.0
2023-11,WEST,2 ROOM,124.4,13,315000.0
2023-12,WEST,2 ROOM,129.38,16,329000.0
2024-01,WEST,2 ROOM,126.35,18,315000.0
2024-02,WEST,2 ROOM,129.94,17,325000.0
2024-03,WEST,2 ROOM,130.1,19,330000.0
2024-04,WEST,2 ROOM,130.49,19,326000.0
2024-05,WEST,2 ROOM,132.12,21,333000.0
2024-06,WEST,2 ROOM,136.5,15,355000.0
2024-07,WEST,2 ROOM,133.77,36,338750.0
2024-08,WEST,2 ROOM,137.39,18,354000.0
2024-09,WEST,2 ROOM,136.87,13,363000.0
2024-10,WEST,2 ROOM,139.6,15,350000.0
2024-11,WEST,2 ROOM,138.67,12,340000.0
2024-12,WEST,2 ROOM,142.52,16,352000.0
2025-01,WEST,2 ROOM,141.62,16,355000.0
2025-02,WEST,2 ROOM,142.85,11,380000.0
2025-03,WEST,2 ROOM,144.87,15,368000.0
2025-04,WEST,2 ROOM,144.07,13,365000.0
2025-05,WEST,2 ROOM,141.75,21,365000.0
2025-06,WEST,2 ROOM,146.01,18,370000.0
2025-07,WEST,2 ROOM,145.17,14,373500.0
2025-08,WEST,2 ROOM,148.77,11,375000.0
2025-09,WEST,2 ROOM,146.4,16,370000.0
2025-10,WEST,2 ROOM,150.85,6,362944.0
2025-11,WEST,2 ROOM,147.48,10,367500.0
2025-12,WEST,2 ROOM,146.11,12,372500.0
2026-01,WEST,2 ROOM,147.39,15,380000.0
2026-02,WEST,2 ROOM,146.22,14,374000.0
2026-03,WEST,2 ROOM,146.98,16,359444.0
2026-04,WEST,2 ROOM,143.23,13,378000.0
2026-05,WEST,2 ROOM,144.69,10,396500.0
2026-06,WEST,2 ROOM,144.88,16,371500.0
2026-07,WEST,2 ROOM,147.1,20,370000.0
2026-08,WEST,2 ROOM,147.66,13,375000.0
2026-09,WEST,2 ROOM,147.24,11,363000.0
2017-01,WEST,3 ROOM,100.0,82,287500.0
2017-02,WEST,3 ROOM,97.28,57,278000.0
2017-03,WEST,3 ROOM,97.5,109,280000.0
2017-04,WEST,3 ROOM,98.12,117,285000.0
2017-05,WEST,3 ROOM,98.92,117,288000.0
2017-06,WEST,3 ROOM,98.25,92,281000.0
2017-07,WEST,3 ROOM,97.41,97,280000.0
2017-08,WEST,3 ROOM,96.91,99,278000.0
2017-09,WEST,3 ROOM,96.31,73,275000.0
2017-10,WEST,3 ROOM,96.81,107,280000.0
2017-11,WEST,3 ROOM,96.79,117,275000.0
2017-12,WEST,3 ROOM,97.25,84,272000.0
2018-01,WEST,3 ROOM,96.2,50,275400.0
2018-02,WEST,3 ROOM,95.74,72,280000.0
2018-03,WEST,3 ROOM,95.16,90,275000.0
2018-04,WEST,3 ROOM,95.78,121,278000.0
2018-05,WEST,3 ROOM,94.77,90,275000.0
2018-06,WEST,3 ROOM,95.13,105,275000.0
2018-07,WEST,3 ROOM,93.53,120,270000.0
2018-08,WEST,3 ROOM,91.32,103,262000.0
2018-09,WEST,3 ROOM,92.85,113,269000.0
2018-10,WEST,3 ROOM,92.05,112,265000.0
2018-11,WEST,3 ROOM,92.89,91,265000.0
2018-12,WEST,3 ROOM,91.88,79,270000.0
2019-01,WEST,3 ROOM,91.07,93,273000.0
2019-02,WEST,3 ROOM,90.61,69,260000.0
2019-03,WEST,3 ROOM,92.84,77,265000.0
2019-04,WEST,3 ROOM,91.53,97,268000.0
2019-05,WEST,3 ROOM,90.47,114,265900.0
2019-06,WEST,3 ROOM,90.81,102,260000.0
2019-07,WEST,3 ROOM,91.53,122,266500.0
2019-08,WEST,3 ROOM,91.16,94,258500.0
2019-09,WEST,3 ROOM,90.71,96,268000.0
2019-10,WEST,3 ROOM,91.85,123,264000.0
2019-11,WEST,3 ROOM,91.78,79,264000.0
2019-12,WEST,3 ROOM,92.4,106,265500.0
2020-01,WEST,3 ROOM,92.39,67,265000.0
2020-02,WEST,3 ROOM,93.15,82,269000.0
2020-03,WEST,3 ROOM,94.03,105,275000.0
2020-04,WEST,3 ROOM,93.62,15,290000.0
2020-05,WEST,3 ROOM,94.27,21,273000.0
2020-06,WEST,3 ROOM,92.42,146,271000.0
2020-07,WEST,3 ROOM,95.35,125,281500.0
2020-08,WEST,3 ROOM,95.25,109,275000.0
2020-09,WEST,3 ROOM,96.51,91,285000.0
2020-10,WEST,3 ROOM,98.3,82,293000.0
2020-11,WEST,3 ROOM,100.98,93,308000.0
2020-12,WEST,3 ROOM,102.8,104,310000.0
2021-01,WEST,3 ROOM,103.06,107,308000.0
2021-02,WEST,3 ROOM,104.8,91,320000.0
2021-03,WEST,3 ROOM,105.18,102,310000.0
2021-04,WEST,3 ROOM,106.14,79,320000.0
2021-05,WEST,3 ROOM,109.49,71,325000.0
2021-06,WEST,3 ROOM,109.9,83,315000.0
2021-07,WEST,3 ROOM,110.28,125,325000.0
2021-08,WEST,3 ROOM,113.72,96,329500.0
2021-09,WEST,3 ROOM,113.43,97,330000.0
2021-10,WEST,3 ROOM,114.61,113,345000.0
2021-11,WEST,3 ROOM,116.94,109,348000.0
2021-12,WEST,3 ROOM,118.36,102,345000.0
2022-01,WEST,3 ROOM,118.22,136,353000.0
2022-02,WEST,3 ROOM,118.93,75,338000.0
2022-03,WEST,3 ROOM,120.63,111,360000.0
2022-04,WEST,3 ROOM,121.35,110,351000.0
2022-05,WEST,3 ROOM,121.97,109,350000.0
2022-06,WEST,3 ROOM,122.79,114,360000.0
2022-07,WEST,3 ROOM,124.59,106,355000.0
2022-08,WEST,3 ROOM,124.95,111,360000.0
2022-09,WEST,3 ROOM,125.7,108,359500.0
2022-10,WEST,3 ROOM,126.89,91,370000.0
2022-11,WEST,3 ROOM,127.55,93,365000.0
2022-12,WEST,3 ROOM,129.0,102,365000.0
2023-01,WEST,3 ROOM,128.22,119,370000.0
2023-02,WEST,3 ROOM,129.12,104,375000.0
2023-03,WEST,3 ROOM,128.91,116,377500.0
2023-04,WEST,3 ROOM,129.77,102,373000.0
2023-05,WEST,3 ROOM,129.99,121,378888.0
2023-06,WEST,3 ROOM,130.01,70,374000.0
2023-07,WEST,3 ROOM,132.76,103,385000.0
2023-08,WEST,3 ROOM,130.82,111,375000.0
2023-09,WEST,3 ROOM,131.78,110,380000.0
2023-10,WEST,3 ROOM,132.48,114,374000.0
2023-11,WEST,3 ROOM,132.45,118,379000.0
2023-12,WEST,3 ROOM,132.66,112,375000.0
2024-01,WEST,3 ROOM,132.84,137,383000.0
2024-02,WEST,3 ROOM,134.14,134,379000.0
2024-03,WEST,3 ROOM,134.19,108,380000.0
2024-04,WEST,3 ROOM,135.59,135,385000.0
2024-05,WEST,3 ROOM,137.64,141,389000.0
2024-06,WEST,3 ROOM,138.04,108,395000.0
2024-07,WEST,3 ROOM,137.25,149,388888.0
2024-08,WEST,3 ROOM,140.33,142,395000.0
2024-09,WEST,3 ROOM,143.49,115,406888.0
2024-10,WEST,3 ROOM,144.31,142,410000.0
2024-11,WEST,3 ROOM,146.22,99,418000.0
2024-12,WEST,3 ROOM,146.55,119,410000.0
2025-01,WEST,3 ROOM,144.57,101,410000.0
2025-02,WEST,3 ROOM,147.45,123,400000.0
2025-03,WEST,3 ROOM,146.51,96,411500.0
2025-04,WEST,3 ROOM,149.1,114,422000.0
2025-05,WEST,3 ROOM,149.46,110,420000.0
2025-06,WEST,3 ROOM,149.43,117,420000.0
2025-07,WEST,3 ROOM,150.13,136,430000.0
2025-08,WEST,3 ROOM,151.0,117,427000.0
2025-09,WEST,3 ROOM,149.91,110,421000.0
2025-10,WEST,3 ROOM,151.5,76,434000.0
2025-11,WEST,3 ROOM,149.07,81,420000.0
2025-12,WEST,3 ROOM,150.54,96,417500.0
2026-01,WEST,3 ROOM,149.32,108,421500.0
2026-02,WEST,3 ROOM,148.19,98,413500.0
2026-03,WEST,3 ROOM,147.8,102,415000.0
2026-04,WEST,3 ROOM,149.35,100,425000.0
2026-05,WEST,3 ROOM,146.81,105,409000.0
2026-06,WEST,3 ROOM,147.44,96,427000.0
2026-07,WEST,3 ROOM,146.39,132,408000.0
2026-08,WEST,3 ROOM,146.59,114,414444.0
2026-09,WEST,3 ROOM,146.36,81,405000.0
2017-01,WEST,4 ROOM,100.0,144,381000.0
2017-02,WEST,4 ROOM,99.0,88,375000.0
2017-03,WEST,4 ROOM,100.99,163,384000.0
2017-04,WEST,4 ROOM,99.75,183,370000.0
2017-05,WEST,4 ROOM,99.06,187,380000.0
2017-06,WEST,4 ROOM,99.32,179,365000.0
2017-07,WEST,4 ROOM,98.89,160,368000.0
2017-08,WEST,4 ROOM,99.9,183,380000.0
2017-09,WEST,4 ROOM,98.35,164,380000.0
2017-10,WEST,4 ROOM,99.09,171,370000.0
2017-11,WEST,4 ROOM,98.84,189,370000.0
2017-12,WEST,4 ROOM,97.82,146,371000.0
2018-01,WEST,4 ROOM,97.98,93,360000.0
2018-02,WEST,4 ROOM,97.65,108,365000.0
2018-03,WEST,4 ROOM,97.5,179,370000.0
2018-04,WEST,4 ROOM,98.41,178,370000.0
2018-05,WEST,4 ROOM,97.7,163,370000.0
2018-06,WEST,4 ROOM,98.54,186,359000.0
2018-07,WEST,4 ROOM,96.99,220,361500.0
2018-08,WEST,4 ROOM,96.66,172,360000.0
2018-09,WEST,4 ROOM,96.79,203,365000.0
2018-10,WEST,4 ROOM,96.09,204,355000.0
2018-11,WEST,4 ROOM,96.02,171,355000.0
2018-12,WEST,4 ROOM,95.53,131,350000.0
2019-01,WEST,4 ROOM,97.03,154,369000.0
2019-02,WEST,4 ROOM,96.77,157,365000.0
2019-03,WEST,4 ROOM,95.98,173,358000.0
2019-04,WEST,4 ROOM,95.24,194,360000.0
2019-05,WEST,4 ROOM,96.6,191,360000.0
2019-06,WEST,4 ROOM,96.58,205,366000.0
2019-07,WEST,4 ROOM,96.81,199,366000.0
2019-08,WEST,4 ROOM,96.54,173,360000.0
2019-09,WEST,4 ROOM,96.62,149,355000.0
2019-10,WEST,4 ROOM,96.33,190,355000.0
2019-11,WEST,4 ROOM,98.65,172,370000.0
2019-12,WEST,4 ROOM,97.5,165,370000.0
2020-01,WEST,4 ROOM,97.92,215,360000.0
2020-02,WEST,4 ROOM,97.61,159,366000.0
2020-03,WEST,4 ROOM,98.17,179,370000.0
2020-04,WEST,4 ROOM,97.37,36,378500.0
2020-05,WEST,4 ROOM,98.88,19,360000.0
2020-06,WEST,4 ROOM,98.04,228,370000.0
2020-07,WEST,4 ROOM,99.81,240,385000.0
2020-08,WEST,4 ROOM,100.12,206,381444.0
2020-09,WEST,4 ROOM,102.58,220,400000.0
2020-10,WEST,4 ROOM,103.43,209,405000.0
2020-11,WEST,4 ROOM,105.43,206,410000.0
2020-12,WEST,4 ROOM,106.54,212,412500.0
2021-01,WEST,4 ROOM,107.34,224,420000.0
2021-02,WEST,4 ROOM,108.74,178,427000.0
2021-03,WEST,4 ROOM,109.52,216,430000.0
2021-04,WEST,4 ROOM,111.77,193,425000.0
2021-05,WEST,4 ROOM,113.67,164,444000.0
2021-06,WEST,4 ROOM,115.04,201,450000.0
2021-07,WEST,4 ROOM,115.23,236,450000.0
2021-08,WEST,4 ROOM,117.55,256,455000.0
2021-09,WEST,4 ROOM,118.28,217,455000.0
2021-10,WEST,4 ROOM,120.18,214,461000.0
2021-11,WEST,4 ROOM,122.15,214,469900.0
2021-12,WEST,4 ROOM,122.31,202,468000.0
2022-01,WEST,4 ROOM,123.07,225,465000.0
2022-02,WEST,4 ROOM,123.19,173,465000.0
2022-03,WEST,4 ROOM,125.16,208,465000.0
2022-04,WEST,4 ROOM,125.79,219,491000.0
2022-05,WEST,4 ROOM,127.67,192,492500.0
2022-06,WEST,4 ROOM,127.91,207,485000.0
2022-07,WEST,4 ROOM,128.12,182,485000.0
2022-08,WEST,4 ROOM,129.43,228,484000.0
2022-09,WEST,4 ROOM,130.38,221,488000.0
2022-10,WEST,4 ROOM,131.27,176,490500.0
2022-11,WEST,4 ROOM,132.5,198,500000.0
2022-12,WEST,4 ROOM,132.42,224,496505.5
2023-01,WEST,4 ROOM,133.39,254,505000.0
2023-02,WEST,4 ROOM,133.21,169,493000.0
2023-03,WEST,4 ROOM,134.4,222,500000.0
2023-04,WEST,4 ROOM,135.11,228,504000.0
2023-05,WEST,4 ROOM,137.36,214,518000.0
2023-06,WEST,4 ROOM,135.93,183,510000.0
2023-07,WEST,4 ROOM,136.63,213,516000.0
2023-08,WEST,4 ROOM,138.38,224,528000.0
2023-09,WEST,4 ROOM,137.82,207,520000.0
2023-10,WEST,4 ROOM,137.39,237,515000.0
2023-11,WEST,4 ROOM,138.55,222,519400.0
2023-12,WEST,4 ROOM,138.08,198,517000.0
2024-01,WEST,4 ROOM,139.44,283,513000.0
2024-02,WEST,4 ROOM,140.92,229,525000.0
2024-03,WEST,4 ROOM,141.3,209,530000.0
2024-04,WEST,4 ROOM,142.37,280,519500.0
2024-05,WEST,4 ROOM,143.73,268,521000.0
2024-06,WEST,4 ROOM,143.95,238,542500.0
2024-07,WEST,4 ROOM,145.24,341,540000.0
2024-08,WEST,4 ROOM,146.64,259,555000.0
2024-09,WEST,4 ROOM,149.76,229,550000.0
2024-10,WEST,4 ROOM,149.38,209,548888.0
2024-11,WEST,4 ROOM,151.33,213,545000.0
2024-12,WEST,4 ROOM,151.09,212,555000.0
2025-01,WEST,4 ROOM,153.09,232,551944.0
2025-02,WEST,4 ROOM,154.3,189,562000.0
2025-03,WEST,4 ROOM,153.78,189,575000.0
2025-04,WEST,4 ROOM,154.93,219,578000.0
2025-05,WEST,4 ROOM,156.81,222,580000.0
2025-06,WEST,4 ROOM,155.65,192,572500.0
2025-07,WEST,4 ROOM,156.4,250,570000.0
2025-08,WEST,4 ROOM,156.45,225,568000.0
2025-09,WEST,4 ROOM,156.29,195,590000.0
2025-10,WEST,4 ROOM,156.03,127,568888.0
2025-11,WEST,4 ROOM,156.29,173,575000.0
2025-12,WEST,4 ROOM,155.53,161,568000.0
2026-01,WEST,4 ROOM,154.52,226,572500.0
2026-02,WEST,4 ROOM,156.16,174,558000.0
2026-03,WEST,4 ROOM,155.35,193,575000.0
2026-04,WEST,4 ROOM,155.04,198,578444.0
2026-05,WEST,4 ROOM,154.98,240,560444.0
2026-06,WEST,4 ROOM,155.13,188,577000.0
2026-07,WEST,4 ROOM,154.54,257,569000.0
2026-08,WEST,4 ROOM,153.03,238,555000.0
2026-09,WEST,4 ROOM,153.89,213,555000.0
2017-01,WEST,5 ROOM,100.0,60,463000.0
2017-02,WEST,5 ROOM,97.76,53,450000.0
2017-03,WEST,5 ROOM,99.28,104,470000.0
2017-04,WEST,5 ROOM,101.31,108,477000.0
2017-05,WEST,5 ROOM,98.94,121,456888.0
2017-06,WEST,5 ROOM,97.59,86,449000.0
2017-07,WEST,5 ROOM,99.37,107,460000.0
2017-08,WEST,5 ROOM,99.06,114,469000.0
2017-09,WEST,5 ROOM,99.09,96,455000.0
2017-10,WEST,5 ROOM,101.01,105,459000.0
2017-11,WEST,5 ROOM,98.75,124,455000.0
2017-12,WEST,5 ROOM,98.58,100,454000.0
2018-01,WEST,5 ROOM,96.75,64,442500.0
2018-02,WEST,5 ROOM,98.66,73,458000.0
2018-03,WEST,5 ROOM,99.73,122,465000.0
2018-04,WEST,5 ROOM,98.02,119,442000.0
2018-05,WEST,5 ROOM,97.93,104,449000.0
2018-06,WEST,5 ROOM,98.18,160,448000.0
2018-07,WEST,5 ROOM,98.91,181,456000.0
2018-08,WEST,5 ROOM,97.36,138,440000.0
2018-09,WEST,5 ROOM,97.11,124,432500.0
2018-10,WEST,5 ROOM,97.63,119,438000.0
2018-11,WEST,5 ROOM,97.5,126,442500.0
2018-12,WEST,5 ROOM,97.61,81,450000.0
2019-01,WEST,5 ROOM,96.8,98,435000.0
2019-02,WEST,5 ROOM,97.59,86,450000.0
2019-03,WEST,5 ROOM,96.82,107,443000.0
2019-04,WEST,5 ROOM,98.65,125,465000.0
2019-05,WEST,5 ROOM,96.87,143,437000.0
2019-06,WEST,5 ROOM,97.93,127,450000.0
2019-07,WEST,5 ROOM,97.47,154,434000.0
2019-08,WEST,5 ROOM,97.64,120,454000.0
2019-09,WEST,5 ROOM,99.17,128,454250.0
2019-10,WEST,5 ROOM,100.23,157,458000.0
2019-11,WEST,5 ROOM,100.39,109,452000.0
2019-12,WEST,5 ROOM,99.76,123,454000.0
2020-01,WEST,5 ROOM,98.08,117,440000.0
2020-02,WEST,5 ROOM,100.33,89,460000.0
2020-03,WEST,5 ROOM,100.26,126,450000.0
2020-04,WEST,5 ROOM,102.86,26,492500.0
2020-05,WEST,5 ROOM,101.74,25,455000.0
2020-06,WEST,5 ROOM,99.96,164,446500.0
2020-07,WEST,5 ROOM,100.6,161,468000.0
2020-08,WEST,5 ROOM,101.7,182,472500.0
2020-09,WEST,5 ROOM,103.26,149,473000.0
2020-10,WEST,5 ROOM,105.6,153,490000.0
2020-11,WEST,5 ROOM,105.47,138,496444.0
2020-12,WEST,5 ROOM,107.64,148,495000.0
2021-01,WEST,5 ROOM,107.86,145,488000.0
2021-02,WEST,5 ROOM,111.04,141,520000.0
2021-03,WEST,5 ROOM,110.94,148,510000.0
2021-04,WEST,5 ROOM,111.94,132,528000.0
2021-05,WEST,5 ROOM,115.38,113,540000.0
2021-06,WEST,5 ROOM,116.13,139,530000.0
2021-07,WEST,5 ROOM,116.18,155,540000.0
2021-08,WEST,5 ROOM,117.72,157,550000.0
2021-09,WEST,5 ROOM,119.09,144,552500.0
2021-10,WEST,5 ROOM,119.9,174,545000.0
2021-11,WEST,5 ROOM,121.68,141,560000.0
2021-12,WEST,5 ROOM,123.03,138,562500.0
2022-01,WEST,5 ROOM,123.59,160,565000.0
2022-02,WEST,5 ROOM,124.98,129,570000.0
2022-03,WEST,5 ROOM,125.49,152,571000.0
2022-04,WEST,5 ROOM,128.06,149,585000.0
2022-05,WEST,5 ROOM,126.96,143,570000.0
2022-06,WEST,5 ROOM,129.58,134,579500.0
2022-07,WEST,5 ROOM,128.85,133,605000.0
2022-08,WEST,5 ROOM,129.55,135,582000.0
2022-09,WEST,5 ROOM,132.23,179,600000.0
2022-10,WEST,5 ROOM,131.84,114,592500.0
2022-11,WEST,5 ROOM,132.43,117,600000.0
2022-12,WEST,5 ROOM,131.84,128,576500.0
2023-01,WEST,5 ROOM,134.44,131,610000.0
2023-02,WEST,5 ROOM,134.8,88,606500.0
2023-03,WEST,5 ROOM,135.47,127,618000.0
2023-04,WEST,5 ROOM,137.27,140,630000.0
2023-05,WEST,5 ROOM,137.09,127,638000.0
2023-06,WEST,5 ROOM,136.75,87,610000.0
2023-07,WEST,5 ROOM,137.03,130,608000.0
2023-08,WEST,5 ROOM,136.87,148,610500.0
2023-09,WEST,5 ROOM,137.45,120,600000.0
2023-10,WEST,5 ROOM,137.03,121,630000.0
2023-11,WEST,5 ROOM,138.07,123,623500.0
2023-12,WEST,5 ROOM,138.19,108,613944.0
2024-01,WEST,5 ROOM,140.15,148,629444.0
2024-02,WEST,5 ROOM,140.13,137,620000.0
2024-03,WEST,5 ROOM,140.46,154,620944.0
2024-04,WEST,5 ROOM,141.51,139,620000.0
2024-05,WEST,5 ROOM,142.76,159,630000.0
2024-06,WEST,5 ROOM,143.72,135,640000.0
2024-07,WEST,5 ROOM,144.01,184,634400.0
2024-08,WEST,5 ROOM,144.95,160,646500.0
2024-09,WEST,5 ROOM,147.55,142,647500.0
2024-10,WEST,5 ROOM,148.4,142,669444.44
2024-11,WEST,5 ROOM,149.03,129,662000.0
2024-12,WEST,5 ROOM,150.87,106,650444.0
2025-01,WEST,5 ROOM,152.35,151,672000.0
2025-02,WEST,5 ROOM,152.56,124,671000.0
2025-03,WEST,5 ROOM,153.83,103,674000.0
2025-04,WEST,5 ROOM,153.75,127,678000.0
2025-05,WEST,5 ROOM,153.73,144,692500.0
2025-06,WEST,5 ROOM,154.69,143,700000.0
2025-07,WEST,5 ROOM,155.01,143,690000.0
2025-08,WEST,5 ROOM,152.88,134,670000.0
2025-09,WEST,5 ROOM,153.87,141,700000.0
2025-10,WEST,5 ROOM,154.83,63,690888.0
2025-11,WEST,5 ROOM,156.57,91,697000.0
2025-12,WEST,5 ROOM,154.31,134,690000.0
2026-01,WEST,5 ROOM,154.96,134,710444.0
2026-02,WEST,5 ROOM,153.43,101,668000.0
2026-03,WEST,5 ROOM,154.24,137,698888.0
2026-04,WEST,5 ROOM,154.27,120,679444.0
2026-05,WEST,5 ROOM,152.62,128,696500.0
2026-06,WEST,5 ROOM,153.45,131,685000.0
2026-07,WEST,5 ROOM,152.57,168,690000.0
2026-08,WEST,5 ROOM,154.41,137,698888.0
2026-09,WEST,5 ROOM,154.19,133,690000.0
2017-01,WEST,EXECUTIVE,100.0,24,571500.0
2017-02,WEST,EXECUTIVE,96.22,15,590000.0
2017-03,WEST,EXECUTIVE,97.26,40,577500.0
2017-04,WEST,EXECUTIVE,96.33,25,570000.0
2017-05,WEST,EXECUTIVE,97.72,38,572500.0
2017-06,WEST,EXECUTIVE,95.15,43,560000.0
2017-07,WEST,EXECUTIVE,98.02,41,575000.0
2017-08,WEST,EXECUTIVE,98.04,44,587500.0
2017-09,WEST,EXECUTIVE,97.67,45,592000.0
2017-10,WEST,EXECUTIVE,95.36,49,555000.0
2017-11,WEST,EXECUTIVE,96.37,42,544000.0
2017-12,WEST,EXECUTIVE,97.37,40,560000.0
2018-01,WEST,EXECUTIVE,96.6,26,584444.0
2018-02,WEST,EXECUTIVE,95.3,26,570000.0
2018-03,WEST,EXECUTIVE,94.96,57,546888.0
2018-04,WEST,EXECUTIVE,93.64,53,575000.0
2018-05,WEST,EXECUTIVE,98.85,42,572500.0
2018-06,WEST,EXECUTIVE,95.5,40,555000.0
2018-07,WEST,EXECUTIVE,95.9,65,555000.0
2018-08,WEST,EXECUTIVE,97.35,47,580000.0
2018-09,WEST,EXECUTIVE,96.47,47,555000.0
2018-10,WEST,EXECUTIVE,94.31,37,542000.0
2018-11,WEST,EXECUTIVE,96.78,47,565000.0
2018-12,WEST,EXECUTIVE,93.33,25,530000.0
2019-01,WEST,EXECUTIVE,95.91,52,571000.0
2019-02,WEST,EXECUTIVE,96.95,31,590000.0
2019-03,WEST,EXECUTIVE,97.18,35,565000.0
2019-04,WEST,EXECUTIVE,95.05,55,550000.0
2019-05,WEST,EXECUTIVE,95.87,58,569000.0
2019-06,WEST,EXECUTIVE,95.45,45,565000.0
2019-07,WEST,EXECUTIVE,94.96,59,555000.0
2019-08,WEST,EXECUTIVE,95.25,52,540000.0
2019-09,WEST,EXECUTIVE,95.75,44,567500.0
2019-10,WEST,EXECUTIVE,95.64,56,542500.0
2019-11,WEST,EXECUTIVE,98.12,41,565000.0
2019-12,WEST,EXECUTIVE,97.77,44,565000.0
2020-01,WEST,EXECUTIVE,97.57,48,559500.0
2020-02,WEST,EXECUTIVE,97.34,40,565000.0
2020-03,WEST,EXECUTIVE,97.77,47,565000.0
2020-04,WEST,EXECUTIVE,95.5,8,555000.0
2020-05,WEST,EXECUTIVE,95.64,8,542500.0
2020-06,WEST,EXECUTIVE,96.8,64,537500.0
2020-07,WEST,EXECUTIVE,96.69,69,550000.0
2020-08,WEST,EXECUTIVE,97.55,54,584000.0
2020-09,WEST,EXECUTIVE,100.21,58,565000.0
2020-10,WEST,EXECUTIVE,101.66,68,597000.0
2020-11,WEST,EXECUTIVE,103.49,58,590000.0
2020-12,WEST,EXECUTIVE,105.11,57,610000.0
2021-01,WEST,EXECUTIVE,105.59,64,612500.0
2021-02,WEST,EXECUTIVE,106.95,50,660000.0
2021-03,WEST,EXECUTIVE,106.65,46,589000.0
2021-04,WEST,EXECUTIVE,109.71,50,638444.0
2021-05,WEST,EXECUTIVE,110.88,43,630000.0
2021-06,WEST,EXECUTIVE,110.84,59,640000.0
2021-07,WEST,EXECUTIVE,110.66,54,638444.0
2021-08,WEST,EXECUTIVE,113.04,54,668444.0
2021-09,WEST,EXECUTIVE,115.11,50,685000.0
2021-10,WEST,EXECUTIVE,117.21,47,660000.0
2021-11,WEST,EXECUTIVE,117.83,51,652000.0
2021-12,WEST,EXECUTIVE,118.98,47,705000.0
2022-01,WEST,EXECUTIVE,120.17,53,675000.0
2022-02,WEST,EXECUTIVE,118.75,39,680000.0
2022-03,WEST,EXECUTIVE,119.43,48,665000.0
2022-04,WEST,EXECUTIVE,121.63,50,706500.0
2022-05,WEST,EXECUTIVE,123.12,39,688000.0
2022-06,WEST,EXECUTIVE,125.1,35,720000.0
2022-07,WEST,EXECUTIVE,126.81,51,738000.0
2022-08,WEST,EXECUTIVE,126.61,47,720000.0
2022-09,WEST,EXECUTIVE,129.0,45,735000.0
2022-10,WEST,EXECUTIVE,128.45,42,694444.0
2022-11,WEST,EXECUTIVE,129.27,48,715500.0
2022-12,WEST,EXECUTIVE,129.48,37,750000.0
2023-01,WEST,EXECUTIVE,131.29,51,740000.0
2023-02,WEST,EXECUTIVE,131.45,47,725000.0
2023-03,WEST,EXECUTIVE,132.03,41,770000.0
2023-04,WEST,EXECUTIVE,131.81,42,750400.0
2023-05,WEST,EXECUTIVE,134.93,29,780000.0
2023-06,WEST,EXECUTIVE,133.54,33,740000.0
2023-07,WEST,EXECUTIVE,132.03,34,750000.0
2023-08,WEST,EXECUTIVE,134.23,41,731000.0
2023-09,WEST,EXECUTIVE,135.42,28,720000.0
2023-10,WEST,EXECUTIVE,135.63,31,818000.0
2023-11,WEST,EXECUTIVE,134.94,38,789000.0
2023-12,WEST,EXECUTIVE,133.66,34,752500.0
2024-01,WEST,EXECUTIVE,138.57,44,783444.0
2024-02,WEST,EXECUTIVE,137.11,46,778000.0
2024-03,WEST,EXECUTIVE,138.89,43,760000.0
2024-04,WEST,EXECUTIVE,140.25,40,805000.0
2024-05,WEST,EXECUTIVE,140.28,48,777500.0
2024-06,WEST,EXECUTIVE,141.9,36,806294.0
2024-07,WEST,EXECUTIVE,142.0,50,803500.0
2024-08,WEST,EXECUTIVE,144.32,49,820000.0
2024-09,WEST,EXECUTIVE,145.25,39,835000.0
2024-10,WEST,EXECUTIVE,149.18,33,838000.0
2024-11,WEST,EXECUTIVE,147.08,37,830000.0
2024-12,WEST,EXECUTIVE,147.21,45,820000.0
2025-01,WEST,EXECUTIVE,148.71,43,812000.0
2025-02,WEST,EXECUTIVE,151.3,42,835000.0
2025-03,WEST,EXECUTIVE,147.5,34,812500.0
2025-04,WEST,EXECUTIVE,148.07,34,841444.0
2025-05,WEST,EXECUTIVE,150.74,38,824444.0
2025-06,WEST,EXECUTIVE,151.68,42,824000.0
2025-07,WEST,EXECUTIVE,152.82,54,850000.0
2025-08,WEST,EXECUTIVE,150.08,40,834900.0
2025-09,WEST,EXECUTIVE,151.67,42,855000.0
2025-10,WEST,EXECUTIVE,150.0,20,841500.0
2025-11,WEST,EXECUTIVE,153.36,20,859444.0
2025-12,WEST,EXECUTIVE,152.85,32,842500.0
2026-01,WEST,EXECUTIVE,153.62,47,815000.0
2026-02,WEST,EXECUTIVE,151.5,39,838888.0
2026-03,WEST,EXECUTIVE,154.8,24,851444.0
2026-04,WEST,EXECUTIVE,151.58,34,871500.0
2026-05,WEST,EXECUTIVE,151.07,33,870000.0
2026-06,WEST,EXECUTIVE,149.57,23,825000.0
2026-07,WEST,EXECUTIVE,149.4,40,810000.0
2026-08,WEST,EXECUTIVE,147.57,41,800000.0
2026-09,WEST,EXECUTIVE,145.61,42,832500.0
2017-01,CENTRAL,2 ROOM,100.0,10,229250.0
2017-02,CENTRAL,2 ROOM,95.92,7,225000.0
2017-03,CENTRAL,2 ROOM,96.53,8,247500.0
2017-04,CENTRAL,2 ROOM,96.0,6,216000.0
2017-05,CENTRAL,2 ROOM,94.94,7,218000.0
2017-06,CENTRAL,2 ROOM,96.06,12,228000.0
2017-07,CENTRAL,2 ROOM,95.17,16,230000.0
2017-08,CENTRAL,2 ROOM,94.6,8,227944.0
2017-09,CENTRAL,2 ROOM,97.23,4,245000.0
2017-10,CENTRAL,2 ROOM,93.08,7,219000.0
2017-11,CENTRAL,2 ROOM,90.81,15,216000.0
2017-12,CENTRAL,2 ROOM,91.12,4,239500.0
2018-01,CENTRAL,2 ROOM,91.77,6,210000.0
2018-02,CENTRAL,2 ROOM,92.45,3,210000.0
2018-03,CENTRAL,2 ROOM,91.85,8,234000.0
2018-04,CENTRAL,2 ROOM,91.48,8,220000.0
2018-05,CENTRAL,2 ROOM,91.12,10,216000.0
2018-06,CENTRAL,2 ROOM,96.85,8,220000.0
2018-07,CENTRAL,2 ROOM,91.64,12,220000.0
2018-08,CENTRAL,2 ROOM,88.08,10,202000.0
2018-09,CENTRAL,2 ROOM,85.54,8,207500.0
2018-10,CENTRAL,2 ROOM,87.46,6,232500.0
2018-11,CENTRAL,2 ROOM,86.55,12,203500.0
2018-12,CENTRAL,2 ROOM,91.42,6,210000.0
2019-01,CENTRAL,2 ROOM,87.65,6,204000.0
2019-02,CENTRAL,2 ROOM,85.32,5,198000.0
2019-03,CENTRAL,2 ROOM,88.47,13,200000.0
2019-04,CENTRAL,2 ROOM,89.75,11,222000.0
2019-05,CENTRAL,2 ROOM,87.34,4,222500.0
2019-06,CENTRAL,2 ROOM,87.49,13,215000.0
2019-07,CENTRAL,2 ROOM,86.93,13,200000.0
2019-08,CENTRAL,2 ROOM,88.25,8,200000.0
2019-09,CENTRAL,2 ROOM,88.05,6,200000.0
2019-10,CENTRAL,2 ROOM,87.33,10,200000.0
2019-11,CENTRAL,2 ROOM,85.44,10,195000.0
2019-12,CENTRAL,2 ROOM,84.33,6,191500.0
2020-01,CENTRAL,2 ROOM,84.57,10,191500.0
2020-02,CENTRAL,2 ROOM,84.37,9,210000.0
2020-03,CENTRAL,2 ROOM,82.82,7,200000.0
2020-04,CENTRAL,2 ROOM,77.0,1,198000.0
2020-05,CENTRAL,2 ROOM,75.74,2,185000.0
2020-06,CENTRAL,2 ROOM,85.45,5,200000.0
2020-07,CENTRAL,2 ROOM,86.5,14,205500.0
2020-08,CENTRAL,2 ROOM,85.67,16,196500.0
2020-09,CENTRAL,2 ROOM,85.0,10,202500.0
2020-10,CENTRAL,2 ROOM,94.99,10,228000.0
2020-11,CENTRAL,2 ROOM,93.76,10,204500.0
2020-12,CENTRAL,2 ROOM,94.1,10,220000.0
2021-01,CENTRAL,2 ROOM,100.59,12,230000.0
2021-02,CENTRAL,2 ROOM,91.94,7,210000.0
2021-03,CENTRAL,2 ROOM,102.5,4,231500.0
2021-04,CENTRAL,2 ROOM,100.2,15,235000.0
2021-05,CENTRAL,2 ROOM,104.69,6,235000.0
2021-06,CENTRAL,2 ROOM,99.39,14,233000.0
2021-07,CENTRAL,2 ROOM,103.94,7,235000.0
2021-08,CENTRAL,2 ROOM,101.06,6,241500.0
2021-09,CENTRAL,2 ROOM,104.61,13,255000.0
2021-10,CENTRAL,2 ROOM,108.0,5,265000.0
2021-11,CENTRAL,2 ROOM,113.34,8,252500.0
2021-12,CENTRAL,2 ROOM,107.95,6,255250.0
2022-01,CENTRAL,2 ROOM,109.04,9,240000.0
2022-02,CENTRAL,2 ROOM,110.48,6,252500.0
2022-03,CENTRAL,2 ROOM,112.44,14,250000.0
2022-04,CENTRAL,2 ROOM,113.43,9,260000.0
2022-05,CENTRAL,2 ROOM,114.5,9,263000.0
2022-06,CENTRAL,2 ROOM,115.78,10,246000.0
2022-07,CENTRAL,2 ROOM,119.57,8,262500.0
2022-08,CENTRAL,2 ROOM,115.56,9,270000.0
2022-09,CENTRAL,2 ROOM,115.32,10,275000.0
2022-10,CENTRAL,2 ROOM,110.97,2,257500.0
2022-11,CENTRAL,2 ROOM,115.65,8,270000.0
2022-12,CENTRAL,2 ROOM,117.39,11,270000.0
2023-01,CENTRAL,2 ROOM,118.61,14,273500.0
2023-02,CENTRAL,2 ROOM,118.29,6,267500.0
2023-03,CENTRAL,2 ROOM,121.69,12,262500.0
2023-04,CENTRAL,2 ROOM,118.08,11,260000.0
2023-05,CENTRAL,2 ROOM,116.14,6,270000.0
2023-06,CENTRAL,2 ROOM,117.89,10,276500.0
2023-07,CENTRAL,2 ROOM,123.3,8,292500.0
2023-08,CENTRAL,2 ROOM,119.07,23,290000.0
2023-09,CENTRAL,2 ROOM,115.32,12,260000.0
2023-10,CENTRAL,2 ROOM,119.23,11,272000.0
2023-11,CENTRAL,2 ROOM,119.02,6,278000.0
2023-12,CENTRAL,2 ROOM,122.54,9,302000.0
2024-01,CENTRAL,2 ROOM,119.42,9,285000.0
2024-02,CENTRAL,2 ROOM,123.52,10,271000.0
2024-03,CENTRAL,2 ROOM,125.8,7,290000.0
2024-04,CENTRAL,2 ROOM,122.97,13,288000.0
2024-05,CENTRAL,2 ROOM,121.13,6,286500.0
2024-06,CENTRAL,2 ROOM,129.68,12,294000.0
2024-07,CENTRAL,2 ROOM,133.49,6,312944.0
2024-08,CENTRAL,2 ROOM,128.95,11,280000.0
2024-09,CENTRAL,2 ROOM,129.18,9,290000.0
2024-10,CENTRAL,2 ROOM,130.08,7,290000.0
2024-11,CENTRAL,2 ROOM,128.98,9,285000.0
2024-12,CENTRAL,2 ROOM,133.71,11,320000.0
2025-01,CENTRAL,2 ROOM,126.09,10,284000.0
2025-02,CENTRAL,2 ROOM,132.83,14,307500.0
2025-03,CENTRAL,2 ROOM,133.23,5,297000.0
2025-04,CENTRAL,2 ROOM,134.14,10,300944.0
2025-05,CENTRAL,2 ROOM,135.97,13,305000.0
2025-06,CENTRAL,2 ROOM,144.16,10,327400.0
2025-07,CENTRAL,2 ROOM,141.7,11,350000.0
2025-08,CENTRAL,2 ROOM,135.28,8,305000.0
2025-09,CENTRAL,2 ROOM,133.88,9,298000.0
2025-10,CENTRAL,2 ROOM,136.36,11,301888.0
2025-11,CENTRAL,2 ROOM,131.52,12,297500.0
2025-12,CENTRAL,2 ROOM,130.63,10,291944.0
2026-01,CENTRAL,2 ROOM,134.19,8,295144.0
2026-02,CENTRAL,2 ROOM,127.6,7,300000.0
2026-03,CENTRAL,2 ROOM,129.94,8,277000.0
2026-04,CENTRAL,2 ROOM,132.24,7,283000.0
2026-05,CENTRAL,2 ROOM,132.36,13,308000.0
2026-06,CENTRAL,2 ROOM,131.57,6,300000.0
2026-07,CENTRAL,2 ROOM,133.37,14,309000.0
2026-08,CENTRAL,2 ROOM,131.52,11,283000.0
2026-09,CENTRAL,2 ROOM,130.8,12,308500.0
2017-01,CENTRAL,3 ROOM,100.0,110,333944.0
2017-02,CENTRAL,3 ROOM,98.21,92,334444.0
2017-03,CENTRAL,3 ROOM,99.05,155,326000.0
2017-04,CENTRAL,3 ROOM,97.63,134,350000.0
2017-05,CENTRAL,3 ROOM,98.49,153,330800.0
2017-06,CENTRAL,3 ROOM,98.14,137,321000.0
2017-07,CENTRAL,3 ROOM,97.92,139,330000.0
2017-08,CENTRAL,3 ROOM,96.98,172,315000.0
2017-09,CENTRAL,3 ROOM,97.76,116,339500.0
2017-10,CENTRAL,3 ROOM,97.43,147,330000.0
2017-11,CENTRAL,3 ROOM,95.49,147,326800.0
2017-12,CENTRAL,3 ROOM,95.65,115,320000.0
2018-01,CENTRAL,3 ROOM,96.64,87,320000.0
2018-02,CENTRAL,3 ROOM,94.99,82,317500.0
2018-03,CENTRAL,3 ROOM,94.24,121,320000.0
2018-04,CENTRAL,3 ROOM,94.73,125,310000.0
2018-05,CENTRAL,3 ROOM,94.6,108,315000.0
2018-06,CENTRAL,3 ROOM,95.21,130,319000.0
2018-07,CENTRAL,3 ROOM,95.47,186,340000.0
2018-08,CENTRAL,3 ROOM,95.19,142,329000.0
2018-09,CENTRAL,3 ROOM,93.57,148,304000.0
2018-10,CENTRAL,3 ROOM,94.38,158,310000.0
2018-11,CENTRAL,3 ROOM,94.72,133,336000.0
2018-12,CENTRAL,3 ROOM,93.65,107,298000.0
2019-01,CENTRAL,3 ROOM,94.54,96,311250.0
2019-02,CENTRAL,3 ROOM,93.67,92,304500.0
2019-03,CENTRAL,3 ROOM,93.74,115,310000.0
2019-04,CENTRAL,3 ROOM,92.17,138,295000.0
2019-05,CENTRAL,3 ROOM,93.59,158,314000.0
2019-06,CENTRAL,3 ROOM,93.44,121,300000.0
2019-07,CENTRAL,3 ROOM,92.43,144,300000.0
2019-08,CENTRAL,3 ROOM,93.11,126,300000.0
2019-09,CENTRAL,3 ROOM,90.88,138,300000.0
2019-10,CENTRAL,3 ROOM,91.96,153,302000.0
2019-11,CENTRAL,3 ROOM,92.6,137,292000.0
2019-12,CENTRAL,3 ROOM,92.37,134,300000.0
2020-01,CENTRAL,3 ROOM,91.24,124,299000.0
2020-02,CENTRAL,3 ROOM,90.98,92,300000.0
2020-03,CENTRAL,3 ROOM,90.48,125,290000.0
2020-04,CENTRAL,3 ROOM,87.49,27,258000.0
2020-05,CENTRAL,3 ROOM,91.38,17,298000.0
2020-06,CENTRAL,3 ROOM,91.83,156,294250.0
2020-07,CENTRAL,3 ROOM,90.02,166,263694.0
2020-08,CENTRAL,3 ROOM,93.01,168,300000.0
2020-09,CENTRAL,3 ROOM,93.11,162,284500.0
2020-10,CENTRAL,3 ROOM,96.06,161,308888.0
2020-11,CENTRAL,3 ROOM,95.97,151,305000.0
2020-12,CENTRAL,3 ROOM,95.79,197,295888.0
2021-01,CENTRAL,3 ROOM,96.93,169,315000.0
2021-02,CENTRAL,3 ROOM,99.18,149,321500.0
2021-03,CENTRAL,3 ROOM,100.14,171,320000.0
2021-04,CENTRAL,3 ROOM,100.03,153,318000.0
2021-05,CENTRAL,3 ROOM,102.61,145,348000.0
2021-06,CENTRAL,3 ROOM,102.2,174,322944.0
2021-07,CENTRAL,3 ROOM,103.03,182,328500.0
2021-08,CENTRAL,3 ROOM,105.77,180,339000.0
2021-09,CENTRAL,3 ROOM,106.9,171,340888.0
2021-10,CENTRAL,3 ROOM,106.9,198,333500.0
2021-11,CENTRAL,3 ROOM,109.37,171,340000.0
2021-12,CENTRAL,3 ROOM,109.81,178,370000.0
2022-01,CENTRAL,3 ROOM,110.08,160,350000.0
2022-02,CENTRAL,3 ROOM,110.59,140,350000.0
2022-03,CENTRAL,3 ROOM,112.38,173,358000.0
2022-04,CENTRAL,3 ROOM,114.15,152,365000.0
2022-05,CENTRAL,3 ROOM,112.32,153,360000.0
2022-06,CENTRAL,3 ROOM,114.26,141,358000.0
2022-07,CENTRAL,3 ROOM,115.0,182,354000.0
2022-08,CENTRAL,3 ROOM,117.12,164,370000.0
2022-09,CENTRAL,3 ROOM,116.11,189,370000.0
2022-10,CENTRAL,3 ROOM,118.04,154,382500.0
2022-11,CENTRAL,3 ROOM,118.35,159,370000.0
2022-12,CENTRAL,3 ROOM,118.27,168,370000.0
2023-01,CENTRAL,3 ROOM,119.41,186,390000.0
2023-02,CENTRAL,3 ROOM,119.72,132,376500.0
2023-03,CENTRAL,3 ROOM,120.5,162,395500.0
2023-04,CENTRAL,3 ROOM,120.78,138,375000.0
2023-05,CENTRAL,3 ROOM,121.94,133,380000.0
2023-06,CENTRAL,3 ROOM,123.19,146,395500.0
2023-07,CENTRAL,3 ROOM,122.93,130,385944.0
2023-08,CENTRAL,3 ROOM,123.02,182,383500.0
2023-09,CENTRAL,3 ROOM,122.1,153,385000.0
2023-10,CENTRAL,3 ROOM,125.44,155,385000.0
2023-11,CENTRAL,3 ROOM,123.38,145,398000.0
2023-12,CENTRAL,3 ROOM,123.86,137,388000.0
2024-01,CENTRAL,3 ROOM,124.49,158,390000.0
2024-02,CENTRAL,3 ROOM,125.95,137,400000.0
2024-03,CENTRAL,3 ROOM,126.5,149,393000.0
2024-04,CENTRAL,3 ROOM,127.87,162,407500.0
2024-05,CENTRAL,3 ROOM,129.79,181,400000.0
2024-06,CENTRAL,3 ROOM,131.05,163,420888.0
2024-07,CENTRAL,3 ROOM,132.34,238,412500.0
2024-08,CENTRAL,3 ROOM,129.33,199,408000.0
2024-09,CENTRAL,3 ROOM,133.65,186,408000.0
2024-10,CENTRAL,3 ROOM,134.74,150,412500.0
2024-11,CENTRAL,3 ROOM,137.62,141,425000.0
2024-12,CENTRAL,3 ROOM,136.27,144,430000.0
2025-01,CENTRAL,3 ROOM,136.52,176,427000.0
2025-02,CENTRAL,3 ROOM,139.12,155,440888.0
2025-03,CENTRAL,3 ROOM,137.04,149,443000.0
2025-04,CENTRAL,3 ROOM,139.21,170,439944.0
2025-05,CENTRAL,3 ROOM,142.66,176,446500.0
2025-06,CENTRAL,3 ROOM,140.9,169,448000.0
2025-07,CENTRAL,3 ROOM,140.04,165,452000.0
2025-08,CENTRAL,3 ROOM,141.14,169,435000.0
2025-09,CENTRAL,3 ROOM,139.7,142,422500.0
2025-10,CENTRAL,3 ROOM,139.27,106,446500.0
2025-11,CENTRAL,3 ROOM,142.55,145,420000.0
2025-12,CENTRAL,3 ROOM,140.57,173,430000.0
2026-01,CENTRAL,3 ROOM,140.03,183,430000.0
2026-02,CENTRAL,3 ROOM,139.07,111,420000.0
2026-03,CENTRAL,3 ROOM,139.83,168,428000.0
2026-04,CENTRAL,3 ROOM,139.12,151,418000.0
2026-05,CENTRAL,3 ROOM,138.79,182,440000.0
2026-06,CENTRAL,3 ROOM,138.85,151,430000.0
2026-07,CENTRAL,3 ROOM,139.85,168,405000.0
2026-08,CENTRAL,3 ROOM,138.42,180,438000.0
2026-09,CENTRAL,3 ROOM,139.66,153,442888.0
2017-01,CENTRAL,4 ROOM,100.0,68,595000.0
2017-02,CENTRAL,4 ROOM,98.48,73,610000.0
2017-03,CENTRAL,4 ROOM,98.72,145,600000.0
2017-04,CENTRAL,4 ROOM,98.08,127,620000.0
2017-05,CENTRAL,4 ROOM,98.84,132,621000.0
2017-06,CENTRAL,4 ROOM,98.43,132,586000.0
2017-07,CENTRAL,4 ROOM,97.53,121,600000.0
2017-08,CENTRAL,4 ROOM,97.33,140,590500.0
2017-09,CENTRAL,4 ROOM,98.58,131,620000.0
2017-10,CENTRAL,4 ROOM,97.3,137,580000.0
2017-11,CENTRAL,4 ROOM,99.31,155,600000.0
2017-12,CENTRAL,4 ROOM,98.39,104,594000.0
2018-01,CENTRAL,4 ROOM,97.11,85,582000.0
2018-02,CENTRAL,4 ROOM,97.38,84,562500.0
2018-03,CENTRAL,4 ROOM,97.12,152,635000.0
2018-04,CENTRAL,4 ROOM,98.9,125,625000.0
2018-05,CENTRAL,4 ROOM,98.72,98,620000.0
2018-06,CENTRAL,4 ROOM,97.7,139,608000.0
2018-07,CENTRAL,4 ROOM,99.19,176,590000.0
2018-08,CENTRAL,4 ROOM,97.85,146,604444.0
2018-09,CENTRAL,4 ROOM,99.06,129,600000.0
2018-10,CENTRAL,4 ROOM,99.53,128,589000.0
2018-11,CENTRAL,4 ROOM,100.34,125,628000.0
2018-12,CENTRAL,4 ROOM,100.02,89,598888.0
2019-01,CENTRAL,4 ROOM,99.69,107,585000.0
2019-02,CENTRAL,4 ROOM,97.96,84,557000.0
2019-03,CENTRAL,4 ROOM,97.69,133,570000.0
2019-04,CENTRAL,4 ROOM,99.7,121,635000.0
2019-05,CENTRAL,4 ROOM,99.95,139,602000.0
2019-06,CENTRAL,4 ROOM,98.05,115,630000.0
2019-07,CENTRAL,4 ROOM,100.84,123,635000.0
2019-08,CENTRAL,4 ROOM,98.84,135,565000.0
2019-09,CENTRAL,4 ROOM,99.14,109,590000.0
2019-10,CENTRAL,4 ROOM,97.81,156,550000.0
2019-11,CENTRAL,4 ROOM,101.15,119,610000.0
2019-12,CENTRAL,4 ROOM,100.16,121,600000.0
2020-01,CENTRAL,4 ROOM,99.61,102,536500.0
2020-02,CENTRAL,4 ROOM,100.87,103,592500.0
2020-03,CENTRAL,4 ROOM,99.38,119,560000.0
2020-04,CENTRAL,4 ROOM,102.35,15,720000.0
2020-05,CENTRAL,4 ROOM,100.7,13,555000.0
2020-06,CENTRAL,4 ROOM,99.78,157,575000.0
2020-07,CENTRAL,4 ROOM,100.82,117,605000.0
2020-08,CENTRAL,4 ROOM,100.47,115,570000.0
2020-09,CENTRAL,4 ROOM,101.54,159,670000.0
2020-10,CENTRAL,4 ROOM,102.13,174,645000.0
2020-11,CENTRAL,4 ROOM,101.96,182,602500.0
2020-12,CENTRAL,4 ROOM,102.96,169,628000.0
2021-01,CENTRAL,4 ROOM,102.68,169,602000.0
2021-02,CENTRAL,4 ROOM,102.99,165,635000.0
2021-03,CENTRAL,4 ROOM,105.62,207,676000.0
2021-04,CENTRAL,4 ROOM,105.54,185,645000.0
2021-05,CENTRAL,4 ROOM,105.3,176,714000.0
2021-06,CENTRAL,4 ROOM,106.52,189,685000.0
2021-07,CENTRAL,4 ROOM,106.67,176,666500.0
2021-08,CENTRAL,4 ROOM,108.35,211,665000.0
2021-09,CENTRAL,4 ROOM,109.35,201,710000.0
2021-10,CENTRAL,4 ROOM,110.37,199,678000.0
2021-11,CENTRAL,4 ROOM,110.52,196,692944.0
2021-12,CENTRAL,4 ROOM,111.17,181,700000.0
2022-01,CENTRAL,4 ROOM,112.54,171,688000.0
2022-02,CENTRAL,4 ROOM,113.69,141,730000.0
2022-03,CENTRAL,4 ROOM,113.19,200,685000.0
2022-04,CENTRAL,4 ROOM,113.15,173,680888.0
2022-05,CENTRAL,4 ROOM,114.77,168,748500.0
2022-06,CENTRAL,4 ROOM,116.42,169,720000.0
2022-07,CENTRAL,4 ROOM,117.18,182,720000.0
2022-08,CENTRAL,4 ROOM,118.27,156,760000.0
2022-09,CENTRAL,4 ROOM,118.14,195,750000.0
2022-10,CENTRAL,4 ROOM,122.17,137,788000.0
2022-11,CENTRAL,4 ROOM,122.13,128,760000.0
2022-12,CENTRAL,4 ROOM,120.4,147,720000.0
2023-01,CENTRAL,4 ROOM,120.86,160,778444.0
2023-02,CENTRAL,4 ROOM,122.41,128,707500.0
2023-03,CENTRAL,4 ROOM,122.2,166,778444.0
2023-04,CENTRAL,4 ROOM,123.81,164,755000.0
2023-05,CENTRAL,4 ROOM,124.8,152,760444.0
2023-06,CENTRAL,4 ROOM,125.84,125,780000.0
2023-07,CENTRAL,4 ROOM,126.97,118,825000.0
2023-08,CENTRAL,4 ROOM,127.42,187,815000.0
2023-09,CENTRAL,4 ROOM,126.87,137,770000.0
2023-10,CENTRAL,4 ROOM,127.9,136,795000.0
2023-11,CENTRAL,4 ROOM,128.03,135,790000.0
2023-12,CENTRAL,4 ROOM,127.99,133,816000.0
2024-01,CENTRAL,4 ROOM,130.64,168,841900.0
2024-02,CENTRAL,4 ROOM,130.57,120,819000.0
2024-03,CENTRAL,4 ROOM,132.23,147,810000.0
2024-04,CENTRAL,4 ROOM,134.08,149,815000.0
2024-05,CENTRAL,4 ROOM,133.47,159,840000.0
2024-06,CENTRAL,4 ROOM,135.62,172,858449.5
2024-07,CENTRAL,4 ROOM,135.47,245,880000.0
2024-08,CENTRAL,4 ROOM,136.71,170,863000.0
2024-09,CENTRAL,4 ROOM,138.35,172,897500.0
2024-10,CENTRAL,4 ROOM,138.86,153,885000.0
2024-11,CENTRAL,4 ROOM,141.38,131,860000.0
2024-12,CENTRAL,4 ROOM,141.8,152,920000.0
2025-01,CENTRAL,4 ROOM,142.14,174,895000.0
2025-02,CENTRAL,4 ROOM,141.51,155,882000.0
2025-03,CENTRAL,4 ROOM,143.46,138,885444.0
2025-04,CENTRAL,4 ROOM,145.02,169,928000.0
2025-05,CENTRAL,4 ROOM,144.63,179,878000.0
2025-06,CENTRAL,4 ROOM,145.75,161,950000.0
2025-07,CENTRAL,4 ROOM,146.55,184,900000.0
2025-08,CENTRAL,4 ROOM,145.92,165,883000.0
2025-09,CENTRAL,4 ROOM,146.32,189,890000.0
2025-10,CENTRAL,4 ROOM,146.39,107,920000.0
2025-11,CENTRAL,4 ROOM,145.69,131,882000.0
2025-12,CENTRAL,4 ROOM,146.62,143,910000.0
2026-01,CENTRAL,4 ROOM,146.85,193,932500.0
2026-02,CENTRAL,4 ROOM,148.4,108,929000.0
2026-03,CENTRAL,4 ROOM,148.31,171,903000.0
2026-04,CENTRAL,4 ROOM,147.45,162,920000.0
2026-05,CENTRAL,4 ROOM,146.73,178,889000.0
2026-06,CENTRAL,4 ROOM,147.46,163,955000.0
2026-07,CENTRAL,4 ROOM,146.14,199,928888.0
2026-08,CENTRAL,4 ROOM,148.27,189,950000.0
2026-09,CENTRAL,4 ROOM,148.67,187,930000.0
2017-01,CENTRAL,5 ROOM,100.0,33,730000.0
2017-02,CENTRAL,5 ROOM,99.6,52,790000.0
2017-03,CENTRAL,5 ROOM,99.25,66,798500.0
2017-04,CENTRAL,5 ROOM,98.51,61,725888.88
2017-05,CENTRAL,5 ROOM,98.6,84,783500.0
2017-06,CENTRAL,5 ROOM,102.03,77,770000.0
2017-07,CENTRAL,5 ROOM,99.48,70,795000.0
2017-08,CENTRAL,5 ROOM,99.8,77,760000.0
2017-09,CENTRAL,5 ROOM,100.18,78,787500.0
2017-10,CENTRAL,5 ROOM,98.87,79,755000.0
2017-11,CENTRAL,5 ROOM,99.07,90,764000.0
2017-12,CENTRAL,5 ROOM,100.76,76,810000.0
2018-01,CENTRAL,5 ROOM,98.46,42,821500.0
2018-02,CENTRAL,5 ROOM,98.13,51,765000.0
2018-03,CENTRAL,5 ROOM,101.66,89,820000.0
2018-04,CENTRAL,5 ROOM,100.08,94,801000.0
2018-05,CENTRAL,5 ROOM,102.67,69,818000.0
2018-06,CENTRAL,5 ROOM,100.37,90,804000.0
2018-07,CENTRAL,5 ROOM,103.09,83,808000.0
2018-08,CENTRAL,5 ROOM,102.0,85,800000.0
2018-09,CENTRAL,5 ROOM,102.0,71,778000.0
2018-10,CENTRAL,5 ROOM,100.25,73,760000.0
2018-11,CENTRAL,5 ROOM,102.9,54,765000.0
2018-12,CENTRAL,5 ROOM,100.85,42,808000.0
2019-01,CENTRAL,5 ROOM,98.7,49,750000.0
2019-02,CENTRAL,5 ROOM,102.01,53,798000.0
2019-03,CENTRAL,5 ROOM,100.51,74,747500.0
2019-04,CENTRAL,5 ROOM,100.49,73,758888.0
2019-05,CENTRAL,5 ROOM,99.91,81,765000.0
2019-06,CENTRAL,5 ROOM,102.83,69,805000.0
2019-07,CENTRAL,5 ROOM,102.95,81,750000.0
2019-08,CENTRAL,5 ROOM,102.71,71,770000.0
2019-09,CENTRAL,5 ROOM,100.65,79,738000.0
2019-10,CENTRAL,5 ROOM,101.71,70,785000.0
2019-11,CENTRAL,5 ROOM,99.85,59,750000.0
2019-12,CENTRAL,5 ROOM,101.21,54,762500.0
2020-01,CENTRAL,5 ROOM,99.04,62,703500.0
2020-02,CENTRAL,5 ROOM,102.16,57,725000.0
2020-03,CENTRAL,5 ROOM,101.96,60,781944.0
2020-04,CENTRAL,5 ROOM,102.68,10,770000.0
2020-05,CENTRAL,5 ROOM,97.99,16,751000.0
2020-06,CENTRAL,5 ROOM,101.47,79,725000.0
2020-07,CENTRAL,5 ROOM,101.94,65,728000.0
2020-08,CENTRAL,5 ROOM,100.91,70,742500.0
2020-09,CENTRAL,5 ROOM,103.54,82,780000.0
2020-10,CENTRAL,5 ROOM,105.32,95,750000.0
2020-11,CENTRAL,5 ROOM,103.84,94,740000.0
2020-12,CENTRAL,5 ROOM,103.57,110,756500.0
2021-01,CENTRAL,5 ROOM,105.5,122,767500.0
2021-02,CENTRAL,5 ROOM,106.68,110,799000.0
2021-03,CENTRAL,5 ROOM,107.55,96,808000.0
2021-04,CENTRAL,5 ROOM,106.03,100,770000.0
2021-05,CENTRAL,5 ROOM,108.06,81,820000.0
2021-06,CENTRAL,5 ROOM,109.59,100,796444.0
2021-07,CENTRAL,5 ROOM,109.98,121,783888.0
2021-08,CENTRAL,5 ROOM,112.33,107,824000.0
2021-09,CENTRAL,5 ROOM,109.33,94,822500.0
2021-10,CENTRAL,5 ROOM,112.23,91,835000.0
2021-11,CENTRAL,5 ROOM,113.04,94,837500.0
2021-12,CENTRAL,5 ROOM,115.22,88,842500.0
2022-01,CENTRAL,5 ROOM,114.19,81,850000.0
2022-02,CENTRAL,5 ROOM,114.98,64,869000.0
2022-03,CENTRAL,5 ROOM,114.55,87,815000.0
2022-04,CENTRAL,5 ROOM,115.43,76,856500.0
2022-05,CENTRAL,5 ROOM,116.57,85,840000.0
2022-06,CENTRAL,5 ROOM,119.91,78,861500.0
2022-07,CENTRAL,5 ROOM,121.01,89,830000.0
2022-08,CENTRAL,5 ROOM,121.1,82,877500.0
2022-09,CENTRAL,5 ROOM,122.28,84,886500.0
2022-10,CENTRAL,5 ROOM,123.71,85,875000.0
2022-11,CENTRAL,5 ROOM,122.14,62,865000.0
2022-12,CENTRAL,5 ROOM,123.97,48,907500.0
2023-01,CENTRAL,5 ROOM,121.39,59,880000.0
2023-02,CENTRAL,5 ROOM,125.23,47,858000.0
2023-03,CENTRAL,5 ROOM,124.94,60,904000.0
2023-04,CENTRAL,5 ROOM,124.18,59,885000.0
2023-05,CENTRAL,5 ROOM,126.49,62,860000.0
2023-06,CENTRAL,5 ROOM,126.02,48,896500.0
2023-07,CENTRAL,5 ROOM,127.24,59,880000.0
2023-08,CENTRAL,5 ROOM,129.26,68,909000.0
2023-09,CENTRAL,5 ROOM,130.1,56,952500.0
2023-10,CENTRAL,5 ROOM,127.61,47,890000.0
2023-11,CENTRAL,5 ROOM,130.37,51,890000.0
2023-12,CENTRAL,5 ROOM,132.1,48,905444.0
2024-01,CENTRAL,5 ROOM,131.78,60,923500.0
2024-02,CENTRAL,5 ROOM,132.72,50,902500.0
2024-03,CENTRAL,5 ROOM,132.95,50,940000.0
2024-04,CENTRAL,5 ROOM,134.6,50,936500.0
2024-05,CENTRAL,5 ROOM,135.71,60,979000.0
2024-06,CENTRAL,5 ROOM,140.97,60,1004444.0
2024-07,CENTRAL,5 ROOM,137.4,79,940000.0
2024-08,CENTRAL,5 ROOM,138.44,65,960000.0
2024-09,CENTRAL,5 ROOM,139.72,55,1000000.0
2024-10,CENTRAL,5 ROOM,144.99,43,1050000.0
2024-11,CENTRAL,5 ROOM,140.84,55,1000000.0
2024-12,CENTRAL,5 ROOM,142.14,65,970000.0
2025-01,CENTRAL,5 ROOM,142.15,55,990000.0
2025-02,CENTRAL,5 ROOM,141.99,66,1041500.0
2025-03,CENTRAL,5 ROOM,142.92,61,988888.0
2025-04,CENTRAL,5 ROOM,141.88,77,985000.0
2025-05,CENTRAL,5 ROOM,146.13,50,1087500.0
2025-06,CENTRAL,5 ROOM,148.32,64,1017500.0
2025-07,CENTRAL,5 ROOM,142.0,69,1018000.0
2025-08,CENTRAL,5 ROOM,147.68,66,1068000.0
2025-09,CENTRAL,5 ROOM,143.8,83,1008888.0
2025-10,CENTRAL,5 ROOM,145.15,50,1036500.0
2025-11,CENTRAL,5 ROOM,147.96,51,1150000.0
2025-12,CENTRAL,5 ROOM,148.07,74,1055000.0
2026-01,CENTRAL,5 ROOM,145.59,52,970000.0
2026-02,CENTRAL,5 ROOM,147.03,53,1020000.0
2026-03,CENTRAL,5 ROOM,149.27,65,1050000.0
2026-04,CENTRAL,5 ROOM,146.04,57,980000.0
2026-05,CENTRAL,5 ROOM,146.63,63,1050888.0
2026-06,CENTRAL,5 ROOM,149.36,74,1045000.0
2026-07,CENTRAL,5 ROOM,146.56,80,1032500.0
2026-08,CENTRAL,5 ROOM,149.1,78,1041500.0
2026-09,CENTRAL,5 ROOM,150.38,99,968000.0
2017-01,CENTRAL,EXECUTIVE,100.0,5,888000.0
2017-02,CENTRAL,EXECUTIVE,93.03,9,820000.0
2017-03,CENTRAL,EXECUTIVE,96.93,6,909000.0
2017-04,CENTRAL,EXECUTIVE,95.06,10,844000.0
2017-05,CENTRAL,EXECUTIVE,93.39,8,924000.0
2017-06,CENTRAL,EXECUTIVE,99.12,15,880000.0
2017-07,CENTRAL,EXECUTIVE,96.49,10,870000.0
2017-08,CENTRAL,EXECUTIVE,95.4,13,850000.0
2017-09,CENTRAL,EXECUTIVE,96.04,10,931944.0
2017-10,CENTRAL,EXECUTIVE,90.59,8,799000.0
2017-11,CENTRAL,EXECUTIVE,96.93,9,832000.0
2017-12,CENTRAL,EXECUTIVE,100.52,10,895000.0
2018-01,CENTRAL,EXECUTIVE,102.46,6,884000.0
2018-02,CENTRAL,EXECUTIVE,93.96,8,802500.0
2018-03,CENTRAL,EXECUTIVE,100.33,12,905000.0
2018-04,CENTRAL,EXECUTIVE,93.09,15,830000.0
2018-05,CENTRAL,EXECUTIVE,92.98,7,732000.0
2018-06,CENTRAL,EXECUTIVE,96.83,12,880000.0
2018-07,CENTRAL,EXECUTIVE,90.29,11,850000.0
2018-08,CENTRAL,EXECUTIVE,98.57,13,888000.0
2018-09,CENTRAL,EXECUTIVE,99.18,8,887500.0
2018-10,CENTRAL,EXECUTIVE,94.38,13,850000.0
2018-11,CENTRAL,EXECUTIVE,96.8,7,948000.0
2018-12,CENTRAL,EXECUTIVE,94.06,4,951500.0
2019-01,CENTRAL,EXECUTIVE,93.3,10,825000.0
2019-02,CENTRAL,EXECUTIVE,94.21,6,794000.0
2019-03,CENTRAL,EXECUTIVE,95.36,7,888000.0
2019-04,CENTRAL,EXECUTIVE,93.2,7,863000.0
2019-05,CENTRAL,EXECUTIVE,91.71,14,719000.0
2019-06,CENTRAL,EXECUTIVE,94.7,11,840000.0
2019-07,CENTRAL,EXECUTIVE,95.56,15,858000.0
2019-08,CENTRAL,EXECUTIVE,93.84,10,829000.0
2019-09,CENTRAL,EXECUTIVE,91.95,11,800000.0
2019-10,CENTRAL,EXECUTIVE,92.27,6,762000.0
2019-11,CENTRAL,EXECUTIVE,92.17,7,802888.0
2019-12,CENTRAL,EXECUTIVE,98.32,11,863000.0
2020-01,CENTRAL,EXECUTIVE,94.42,14,816500.0
2020-02,CENTRAL,EXECUTIVE,102.3,5,862000.0
2020-03,CENTRAL,EXECUTIVE,94.07,6,807500.0
2020-04,CENTRAL,EXECUTIVE,98.43,4,829000.0
2020-05,CENTRAL,EXECUTIVE,108.58,1,788000.0
2020-06,CENTRAL,EXECUTIVE,93.52,10,847500.0
2020-07,CENTRAL,EXECUTIVE,96.07,9,962000.0
2020-08,CENTRAL,EXECUTIVE,97.63,16,836500.0
2020-09,CENTRAL,EXECUTIVE,97.92,10,860000.0
2020-10,CENTRAL,EXECUTIVE,97.66,18,891944.0
2020-11,CENTRAL,EXECUTIVE,96.27,11,800000.0
2020-12,CENTRAL,EXECUTIVE,98.29,21,860000.0
2021-01,CENTRAL,EXECUTIVE,98.05,15,905000.0
2021-02,CENTRAL,EXECUTIVE,104.0,10,907500.0
2021-03,CENTRAL,EXECUTIVE,99.91,23,940000.0
2021-04,CENTRAL,EXECUTIVE,101.59,12,890000.0
2021-05,CENTRAL,EXECUTIVE,103.24,5,890000.0
2021-06,CENTRAL,EXECUTIVE,104.8,12,925444.0
2021-07,CENTRAL,EXECUTIVE,107.08,13,906000.0
2021-08,CENTRAL,EXECUTIVE,106.07,19,880000.0
2021-09,CENTRAL,EXECUTIVE,101.87,14,955000.0
2021-10,CENTRAL,EXECUTIVE,106.57,8,917500.0
2021-11,CENTRAL,EXECUTIVE,108.8,17,948000.0
2021-12,CENTRAL,EXECUTIVE,110.94,17,948000.0
2022-01,CENTRAL,EXECUTIVE,107.6,14,947500.0
2022-02,CENTRAL,EXECUTIVE,112.22,14,976944.0
2022-03,CENTRAL,EXECUTIVE,110.06,11,1000000.0
2022-04,CENTRAL,EXECUTIVE,114.3,8,944000.0
2022-05,CENTRAL,EXECUTIVE,115.31,9,1000000.0
2022-06,CENTRAL,EXECUTIVE,114.12,8,953444.0
2022-07,CENTRAL,EXECUTIVE,116.31,16,1049000.0
2022-08,CENTRAL,EXECUTIVE,115.05,9,955000.0
2022-09,CENTRAL,EXECUTIVE,117.63,21,1000000.0
2022-10,CENTRAL,EXECUTIVE,121.27,12,1020000.0
2022-11,CENTRAL,EXECUTIVE,123.08,6,1029000.0
2022-12,CENTRAL,EXECUTIVE,117.37,10,1019444.0
2023-01,CENTRAL,EXECUTIVE,120.18,11,1018000.0
2023-02,CENTRAL,EXECUTIVE,117.4,6,1095000.0
2023-03,CENTRAL,EXECUTIVE,118.47,9,1038000.0
2023-04,CENTRAL,EXECUTIVE,117.73,15,1020000.0
2023-05,CENTRAL,EXECUTIVE,120.42,11,992288.0
2023-06,CENTRAL,EXECUTIVE,125.78,5,1050000.0
2023-07,CENTRAL,EXECUTIVE,120.02,11,1035000.0
2023-08,CENTRAL,EXECUTIVE,125.38,10,1105000.0
2023-09,CENTRAL,EXECUTIVE,122.95,12,1017500.0
2023-10,CENTRAL,EXECUTIVE,120.09,9,1000000.0
2023-11,CENTRAL,EXECUTIVE,122.73,9,1030000.0
2023-12,CENTRAL,EXECUTIVE,122.78,7,1028000.0
2024-01,CENTRAL,EXECUTIVE,127.89,17,1200000.0
2024-02,CENTRAL,EXECUTIVE,131.67,6,1135000.0
2024-03,CENTRAL,EXECUTIVE,122.9,6,972500.0
2024-04,CENTRAL,EXECUTIVE,127.19,11,1212000.0
2024-05,CENTRAL,EXECUTIVE,129.45,13,1000888.0
2024-06,CENTRAL,EXECUTIVE,128.8,10,1034444.0
2024-07,CENTRAL,EXECUTIVE,131.24,9,1190000.0
2024-08,CENTRAL,EXECUTIVE,134.94,13,1188888.0
2024-09,CENTRAL,EXECUTIVE,132.01,6,1127500.0
2024-10,CENTRAL,EXECUTIVE,135.72,10,1219000.0
2024-11,CENTRAL,EXECUTIVE,134.93,4,1130000.0
2024-12,CENTRAL,EXECUTIVE,141.5,4,1075000.0
2025-01,CENTRAL,EXECUTIVE,132.99,6,1115000.0
2025-02,CENTRAL,EXECUTIVE,137.03,7,1170000.0
2025-03,CENTRAL,EXECUTIVE,136.1,6,1131500.0
2025-04,CENTRAL,EXECUTIVE,139.77,7,1250000.0
2025-05,CENTRAL,EXECUTIVE,140.9,16,1209000.0
2025-06,CENTRAL,EXECUTIVE,139.74,9,1150000.0
2025-07,CENTRAL,EXECUTIVE,137.22,13,1100000.0
2025-08,CENTRAL,EXECUTIVE,141.7,9,1250000.0
2025-09,CENTRAL,EXECUTIVE,137.89,8,1190000.0
2025-10,CENTRAL,EXECUTIVE,158.13,4,1413444.0
2025-11,CENTRAL,EXECUTIVE,139.46,8,1200000.0
2025-12,CENTRAL,EXECUTIVE,142.31,8,1284000.0
2026-01,CENTRAL,EXECUTIVE,134.0,8,1149000.0
2026-02,CENTRAL,EXECUTIVE,131.02,4,1169000.0
2026-03,CENTRAL,EXECUTIVE,134.88,7,1225000.0
2026-04,CENTRAL,EXECUTIVE,144.84,4,1254000.0
2026-05,CENTRAL,EXECUTIVE,134.74,7,1050000.0
2026-06,CENTRAL,EXECUTIVE,138.5,14,1194000.0
2026-07,CENTRAL,EXECUTIVE,137.55,6,1084444.0
2026-08,CENTRAL,EXECUTIVE,142.67,14,1270000.0
2026-09,CENTRAL,EXECUTIVE,140.71,19,1200000.0
2017-01,ALL,2 ROOM,100.0,18,239000.0
2017-02,ALL,2 ROOM,99.67,15,238000.0
2017-03,ALL,2 ROOM,99.22,16,255500.0
2017-04,ALL,2 ROOM,98.03,19,235000.0
2017-05,ALL,2 ROOM,98.69,18,249000.0
2017-06,ALL,2 ROOM,98.62,24,242000.0
2017-07,ALL,2 ROOM,98.75,24,240000.0
2017-08,ALL,2 ROOM,98.1,22,237500.0
2017-09,ALL,2 ROOM,97.58,14,237500.0
2017-10,ALL,2 ROOM,96.37,9,225000.0
2017-11,ALL,2 ROOM,95.42,24,220999.0
2017-12,ALL,2 ROOM,95.24,15,250000.0
2018-01,ALL,2 ROOM,94.16,15,230000.0
2018-02,ALL,2 ROOM,93.64,14,225434.0
2018-03,ALL,2 ROOM,95.03,23,235000.0
2018-04,ALL,2 ROOM,93.3,21,228000.0
2018-05,ALL,2 ROOM,92.7,23,228000.0
2018-06,ALL,2 ROOM,95.91,31,240000.0
2018-07,ALL,2 ROOM,94.84,30,238500.0
2018-08,ALL,2 ROOM,92.39,34,230000.0
2018-09,ALL,2 ROOM,90.65,23,230000.0
2018-10,ALL,2 ROOM,92.46,22,235000.0
2018-11,ALL,2 ROOM,90.14,29,218000.0
2018-12,ALL,2 ROOM,90.71,20,220000.0
2019-01,ALL,2 ROOM,91.71,18,236000.0
2019-02,ALL,2 ROOM,90.19,25,225000.0
2019-03,ALL,2 ROOM,91.4,29,220000.0
2019-04,ALL,2 ROOM,91.75,26,232500.0
2019-05,ALL,2 ROOM,88.94,31,228000.0
2019-06,ALL,2 ROOM,90.04,30,225000.0
2019-07,ALL,2 ROOM,89.36,47,227000.0
2019-08,ALL,2 ROOM,87.99,42,225000.0
2019-09,ALL,2 ROOM,88.13,41,225000.0
2019-10,ALL,2 ROOM,89.3,42,225500.0
2019-11,ALL,2 ROOM,88.98,43,220000.0
2019-12,ALL,2 ROOM,87.96,34,225500.0
2020-01,ALL,2 ROOM,88.46,34,225750.0
2020-02,ALL,2 ROOM,89.31,38,231000.0
2020-03,ALL,2 ROOM,88.64,50,234500.0
2020-04,ALL,2 ROOM,86.13,4,237500.0
2020-05,ALL,2 ROOM,91.17,8,214000.0
2020-06,ALL,2 ROOM,89.52,45,228000.0
2020-07,ALL,2 ROOM,89.53,62,225000.0
2020-08,ALL,2 ROOM,90.77,42,221500.0
2020-09,ALL,2 ROOM,92.14,38,233500.0
2020-10,ALL,2 ROOM,94.93,39,235000.0
2020-11,ALL,2 ROOM,95.95,27,239800.0
2020-12,ALL,2 ROOM,98.41,30,241000.0
2021-01,ALL,2 ROOM,99.4,38,245000.0
2021-02,ALL,2 ROOM,99.02,32,259000.0
2021-03,ALL,2 ROOM,99.72,28,257000.0
2021-04,ALL,2 ROOM,102.91,35,250000.0
2021-05,ALL,2 ROOM,103.17,26,267500.0
2021-06,ALL,2 ROOM,102.13,29,243000.0
2021-07,ALL,2 ROOM,103.63,31,256000.0
2021-08,ALL,2 ROOM,105.74,28,270000.0
2021-09,ALL,2 ROOM,106.88,41,270000.0
2021-10,ALL,2 ROOM,108.74,29,272000.0
2021-11,ALL,2 ROOM,110.84,33,280000.0
2021-12,ALL,2 ROOM,109.94,33,280000.0
2022-01,ALL,2 ROOM,111.16,36,280000.0
2022-02,ALL,2 ROOM,111.11,32,283750.0
2022-03,ALL,2 ROOM,113.56,32,280000.0
2022-04,ALL,2 ROOM,114.85,31,285000.0
2022-05,ALL,2 ROOM,116.78,32,286500.0
2022-06,ALL,2 ROOM,117.83,37,298000.0
2022-07,ALL,2 ROOM,119.48,34,302500.0
2022-08,ALL,2 ROOM,117.81,47,298000.0
2022-09,ALL,2 ROOM,120.82,48,307500.0
2022-10,ALL,2 ROOM,121.04,30,316500.0
2022-11,ALL,2 ROOM,122.17,44,310000.0
2022-12,ALL,2 ROOM,123.41,53,305888.0
2023-01,ALL,2 ROOM,123.94,68,321500.0
2023-02,ALL,2 ROOM,122.5,53,318888.0
2023-03,ALL,2 ROOM,125.19,56,315000.0
2023-04,ALL,2 ROOM,126.35,50,322444.0
2023-05,ALL,2 ROOM,125.63,48,319000.0
2023-06,ALL,2 ROOM,125.96,48,330000.0
2023-07,ALL,2 ROOM,127.35,47,325000.0
2023-08,ALL,2 ROOM,127.46,74,322000.0
2023-09,ALL,2 ROOM,124.46,61,323000.0
2023-10,ALL,2 ROOM,125.53,63,320000.0
2023-11,ALL,2 ROOM,127.57,54,326500.0
2023-12,ALL,2 ROOM,129.77,65,333000.0
2024-01,ALL,2 ROOM,127.63,79,330000.0
2024-02,ALL,2 ROOM,131.73,63,335000.0
2024-03,ALL,2 ROOM,131.11,59,335000.0
2024-04,ALL,2 ROOM,130.23,75,335288.0
2024-05,ALL,2 ROOM,131.35,61,330000.0
2024-06,ALL,2 ROOM,134.03,77,338888.0
2024-07,ALL,2 ROOM,133.55,87,340000.0
2024-08,ALL,2 ROOM,134.97,76,350000.0
2024-09,ALL,2 ROOM,137.7,60,353500.0
2024-10,ALL,2 ROOM,137.38,50,352500.0
2024-11,ALL,2 ROOM,138.54,51,355000.0
2024-12,ALL,2 ROOM,141.4,60,356944.0
2025-01,ALL,2 ROOM,138.86,68,358944.0
2025-02,ALL,2 ROOM,139.52,81,360000.0
2025-03,ALL,2 ROOM,142.15,61,370000.0
2025-04,ALL,2 ROOM,141.94,81,360000.0
2025-05,ALL,2 ROOM,142.63,67,360000.0
2025-06,ALL,2 ROOM,144.52,92,370000.0
2025-07,ALL,2 ROOM,145.12,89,375000.0
2025-08,ALL,2 ROOM,145.8,65,375000.0
2025-09,ALL,2 ROOM,145.27,62,379500.0
2025-10,ALL,2 ROOM,145.38,46,360000.0
2025-11,ALL,2 ROOM,144.22,58,365000.0
2025-12,ALL,2 ROOM,145.76,61,380000.0
2026-01,ALL,2 ROOM,146.18,71,372000.0
2026-02,ALL,2 ROOM,145.56,51,376000.0
2026-03,ALL,2 ROOM,145.49,66,370000.0
2026-04,ALL,2 ROOM,144.49,51,378000.0
2026-05,ALL,2 ROOM,144.76,65,380000.0
2026-06,ALL,2 ROOM,145.69,76,378000.0
2026-07,ALL,2 ROOM,145.51,85,372000.0
2026-08,ALL,2 ROOM,144.62,57,368000.0
2026-09,ALL,2 ROOM,145.55,66,365000.0
2017-01,ALL,3 ROOM,100.0,331,305000.0
2017-02,ALL,3 ROOM,99.37,262,305000.0
2017-03,ALL,3 ROOM,99.21,489,305500.0
2017-04,ALL,3 ROOM,98.7,462,305000.0
2017-05,ALL,3 ROOM,98.72,502,304000.0
2017-06,ALL,3 ROOM,99.11,416,308000.0
2017-07,ALL,3 ROOM,98.42,433,300000.0
2017-08,ALL,3 ROOM,97.76,480,299444.0
2017-09,ALL,3 ROOM,97.52,357,300000.0
2017-10,ALL,3 ROOM,98.01,457,300000.0
2017-11,ALL,3 ROOM,97.09,482,298000.0
2017-12,ALL,3 ROOM,96.49,357,291000.0
2018-01,ALL,3 ROOM,96.57,260,295000.0
2018-02,ALL,3 ROOM,95.54,274,288500.0
2018-03,ALL,3 ROOM,95.27,407,295000.0
2018-04,ALL,3 ROOM,95.58,437,293500.0
2018-05,ALL,3 ROOM,94.46,385,293000.0
2018-06,ALL,3 ROOM,95.42,471,293000.0
2018-07,ALL,3 ROOM,95.11,581,293000.0
2018-08,ALL,3 ROOM,93.95,490,290000.0
2018-09,ALL,3 ROOM,93.54,489,285000.0
2018-10,ALL,3 ROOM,93.99,504,290000.0
2018-11,ALL,3 ROOM,93.99,451,288000.0
2018-12,ALL,3 ROOM,93.74,356,285000.0
2019-01,ALL,3 ROOM,92.79,392,285000.0
2019-02,ALL,3 ROOM,93.48,330,283000.0
2019-03,ALL,3 ROOM,93.62,405,280000.0
2019-04,ALL,3 ROOM,92.8,452,280000.0
2019-05,ALL,3 ROOM,92.76,491,280000.0
2019-06,ALL,3 ROOM,92.89,450,280000.0
2019-07,ALL,3 ROOM,92.79,500,280500.0
2019-08,ALL,3 ROOM,93.29,440,288000.0
2019-09,ALL,3 ROOM,92.27,466,280000.0
2019-10,ALL,3 ROOM,92.79,560,285000.0
2019-11,ALL,3 ROOM,93.15,446,285000.0
2019-12,ALL,3 ROOM,92.9,474,285000.0
2020-01,ALL,3 ROOM,92.9,449,288000.0
2020-02,ALL,3 ROOM,93.06,366,290000.0
2020-03,ALL,3 ROOM,92.93,458,280000.0
2020-04,ALL,3 ROOM,91.21,95,278000.0
2020-05,ALL,3 ROOM,92.8,84,281000.0
2020-06,ALL,3 ROOM,93.28,638,285000.0
2020-07,ALL,3 ROOM,93.88,610,283750.0
2020-08,ALL,3 ROOM,95.35,558,292000.0
2020-09,ALL,3 ROOM,96.4,541,295000.0
2020-10,ALL,3 ROOM,98.42,498,308000.0
2020-11,ALL,3 ROOM,99.78,506,310000.0
2020-12,ALL,3 ROOM,100.32,540,301500.0
2021-01,ALL,3 ROOM,101.72,531,317000.0
2021-02,ALL,3 ROOM,103.19,463,320000.0
2021-03,ALL,3 ROOM,104.48,558,320000.0
2021-04,ALL,3 ROOM,104.83,458,325000.0
2021-05,ALL,3 ROOM,107.32,405,334000.0
2021-06,ALL,3 ROOM,107.86,467,328000.0
2021-07,ALL,3 ROOM,108.68,577,330000.0
2021-08,ALL,3 ROOM,110.55,575,338000.0
2021-09,ALL,3 ROOM,111.14,532,340000.0
2021-10,ALL,3 ROOM,112.47,587,345000.0
2021-11,ALL,3 ROOM,114.37,546,350000.0
2021-12,ALL,3 ROOM,115.49,534,350000.0
2022-01,ALL,3 ROOM,116.09,584,360000.0
2022-02,ALL,3 ROOM,116.44,433,350000.0
2022-03,ALL,3 ROOM,118.17,544,360000.0
2022-04,ALL,3 ROOM,119.86,492,360000.0
2022-05,ALL,3 ROOM,119.69,524,370000.0
2022-06,ALL,3 ROOM,121.37,471,369000.0
2022-07,ALL,3 ROOM,122.32,550,368000.0
2022-08,ALL,3 ROOM,123.01,566,370000.0
2022-09,ALL,3 ROOM,124.11,594,370000.0
2022-10,ALL,3 ROOM,124.59,457,380000.0
2022-11,ALL,3 ROOM,125.7,531,385000.0
2022-12,ALL,3 ROOM,126.36,562,380000.0
2023-01,ALL,3 ROOM,126.88,672,390000.0
2023-02,ALL,3 ROOM,127.4,488,382694.0
2023-03,ALL,3 ROOM,127.58,578,390000.0
2023-04,ALL,3 ROOM,128.21,489,388888.0
2023-05,ALL,3 ROOM,129.6,539,384000.0
2023-06,ALL,3 ROOM,130.56,419,392000.0
2023-07,ALL,3 ROOM,130.74,475,395000.0
2023-08,ALL,3 ROOM,130.82,626,390000.0
2023-09,ALL,3 ROOM,131.32,489,390000.0
2023-10,ALL,3 ROOM,131.61,534,390000.0
2023-11,ALL,3 ROOM,131.58,527,400000.0
2023-12,ALL,3 ROOM,132.17,501,395000.0
2024-01,ALL,3 ROOM,133.49,612,400000.0
2024-02,ALL,3 ROOM,134.41,526,405000.0
2024-03,ALL,3 ROOM,135.48,487,405000.0
2024-04,ALL,3 ROOM,136.42,583,410000.0
2024-05,ALL,3 ROOM,138.42,645,405000.0
2024-06,ALL,3 ROOM,139.41,519,418000.0
2024-07,ALL,3 ROOM,140.28,732,420000.0
2024-08,ALL,3 ROOM,141.01,617,420000.0
2024-09,ALL,3 ROOM,144.12,551,425000.0
2024-10,ALL,3 ROOM,145.47,560,425000.0
2024-11,ALL,3 ROOM,147.06,432,429444.0
2024-12,ALL,3 ROOM,146.91,512,433444.0
2025-01,ALL,3 ROOM,147.81,570,438888.0
2025-02,ALL,3 ROOM,150.16,535,441000.0
2025-03,ALL,3 ROOM,149.5,489,440000.0
2025-04,ALL,3 ROOM,150.71,569,445000.0
2025-05,ALL,3 ROOM,151.69,538,450000.0
2025-06,ALL,3 ROOM,151.28,566,450000.0
2025-07,ALL,3 ROOM,150.87,592,460000.0
2025-08,ALL,3 ROOM,152.32,554,447444.0
2025-09,ALL,3 ROOM,151.37,473,438888.0
2025-10,ALL,3 ROOM,152.39,343,445000.0
2025-11,ALL,3 ROOM,152.55,427,450000.0
2025-12,ALL,3 ROOM,151.94,486,440000.0
2026-01,ALL,3 ROOM,151.47,547,450000.0
2026-02,ALL,3 ROOM,150.81,392,435000.0
2026-03,ALL,3 ROOM,151.12,493,445000.0
2026-04,ALL,3 ROOM,150.21,480,443000.0
2026-05,ALL,3 ROOM,149.91,504,436900.0
2026-06,ALL,3 ROOM,150.12,504,445000.0
2026-07,ALL,3 ROOM,150.27,572,430281.5
2026-08,ALL,3 ROOM,149.84,557,440000.0
2026-09,ALL,3 ROOM,149.94,447,430000.0
2017-01,ALL,4 ROOM,100.0,500,410000.0
2017-02,ALL,4 ROOM,99.53,430,408000.0
2017-03,ALL,4 ROOM,99.72,795,418000.0
2017-04,ALL,4 ROOM,99.47,804,400000.0
2017-05,ALL,4 ROOM,99.65,825,408000.0
2017-06,ALL,4 ROOM,99.34,737,408000.0
2017-07,ALL,4 ROOM,98.72,764,400004.0
2017-08,ALL,4 ROOM,99.16,794,414000.0
2017-09,ALL,4 ROOM,98.81,748,410000.0
2017-10,ALL,4 ROOM,98.87,739,400000.0
2017-11,ALL,4 ROOM,98.83,825,407000.0
2017-12,ALL,4 ROOM,97.7,643,405000.0
2018-01,ALL,4 ROOM,98.06,427,410000.0
2018-02,ALL,4 ROOM,97.13,494,400000.0
2018-03,ALL,4 ROOM,97.75,763,410000.0
2018-04,ALL,4 ROOM,98.06,734,405000.0
2018-05,ALL,4 ROOM,97.72,695,400000.0
2018-06,ALL,4 ROOM,97.73,779,405000.0
2018-07,ALL,4 ROOM,97.88,1008,405000.0
2018-08,ALL,4 ROOM,97.33,840,400000.0
2018-09,ALL,4 ROOM,98.06,798,400000.0
2018-10,ALL,4 ROOM,97.74,839,396000.0
2018-11,ALL,4 ROOM,97.58,794,395000.0
2018-12,ALL,4 ROOM,97.88,597,395000.0
2019-01,ALL,4 ROOM,97.77,650,395000.0
2019-02,ALL,4 ROOM,97.64,543,393888.0
2019-03,ALL,4 ROOM,97.65,701,400000.0
2019-04,ALL,4 ROOM,97.84,828,398500.0
2019-05,ALL,4 ROOM,98.1,865,395000.0
2019-06,ALL,4 ROOM,97.97,791,400000.0
2019-07,ALL,4 ROOM,98.28,848,400000.0
2019-08,ALL,4 ROOM,98.17,804,400000.0
2019-09,ALL,4 ROOM,98.5,719,397000.0
2019-10,ALL,4 ROOM,98.4,900,400000.0
2019-11,ALL,4 ROOM,99.09,814,405000.0
2019-12,ALL,4 ROOM,98.92,765,405000.0
2020-01,ALL,4 ROOM,98.4,824,395000.0
2020-02,ALL,4 ROOM,99.0,736,400000.0
2020-03,ALL,4 ROOM,99.27,815,410000.0
2020-04,ALL,4 ROOM,99.0,174,410000.0
2020-05,ALL,4 ROOM,100.28,129,422000.0
2020-06,ALL,4 ROOM,99.53,982,409000.0
2020-07,ALL,4 ROOM,100.33,985,410000.0
2020-08,ALL,4 ROOM,101.31,974,418000.0
2020-09,ALL,4 ROOM,102.25,1054,420000.0
2020-10,ALL,4 ROOM,103.65,1007,436000.0
2020-11,ALL,4 ROOM,104.18,972,430000.0
2020-12,ALL,4 ROOM,105.53,994,440000.0
2021-01,ALL,4 ROOM,106.29,1046,448000.0
2021-02,ALL,4 ROOM,107.1,876,448000.0
2021-03,ALL,4 ROOM,108.55,1061,455000.0
2021-04,ALL,4 ROOM,109.53,1031,460000.0
2021-05,ALL,4 ROOM,110.43,854,470000.0
2021-06,ALL,4 ROOM,111.62,985,470000.0
2021-07,ALL,4 ROOM,112.56,1098,468000.0
2021-08,ALL,4 ROOM,114.04,1175,475000.0
2021-09,ALL,4 ROOM,114.92,1077,480000.0
2021-10,ALL,4 ROOM,116.74,1009,488000.0
2021-11,ALL,4 ROOM,117.9,1081,488000.0
2021-12,ALL,4 ROOM,118.9,1051,490000.0
2022-01,ALL,4 ROOM,119.81,1023,490000.0
2022-02,ALL,4 ROOM,120.48,814,485000.0
2022-03,ALL,4 ROOM,121.27,956,500000.0
2022-04,ALL,4 ROOM,122.88,987,503000.0
2022-05,ALL,4 ROOM,124.23,914,510044.0
2022-06,ALL,4 ROOM,125.2,893,510000.0
2022-07,ALL,4 ROOM,126.16,990,520000.0
2022-08,ALL,4 ROOM,127.26,952,515000.0
2022-09,ALL,4 ROOM,128.45,1061,523888.0
2022-10,ALL,4 ROOM,130.36,823,530000.0
2022-11,ALL,4 ROOM,130.78,898,530000.0
2022-12,ALL,4 ROOM,131.17,995,530000.0
2023-01,ALL,4 ROOM,131.68,1074,530000.0
2023-02,ALL,4 ROOM,132.18,770,535000.0
2023-03,ALL,4 ROOM,132.48,996,544400.0
2023-04,ALL,4 ROOM,133.66,1002,540000.0
2023-05,ALL,4 ROOM,134.8,1016,550000.0
2023-06,ALL,4 ROOM,135.19,848,545000.0
2023-07,ALL,4 ROOM,136.08,906,550000.0
2023-08,ALL,4 ROOM,136.98,1067,558888.0
2023-09,ALL,4 ROOM,136.63,870,555000.0
2023-10,ALL,4 ROOM,137.24,1006,558000.0
2023-11,ALL,4 ROOM,138.06,939,560000.0
2023-12,ALL,4 ROOM,138.74,861,563000.0
2024-01,ALL,4 ROOM,140.25,1159,565000.0
2024-02,ALL,4 ROOM,141.11,901,570000.0
2024-03,ALL,4 ROOM,141.67,864,570000.0
2024-04,ALL,4 ROOM,143.08,1036,569444.0
2024-05,ALL,4 ROOM,143.98,1050,580000.0
2024-06,ALL,4 ROOM,144.9,920,590000.0
2024-07,ALL,4 ROOM,146.76,1357,600000.0
2024-08,ALL,4 ROOM,148.13,1091,595000.0
2024-09,ALL,4 ROOM,149.98,925,610000.0
2024-10,ALL,4 ROOM,150.68,894,618944.0
2024-11,ALL,4 ROOM,152.96,844,603500.0
2024-12,ALL,4 ROOM,153.43,947,620000.0
2025-01,ALL,4 ROOM,154.02,1024,618000.0
2025-02,ALL,4 ROOM,154.61,863,623800.0
2025-03,ALL,4 ROOM,155.68,812,628000.0
2025-04,ALL,4 ROOM,156.33,997,630888.0
2025-05,ALL,4 ROOM,156.72,990,630000.0
2025-06,ALL,4 ROOM,157.04,935,635000.0
2025-07,ALL,4 ROOM,156.88,1124,625000.0
2025-08,ALL,4 ROOM,157.03,969,627000.0
2025-09,ALL,4 ROOM,156.79,964,640000.0
2025-10,ALL,4 ROOM,156.84,584,625000.0
2025-11,ALL,4 ROOM,157.07,731,625888.0
2025-12,ALL,4 ROOM,156.43,849,631000.0
2026-01,ALL,4 ROOM,156.22,1061,625000.0
2026-02,ALL,4 ROOM,157.15,725,620000.0
2026-03,ALL,4 ROOM,157.11,890,633500.0
2026-04,ALL,4 ROOM,156.41,841,638000.0
2026-05,ALL,4 ROOM,156.2,948,630000.0
2026-06,ALL,4 ROOM,156.61,914,620944.0
2026-07,ALL,4 ROOM,156.01,1155,625000.0
2026-08,ALL,4 ROOM,156.57,1155,628000.0
2026-09,ALL,4 ROOM,156.21,960,628000.0
2017-01,ALL,5 ROOM,100.0,256,476944.0
2017-02,ALL,5 ROOM,99.88,274,483500.0
2017-03,ALL,5 ROOM,99.98,453,477000.0
2017-04,ALL,5 ROOM,100.55,426,486444.0
2017-05,ALL,5 ROOM,99.83,488,480000.0
2017-06,ALL,5 ROOM,99.96,414,468000.0
2017-07,ALL,5 ROOM,100.13,418,468000.0
2017-08,ALL,5 ROOM,99.51,509,475000.0
2017-09,ALL,5 ROOM,99.41,430,474500.0
2017-10,ALL,5 ROOM,100.3,418,480000.0
2017-11,ALL,5 ROOM,99.91,491,485000.0
2017-12,ALL,5 ROOM,99.74,425,475000.0
2018-01,ALL,5 ROOM,98.54,264,485000.0
2018-02,ALL,5 ROOM,99.48,286,490000.0
2018-03,ALL,5 ROOM,100.0,497,485000.0
2018-04,ALL,5 ROOM,99.98,466,480000.0
2018-05,ALL,5 ROOM,100.51,462,480000.0
2018-06,ALL,5 ROOM,99.96,534,475000.0
2018-07,ALL,5 ROOM,100.45,675,471000.0
2018-08,ALL,5 ROOM,100.14,525,480000.0
2018-09,ALL,5 ROOM,99.24,499,460000.0
2018-10,ALL,5 ROOM,100.14,484,470000.0
2018-11,ALL,5 ROOM,100.43,443,465000.0
2018-12,ALL,5 ROOM,100.65,352,477444.0
2019-01,ALL,5 ROOM,100.03,366,470000.0
2019-02,ALL,5 ROOM,101.19,312,475000.0
2019-03,ALL,5 ROOM,100.56,401,488000.0
2019-04,ALL,5 ROOM,100.94,464,499000.0
2019-05,ALL,5 ROOM,100.4,506,475000.0
2019-06,ALL,5 ROOM,101.14,472,476500.0
2019-07,ALL,5 ROOM,101.02,556,484000.0
2019-08,ALL,5 ROOM,101.37,452,480000.0
2019-09,ALL,5 ROOM,101.4,459,480000.0
2019-10,ALL,5 ROOM,101.99,535,488000.0
2019-11,ALL,5 ROOM,101.7,473,490000.0
2019-12,ALL,5 ROOM,101.99,431,485000.0
2020-01,ALL,5 ROOM,101.25,469,493000.0
2020-02,ALL,5 ROOM,102.67,407,505000.0
2020-03,ALL,5 ROOM,102.54,473,500000.0
2020-04,ALL,5 ROOM,103.04,113,502000.0
2020-05,ALL,5 ROOM,102.58,106,505000.0
2020-06,ALL,5 ROOM,102.52,588,488000.0
2020-07,ALL,5 ROOM,103.32,599,508000.0
2020-08,ALL,5 ROOM,103.69,631,490000.0
2020-09,ALL,5 ROOM,105.58,643,510000.0
2020-10,ALL,5 ROOM,106.89,640,515000.0
2020-11,ALL,5 ROOM,107.18,618,525000.0
2020-12,ALL,5 ROOM,108.41,697,530000.0
2021-01,ALL,5 ROOM,109.45,651,535000.0
2021-02,ALL,5 ROOM,111.09,619,555000.0
2021-03,ALL,5 ROOM,111.63,621,548000.0
2021-04,ALL,5 ROOM,112.61,627,555000.0
2021-05,ALL,5 ROOM,113.97,524,560000.0
2021-06,ALL,5 ROOM,115.44,623,568000.0
2021-07,ALL,5 ROOM,116.26,737,575000.0
2021-08,ALL,5 ROOM,117.52,748,570000.0
2021-09,ALL,5 ROOM,117.82,670,575000.0
2021-10,ALL,5 ROOM,119.56,679,580000.0
2021-11,ALL,5 ROOM,120.86,681,590000.0
2021-12,ALL,5 ROOM,122.38,624,588000.0
2022-01,ALL,5 ROOM,123.11,630,588444.0
2022-02,ALL,5 ROOM,124.81,475,608000.0
2022-03,ALL,5 ROOM,124.74,557,600000.0
2022-04,ALL,5 ROOM,126.66,583,610000.0
2022-05,ALL,5 ROOM,127.07,543,608000.0
2022-06,ALL,5 ROOM,129.14,576,615000.0
2022-07,ALL,5 ROOM,130.2,588,630750.0
2022-08,ALL,5 ROOM,130.49,576,628000.0
2022-09,ALL,5 ROOM,132.92,689,633000.0
2022-10,ALL,5 ROOM,133.05,507,636000.0
2022-11,ALL,5 ROOM,134.24,498,635000.0
2022-12,ALL,5 ROOM,135.11,490,625000.0
2023-01,ALL,5 ROOM,134.97,586,640000.0
2023-02,ALL,5 ROOM,135.14,407,635000.0
2023-03,ALL,5 ROOM,135.76,510,640000.0
2023-04,ALL,5 ROOM,136.89,493,650000.0
2023-05,ALL,5 ROOM,137.29,534,651000.0
2023-06,ALL,5 ROOM,138.09,439,650000.0
2023-07,ALL,5 ROOM,139.13,499,655000.0
2023-08,ALL,5 ROOM,138.69,546,650000.0
2023-09,ALL,5 ROOM,139.44,440,650000.0
2023-10,ALL,5 ROOM,139.94,464,648444.0
2023-11,ALL,5 ROOM,140.6,458,655000.0
2023-12,ALL,5 ROOM,141.52,454,660000.0
2024-01,ALL,5 ROOM,142.92,606,680000.0
2024-02,ALL,5 ROOM,143.49,492,650000.0
2024-03,ALL,5 ROOM,144.21,503,668888.0
2024-04,ALL,5 ROOM,145.29,538,669444.0
2024-05,ALL,5 ROOM,147.33,555,683000.0
2024-06,ALL,5 ROOM,148.56,507,695000.0
2024-07,ALL,5 ROOM,148.67,693,690000.0
2024-08,ALL,5 ROOM,150.17,615,690000.0
2024-09,ALL,5 ROOM,151.88,523,700800.0
2024-10,ALL,5 ROOM,153.15,491,705000.0
2024-11,ALL,5 ROOM,153.25,472,718000.0
2024-12,ALL,5 ROOM,155.01,461,720000.0
2025-01,ALL,5 ROOM,156.24,525,715888.0
2025-02,ALL,5 ROOM,156.2,480,728000.0
2025-03,ALL,5 ROOM,156.18,431,735000.0
2025-04,ALL,5 ROOM,156.6,508,741500.0
2025-05,ALL,5 ROOM,158.09,535,738888.0
2025-06,ALL,5 ROOM,158.58,520,727444.0
2025-07,ALL,5 ROOM,158.6,583,740000.0
2025-08,ALL,5 ROOM,158.7,490,735000.0
2025-09,ALL,5 ROOM,158.04,532,749444.0
2025-10,ALL,5 ROOM,159.1,304,740000.0
2025-11,ALL,5 ROOM,159.17,357,748000.0
2025-12,ALL,5 ROOM,158.89,513,738000.0
2026-01,ALL,5 ROOM,159.86,505,745000.0
2026-02,ALL,5 ROOM,158.81,385,750000.0
2026-03,ALL,5 ROOM,159.08,485,750000.0
2026-04,ALL,5 ROOM,158.42,437,735000.0
2026-05,ALL,5 ROOM,158.54,484,740000.0
2026-06,ALL,5 ROOM,159.22,497,738000.0
2026-07,ALL,5 ROOM,157.64,675,730000.0
2026-08,ALL,5 ROOM,158.77,578,740000.0
2026-09,ALL,5 ROOM,159.77,567,758888.0
2017-01,ALL,EXECUTIVE,100.0,79,600000.0
2017-02,ALL,EXECUTIVE,97.22,104,587000.0
2017-03,ALL,EXECUTIVE,99.29,145,600000.0
2017-04,ALL,EXECUTIVE,98.79,127,592000.0
2017-05,ALL,EXECUTIVE,98.43,144,587500.0
2017-06,ALL,EXECUTIVE,99.87,154,610000.0
2017-07,ALL,EXECUTIVE,99.66,139,605000.0
2017-08,ALL,EXECUTIVE,100.33,152,620000.0
2017-09,ALL,EXECUTIVE,99.06,126,611500.0
2017-10,ALL,EXECUTIVE,98.22,159,590000.0
2017-11,ALL,EXECUTIVE,97.54,153,605000.0
2017-12,ALL,EXECUTIVE,98.99,142,603500.0
2018-01,ALL,EXECUTIVE,98.9,105,628000.0
2018-02,ALL,EXECUTIVE,98.57,113,605000.0
2018-03,ALL,EXECUTIVE,98.41,191,585000.0
2018-04,ALL,EXECUTIVE,97.52,178,610000.0
2018-05,ALL,EXECUTIVE,99.46,172,628000.0
2018-06,ALL,EXECUTIVE,99.22,154,590000.0
2018-07,ALL,EXECUTIVE,98.68,242,615000.0
2018-08,ALL,EXECUTIVE,101.07,172,630000.0
2018-09,ALL,EXECUTIVE,100.14,173,618000.0
2018-10,ALL,EXECUTIVE,97.79,134,606500.0
2018-11,ALL,EXECUTIVE,99.33,145,620000.0
2018-12,ALL,EXECUTIVE,97.9,97,600000.0
2019-01,ALL,EXECUTIVE,98.63,122,600000.0
2019-02,ALL,EXECUTIVE,99.46,91,600000.0
2019-03,ALL,EXECUTIVE,98.96,111,600888.0
2019-04,ALL,EXECUTIVE,97.93,141,585000.0
2019-05,ALL,EXECUTIVE,97.44,168,593500.0
2019-06,ALL,EXECUTIVE,98.95,136,585000.0
2019-07,ALL,EXECUTIVE,98.99,158,597500.0
2019-08,ALL,EXECUTIVE,97.91,160,571900.0
2019-09,ALL,EXECUTIVE,98.16,142,605500.0
2019-10,ALL,EXECUTIVE,98.85,167,602888.0
2019-11,ALL,EXECUTIVE,99.38,130,612000.0
2019-12,ALL,EXECUTIVE,100.66,143,590000.0
2020-01,ALL,EXECUTIVE,99.4,131,590000.0
2020-02,ALL,EXECUTIVE,100.22,113,606500.0
2020-03,ALL,EXECUTIVE,99.65,139,612000.0
2020-04,ALL,EXECUTIVE,98.33,38,587500.0
2020-05,ALL,EXECUTIVE,98.1,34,575000.0
2020-06,ALL,EXECUTIVE,99.02,182,581500.0
2020-07,ALL,EXECUTIVE,99.72,193,580000.0
2020-08,ALL,EXECUTIVE,100.9,215,615000.0
2020-09,ALL,EXECUTIVE,101.81,197,620000.0
2020-10,ALL,EXECUTIVE,103.23,232,632500.0
2020-11,ALL,EXECUTIVE,104.34,190,630000.0
2020-12,ALL,EXECUTIVE,104.87,218,650000.0
2021-01,ALL,EXECUTIVE,106.48,222,655000.0
2021-02,ALL,EXECUTIVE,106.84,162,660444.0
2021-03,ALL,EXECUTIVE,108.12,170,674000.0
2021-04,ALL,EXECUTIVE,109.59,175,690000.0
2021-05,ALL,EXECUTIVE,111.67,143,660000.0
2021-06,ALL,EXECUTIVE,112.11,191,685000.0
2021-07,ALL,EXECUTIVE,111.36,208,676500.0
2021-08,ALL,EXECUTIVE,114.07,210,690000.0
2021-09,ALL,EXECUTIVE,114.68,192,718000.0
2021-10,ALL,EXECUTIVE,116.28,190,700000.0
2021-11,ALL,EXECUTIVE,117.53,219,710000.0
2021-12,ALL,EXECUTIVE,119.27,177,720000.0
2022-01,ALL,EXECUTIVE,120.75,167,720000.0
2022-02,ALL,EXECUTIVE,121.46,136,777000.0
2022-03,ALL,EXECUTIVE,121.55,168,718444.0
2022-04,ALL,EXECUTIVE,122.77,169,740000.0
2022-05,ALL,EXECUTIVE,124.5,135,745000.0
2022-06,ALL,EXECUTIVE,125.01,156,755000.0
2022-07,ALL,EXECUTIVE,126.51,191,780000.0
2022-08,ALL,EXECUTIVE,127.2,164,780000.0
2022-09,ALL,EXECUTIVE,129.79,181,798000.0
2022-10,ALL,EXECUTIVE,129.98,134,758000.0
2022-11,ALL,EXECUTIVE,131.53,152,779000.0
2022-12,ALL,EXECUTIVE,131.61,132,789000.0
2023-01,ALL,EXECUTIVE,131.37,148,780000.0
2023-02,ALL,EXECUTIVE,132.15,116,797500.0
2023-03,ALL,EXECUTIVE,132.67,133,809000.0
2023-04,ALL,EXECUTIVE,133.43,140,819000.0
2023-05,ALL,EXECUTIVE,134.94,106,822500.0
2023-06,ALL,EXECUTIVE,135.18,97,808000.0
2023-07,ALL,EXECUTIVE,133.45,124,822500.0
2023-08,ALL,EXECUTIVE,135.46,150,829000.0
2023-09,ALL,EXECUTIVE,135.57,111,820000.0
2023-10,ALL,EXECUTIVE,136.1,116,840000.0
2023-11,ALL,EXECUTIVE,136.74,145,820888.0
2023-12,ALL,EXECUTIVE,136.47,116,796500.0
2024-01,ALL,EXECUTIVE,138.17,164,840000.0
2024-02,ALL,EXECUTIVE,139.87,137,825000.0
2024-03,ALL,EXECUTIVE,141.27,129,830000.0
2024-04,ALL,EXECUTIVE,141.24,135,858000.0
2024-05,ALL,EXECUTIVE,141.87,174,840000.0
2024-06,ALL,EXECUTIVE,142.85,145,868000.0
2024-07,ALL,EXECUTIVE,143.68,165,860000.0
2024-08,ALL,EXECUTIVE,146.03,188,869500.0
2024-09,ALL,EXECUTIVE,145.62,142,864044.0
2024-10,ALL,EXECUTIVE,148.27,138,897500.0
2024-11,ALL,EXECUTIVE,148.08,121,855000.0
2024-12,ALL,EXECUTIVE,149.6,128,874944.0
2025-01,ALL,EXECUTIVE,149.86,126,869444.0
2025-02,ALL,EXECUTIVE,152.1,130,900000.0
2025-03,ALL,EXECUTIVE,149.88,106,881400.0
2025-04,ALL,EXECUTIVE,153.49,139,920000.0
2025-05,ALL,EXECUTIVE,153.48,130,950444.0
2025-06,ALL,EXECUTIVE,153.4,145,888000.0
2025-07,ALL,EXECUTIVE,153.94,171,905000.0
2025-08,ALL,EXECUTIVE,152.02,122,880000.0
2025-09,ALL,EXECUTIVE,154.22,142,915000.0
2025-10,ALL,EXECUTIVE,155.2,60,870000.0
2025-11,ALL,EXECUTIVE,153.82,84,931500.0
2025-12,ALL,EXECUTIVE,154.65,115,935000.0
2026-01,ALL,EXECUTIVE,153.17,153,890000.0
2026-02,ALL,EXECUTIVE,152.19,107,900000.0
2026-03,ALL,EXECUTIVE,154.16,106,910000.0
2026-04,ALL,EXECUTIVE,153.81,121,925000.0
2026-05,ALL,EXECUTIVE,152.88,123,928888.0
2026-06,ALL,EXECUTIVE,153.85,131,910888.0
2026-07,ALL,EXECUTIVE,152.83,158,900000.0
2026-08,ALL,EXECUTIVE,154.38,170,925444.0
2026-09,ALL,EXECUTIVE,152.72,203,938000.0
