month,region,flat_type,index,n_sales,median_price
2017-01,NORTH,2 ROOM,100.0,1,235000.0
2017-04,NORTH,2 ROOM,105.17,1,218000.0
2017-05,NORTH,2 ROOM,104.42,1,255000.0
2017-06,NORTH,2 ROOM,105.63,2,254000.0
2017-07,NORTH,2 ROOM,101.18,2,214000.0
2017-08,NORTH,2 ROOM,100.6,4,235000.0
2017-09,NORTH,2 ROOM,99.88,2,237500.0
2017-11,NORTH,2 ROOM,106.64,1,212200.0
2017-12,NORTH,2 ROOM,92.81,1,215000.0
2018-01,NORTH,2 ROOM,101.41,2,207000.0
2018-02,NORTH,2 ROOM,110.14,1,200000.0
2018-04,NORTH,2 ROOM,98.03,3,195000.0
2018-06,NORTH,2 ROOM,96.82,1,227000.0
2018-07,NORTH,2 ROOM,98.66,1,237000.0
2018-08,NORTH,2 ROOM,98.33,1,230000.0
2018-09,NORTH,2 ROOM,95.6,2,221500.0
2018-11,NORTH,2 ROOM,97.96,2,197500.0
2018-12,NORTH,2 ROOM,95.82,2,227500.0
2019-01,NORTH,2 ROOM,92.26,2,234000.0
2019-02,NORTH,2 ROOM,95.18,5,225000.0
2019-03,NORTH,2 ROOM,94.91,3,225000.0
2019-04,NORTH,2 ROOM,95.3,6,225000.0
2019-05,NORTH,2 ROOM,91.99,11,222000.0
2019-06,NORTH,2 ROOM,95.38,5,225000.0
2019-07,NORTH,2 ROOM,95.02,8,224000.0
2019-08,NORTH,2 ROOM,91.59,13,215000.0
2019-09,NORTH,2 ROOM,94.95,11,230000.0
2019-10,NORTH,2 ROOM,92.9,9,224000.0
2019-11,NORTH,2 ROOM,91.6,11,224000.0
2019-12,NORTH,2 ROOM,92.68,10,225000.0
2020-01,NORTH,2 ROOM,91.91,6,219750.0
2020-02,NORTH,2 ROOM,94.43,10,228500.0
2020-03,NORTH,2 ROOM,93.59,11,225000.0
2020-04,NORTH,2 ROOM,92.66,1,230000.0
2020-06,NORTH,2 ROOM,93.99,7,220000.0
2020-07,NORTH,2 ROOM,95.01,9,220000.0
2020-08,NORTH,2 ROOM,97.75,6,230000.0
2020-09,NORTH,2 ROOM,99.06,7,230000.0
2020-10,NORTH,2 ROOM,98.39,5,230000.0
2020-11,NORTH,2 ROOM,98.64,2,239900.0
2020-12,NORTH,2 ROOM,104.53,3,245000.0
2021-01,NORTH,2 ROOM,101.0,4,245000.0
2021-02,NORTH,2 ROOM,103.11,3,247000.0
2021-03,NORTH,2 ROOM,105.85,5,250000.0
2021-04,NORTH,2 ROOM,110.87,4,231500.0
2021-05,NORTH,2 ROOM,107.69,5,268000.0
2021-07,NORTH,2 ROOM,109.0,2,255000.0
2021-08,NORTH,2 ROOM,112.42,5,270000.0
2021-09,NORTH,2 ROOM,114.17,6,270000.0
2021-10,NORTH,2 ROOM,116.08,4,271400.0
2021-11,NORTH,2 ROOM,117.19,3,276000.0
2021-12,NORTH,2 ROOM,119.77,5,280000.0
2022-01,NORTH,2 ROOM,122.29,8,287500.0
2022-02,NORTH,2 ROOM,125.87,10,292500.0
2022-03,NORTH,2 ROOM,125.94,2,285000.0
2022-04,NORTH,2 ROOM,124.89,8,288500.0
2022-05,NORTH,2 ROOM,127.08,3,302000.0
2022-06,NORTH,2 ROOM,130.83,7,315000.0
2022-07,NORTH,2 ROOM,132.7,6,312500.0
2022-08,NORTH,2 ROOM,130.16,15,310000.0
2022-09,NORTH,2 ROOM,131.1,13,305888.0
2022-10,NORTH,2 ROOM,133.7,14,320000.0
2022-11,NORTH,2 ROOM,133.62,14,313500.0
2022-12,NORTH,2 ROOM,134.05,22,315000.0
2023-01,NORTH,2 ROOM,137.9,20,327500.0
2023-02,NORTH,2 ROOM,134.31,19,320000.0
2023-03,NORTH,2 ROOM,135.98,22,313000.0
2023-04,NORTH,2 ROOM,138.96,13,330000.0
2023-05,NORTH,2 ROOM,136.09,17,315000.0
2023-06,NORTH,2 ROOM,139.62,10,332944.0
2023-07,NORTH,2 ROOM,139.4,18,330000.0
2023-08,NORTH,2 ROOM,138.81,12,330000.0
2023-09,NORTH,2 ROOM,139.9,18,329000.0
2023-10,NORTH,2 ROOM,137.5,17,320000.0
2023-11,NORTH,2 ROOM,140.71,11,328000.0
2023-12,NORTH,2 ROOM,142.67,19,330000.0
2024-01,NORTH,2 ROOM,141.79,25,330000.0
2024-02,NORTH,2 ROOM,144.72,20,341500.0
2024-03,NORTH,2 ROOM,145.41,9,343000.0
2024-04,NORTH,2 ROOM,143.91,20,339000.0
2024-05,NORTH,2 ROOM,144.43,17,328000.0
2024-06,NORTH,2 ROOM,146.3,21,340000.0
2024-07,NORTH,2 ROOM,149.44,19,350000.0
2024-08,NORTH,2 ROOM,149.15,19,338000.0
2024-09,NORTH,2 ROOM,151.55,13,360000.0
2024-10,NORTH,2 ROOM,152.32,19,360888.0
2024-11,NORTH,2 ROOM,155.92,10,362500.0
2024-12,NORTH,2 ROOM,158.89,14,368000.0
2025-01,NORTH,2 ROOM,155.51,22,361000.0
2025-02,NORTH,2 ROOM,157.17,25,351000.0
2025-03,NORTH,2 ROOM,159.46,14,367500.0
2025-04,NORTH,2 ROOM,158.72,21,360000.0
2025-05,NORTH,2 ROOM,158.12,16,361250.0
2025-06,NORTH,2 ROOM,159.63,36,366500.0
2025-07,NORTH,2 ROOM,163.3,33,375000.0
2025-08,NORTH,2 ROOM,163.72,15,385000.0
2025-09,NORTH,2 ROOM,161.0,14,371000.0
2025-10,NORTH,2 ROOM,160.17,11,360888.0
2025-11,NORTH,2 ROOM,161.49,19,376000.0
2025-12,NORTH,2 ROOM,166.4,17,380000.0
2026-01,NORTH,2 ROOM,162.67,22,365000.0
2026-02,NORTH,2 ROOM,164.13,10,373500.0
2026-03,NORTH,2 ROOM,164.93,19,370000.0
2026-04,NORTH,2 ROOM,161.77,8,365000.0
2026-05,NORTH,2 ROOM,166.9,19,378000.0
2026-06,NORTH,2 ROOM,165.32,19,365000.0
2026-07,NORTH,2 ROOM,164.5,13,375000.0
2026-08,NORTH,2 ROOM,165.01,8,372500.0
2026-09,NORTH,2 ROOM,164.07,14,360500.0
2017-01,NORTH,3 ROOM,100.0,27,291000.0
2017-02,NORTH,3 ROOM,100.18,24,273500.0
2017-03,NORTH,3 ROOM,99.03,55,275000.0
2017-04,NORTH,3 ROOM,98.58,52,279000.0
2017-05,NORTH,3 ROOM,98.41,65,276000.0
2017-06,NORTH,3 ROOM,97.66,49,275000.0
2017-07,NORTH,3 ROOM,97.4,53,275000.0
2017-08,NORTH,3 ROOM,97.43,60,276000.0
2017-09,NORTH,3 ROOM,95.54,37,273800.0
2017-10,NORTH,3 ROOM,95.6,47,265000.0
2017-11,NORTH,3 ROOM,95.03,49,263000.0
2017-12,NORTH,3 ROOM,95.74,36,275000.0
2018-01,NORTH,3 ROOM,95.8,35,268000.0
2018-02,NORTH,3 ROOM,95.99,37,275000.0
2018-03,NORTH,3 ROOM,93.86,45,270888.0
2018-04,NORTH,3 ROOM,95.7,31,264000.0
2018-05,NORTH,3 ROOM,93.59,45,262888.0
2018-06,NORTH,3 ROOM,96.43,49,272000.0
2018-07,NORTH,3 ROOM,93.53,62,262500.0
2018-08,NORTH,3 ROOM,91.99,69,260000.0
2018-09,NORTH,3 ROOM,92.79,60,260000.0
2018-10,NORTH,3 ROOM,93.26,64,259500.0
2018-11,NORTH,3 ROOM,92.08,67,260000.0
2018-12,NORTH,3 ROOM,92.84,42,260000.0
2019-01,NORTH,3 ROOM,92.02,63,266388.0
2019-02,NORTH,3 ROOM,91.38,41,255000.0
2019-03,NORTH,3 ROOM,91.46,60,270000.0
2019-04,NORTH,3 ROOM,91.44,60,265000.0
2019-05,NORTH,3 ROOM,90.92,54,260000.0
2019-06,NORTH,3 ROOM,91.69,66,270000.0
2019-07,NORTH,3 ROOM,91.53,56,269000.0
2019-08,NORTH,3 ROOM,92.32,60,271400.0
2019-09,NORTH,3 ROOM,92.1,65,270000.0
2019-10,NORTH,3 ROOM,92.51,90,265000.0
2019-11,NORTH,3 ROOM,91.61,54,255000.0
2019-12,NORTH,3 ROOM,92.88,69,270000.0
2020-01,NORTH,3 ROOM,93.14,73,270000.0
2020-02,NORTH,3 ROOM,93.38,46,269940.0
2020-03,NORTH,3 ROOM,94.55,70,274000.0
2020-04,NORTH,3 ROOM,90.06,19,260000.0
2020-05,NORTH,3 ROOM,91.37,12,250000.0
2020-06,NORTH,3 ROOM,93.66,78,266000.0
2020-07,NORTH,3 ROOM,95.25,58,270000.0
2020-08,NORTH,3 ROOM,96.47,56,275000.0
2020-09,NORTH,3 ROOM,98.03,60,280000.0
2020-10,NORTH,3 ROOM,100.17,42,292500.0
2020-11,NORTH,3 ROOM,100.94,47,295000.0
2020-12,NORTH,3 ROOM,101.64,48,285000.0
2021-01,NORTH,3 ROOM,104.86,53,297000.0
2021-02,NORTH,3 ROOM,104.16,49,305000.0
2021-03,NORTH,3 ROOM,107.43,65,300000.0
2021-04,NORTH,3 ROOM,109.84,53,318000.0
2021-05,NORTH,3 ROOM,112.53,37,320000.0
2021-06,NORTH,3 ROOM,111.95,42,320000.0
2021-07,NORTH,3 ROOM,114.28,59,318000.0
2021-08,NORTH,3 ROOM,114.38,63,325000.0
2021-09,NORTH,3 ROOM,115.68,61,325000.0
2021-10,NORTH,3 ROOM,118.42,62,340000.0
2021-11,NORTH,3 ROOM,118.76,61,338000.0
2021-12,NORTH,3 ROOM,121.61,57,345000.0
2022-01,NORTH,3 ROOM,123.34,64,360000.0
2022-02,NORTH,3 ROOM,123.93,45,348000.0
2022-03,NORTH,3 ROOM,125.46,62,360000.0
2022-04,NORTH,3 ROOM,126.12,43,350000.0
2022-05,NORTH,3 ROOM,125.42,83,365000.0
2022-06,NORTH,3 ROOM,128.35,61,360000.0
2022-07,NORTH,3 ROOM,130.03,64,360000.0
2022-08,NORTH,3 ROOM,129.5,87,368888.0
2022-09,NORTH,3 ROOM,131.11,76,362500.0
2022-10,NORTH,3 ROOM,132.3,63,380000.0
2022-11,NORTH,3 ROOM,131.27,94,371000.0
2022-12,NORTH,3 ROOM,133.34,100,399000.0
2023-01,NORTH,3 ROOM,133.32,102,392500.0
2023-02,NORTH,3 ROOM,134.45,77,380000.0
2023-03,NORTH,3 ROOM,134.96,70,390000.0
2023-04,NORTH,3 ROOM,134.43,79,388000.0
2023-05,NORTH,3 ROOM,136.46,86,382500.0
2023-06,NORTH,3 ROOM,135.82,68,390000.0
2023-07,NORTH,3 ROOM,136.87,66,385000.0
2023-08,NORTH,3 ROOM,138.21,91,390000.0
2023-09,NORTH,3 ROOM,137.63,60,393500.0
2023-10,NORTH,3 ROOM,137.12,52,395000.0
2023-11,NORTH,3 ROOM,140.09,57,405000.0
2023-12,NORTH,3 ROOM,140.79,64,410000.0
2024-01,NORTH,3 ROOM,142.07,80,401500.0
2024-02,NORTH,3 ROOM,140.77,74,420000.0
2024-03,NORTH,3 ROOM,142.46,56,406500.0
2024-04,NORTH,3 ROOM,146.76,87,420000.0
2024-05,NORTH,3 ROOM,146.0,79,407000.0
2024-06,NORTH,3 ROOM,147.48,63,420000.0
2024-07,NORTH,3 ROOM,149.45,86,422500.0
2024-08,NORTH,3 ROOM,151.69,57,435000.0
2024-09,NORTH,3 ROOM,153.05,67,440000.0
2024-10,NORTH,3 ROOM,154.05,82,445000.0
2024-11,NORTH,3 ROOM,154.12,63,420000.0
2024-12,NORTH,3 ROOM,157.6,65,450000.0
2025-01,NORTH,3 ROOM,157.92,83,433088.0
2025-02,NORTH,3 ROOM,160.4,74,450000.0
2025-03,NORTH,3 ROOM,158.63,76,437000.0
2025-04,NORTH,3 ROOM,160.06,87,440000.0
2025-05,NORTH,3 ROOM,158.9,58,439000.0
2025-06,NORTH,3 ROOM,159.18,73,465000.0
2025-07,NORTH,3 ROOM,159.31,67,480000.0
2025-08,NORTH,3 ROOM,159.51,59,446000.0
2025-09,NORTH,3 ROOM,161.4,53,448000.0
2025-10,NORTH,3 ROOM,159.4,48,429000.0
2025-11,NORTH,3 ROOM,161.54,57,440000.0
2025-12,NORTH,3 ROOM,161.71,51,465000.0
2026-01,NORTH,3 ROOM,160.6,76,465000.0
2026-02,NORTH,3 ROOM,157.9,55,430000.0
2026-03,NORTH,3 ROOM,160.85,66,455000.0
2026-04,NORTH,3 ROOM,158.69,55,445000.0
2026-05,NORTH,3 ROOM,158.36,58,433500.0
2026-06,NORTH,3 ROOM,157.96,65,439888.0
2026-07,NORTH,3 ROOM,158.17,79,438000.0
2026-08,NORTH,3 ROOM,160.1,60,431500.0
2026-09,NORTH,3 ROOM,157.63,50,415000.0
2017-01,NORTH,4 ROOM,100.0,84,358000.0
2017-02,NORTH,4 ROOM,98.65,90,344000.0
2017-03,NORTH,4 ROOM,98.33,129,360000.0
2017-04,NORTH,4 ROOM,97.75,162,350000.0
2017-05,NORTH,4 ROOM,98.14,173,345000.0
2017-06,NORTH,4 ROOM,98.2,125,360000.0
2017-07,NORTH,4 ROOM,96.58,153,347000.0
2017-08,NORTH,4 ROOM,96.08,145,341000.0
2017-09,NORTH,4 ROOM,97.31,141,348000.0
2017-10,NORTH,4 ROOM,95.91,152,340000.0
2017-11,NORTH,4 ROOM,95.69,158,339000.0
2017-12,NORTH,4 ROOM,94.54,121,335000.0
2018-01,NORTH,4 ROOM,95.86,80,340000.0
2018-02,NORTH,4 ROOM,93.16,98,334000.0
2018-03,NORTH,4 ROOM,93.38,114,339000.0
2018-04,NORTH,4 ROOM,94.23,133,331500.0
2018-05,NORTH,4 ROOM,93.38,133,333000.0
2018-06,NORTH,4 ROOM,93.38,135,332500.0
2018-07,NORTH,4 ROOM,93.22,200,338444.0
2018-08,NORTH,4 ROOM,94.45,164,335000.0
2018-09,NORTH,4 ROOM,93.59,140,330000.0
2018-10,NORTH,4 ROOM,93.44,194,325000.0
2018-11,NORTH,4 ROOM,93.15,177,328000.0
2018-12,NORTH,4 ROOM,93.12,131,335000.0
2019-01,NORTH,4 ROOM,93.62,147,328000.0
2019-02,NORTH,4 ROOM,92.7,109,327000.0
2019-03,NORTH,4 ROOM,93.87,131,335000.0
2019-04,NORTH,4 ROOM,93.39,172,335000.0
2019-05,NORTH,4 ROOM,93.78,183,344000.0
2019-06,NORTH,4 ROOM,93.38,151,335000.0
2019-07,NORTH,4 ROOM,94.36,176,340000.0
2019-08,NORTH,4 ROOM,94.43,196,358944.0
2019-09,NORTH,4 ROOM,94.84,156,347500.0
2019-10,NORTH,4 ROOM,94.9,193,347000.0
2019-11,NORTH,4 ROOM,95.27,190,354000.0
2019-12,NORTH,4 ROOM,95.85,163,350000.0
2020-01,NORTH,4 ROOM,95.58,169,350000.0
2020-02,NORTH,4 ROOM,95.9,132,356000.0
2020-03,NORTH,4 ROOM,96.07,176,349444.0
2020-04,NORTH,4 ROOM,96.63,38,367500.0
2020-05,NORTH,4 ROOM,95.63,20,347500.0
2020-06,NORTH,4 ROOM,97.12,171,355000.0
2020-07,NORTH,4 ROOM,97.1,176,356000.0
2020-08,NORTH,4 ROOM,98.24,156,350000.0
2020-09,NORTH,4 ROOM,100.22,147,355000.0
2020-10,NORTH,4 ROOM,101.66,132,373000.0
2020-11,NORTH,4 ROOM,102.71,114,375000.0
2020-12,NORTH,4 ROOM,105.46,113,390000.0
2021-01,NORTH,4 ROOM,107.61,128,387250.0
2021-02,NORTH,4 ROOM,108.3,114,390000.0
2021-03,NORTH,4 ROOM,109.47,155,395000.0
2021-04,NORTH,4 ROOM,111.63,137,397800.0
2021-05,NORTH,4 ROOM,112.29,113,415000.0
2021-06,NORTH,4 ROOM,114.43,135,415000.0
2021-07,NORTH,4 ROOM,115.72,153,410888.0
2021-08,NORTH,4 ROOM,116.67,159,430000.0
2021-09,NORTH,4 ROOM,118.3,156,420000.0
2021-10,NORTH,4 ROOM,120.12,154,435000.0
2021-11,NORTH,4 ROOM,120.29,175,438000.0
2021-12,NORTH,4 ROOM,122.15,179,443000.0
2022-01,NORTH,4 ROOM,124.12,168,450000.0
2022-02,NORTH,4 ROOM,124.5,149,450000.0
2022-03,NORTH,4 ROOM,125.71,140,458000.0
2022-04,NORTH,4 ROOM,127.11,167,458000.0
2022-05,NORTH,4 ROOM,129.24,162,460000.0
2022-06,NORTH,4 ROOM,129.38,149,460000.0
2022-07,NORTH,4 ROOM,130.8,181,470000.0
2022-08,NORTH,4 ROOM,131.55,201,470000.0
2022-09,NORTH,4 ROOM,132.69,237,478000.0
2022-10,NORTH,4 ROOM,133.65,170,500000.0
2022-11,NORTH,4 ROOM,134.19,203,490000.0
2022-12,NORTH,4 ROOM,135.42,207,490000.0
2023-01,NORTH,4 ROOM,135.41,234,486500.0
2023-02,NORTH,4 ROOM,135.61,159,498000.0
2023-03,NORTH,4 ROOM,136.12,201,490000.0
2023-04,NORTH,4 ROOM,137.05,208,495000.0
2023-05,NORTH,4 ROOM,137.39,217,500000.0
2023-06,NORTH,4 ROOM,139.16,174,509000.0
2023-07,NORTH,4 ROOM,139.23,188,510000.0
2023-08,NORTH,4 ROOM,140.15,227,520000.0
2023-09,NORTH,4 ROOM,139.84,186,510500.0
2023-10,NORTH,4 ROOM,140.74,198,529000.0
2023-11,NORTH,4 ROOM,142.24,193,520000.0
2023-12,NORTH,4 ROOM,143.26,170,530000.0
2024-01,NORTH,4 ROOM,143.24,248,530000.0
2024-02,NORTH,4 ROOM,143.36,164,520000.0
2024-03,NORTH,4 ROOM,145.26,162,539000.0
2024-04,NORTH,4 ROOM,146.85,197,530000.0
2024-05,NORTH,4 ROOM,149.4,180,539000.0
2024-06,NORTH,4 ROOM,149.96,145,540000.0
2024-07,NORTH,4 ROOM,151.4,246,539444.0
2024-08,NORTH,4 ROOM,153.28,212,538000.0
2024-09,NORTH,4 ROOM,155.34,163,548000.0
2024-10,NORTH,4 ROOM,156.61,157,565000.0
2024-11,NORTH,4 ROOM,156.56,186,560000.0
2024-12,NORTH,4 ROOM,159.62,201,570000.0
2025-01,NORTH,4 ROOM,159.0,219,570000.0
2025-02,NORTH,4 ROOM,158.73,171,570000.0
2025-03,NORTH,4 ROOM,159.97,164,580000.0
2025-04,NORTH,4 ROOM,160.6,239,588000.0
2025-05,NORTH,4 ROOM,160.05,208,578000.0
2025-06,NORTH,4 ROOM,160.17,179,575000.0
2025-07,NORTH,4 ROOM,160.08,231,575000.0
2025-08,NORTH,4 ROOM,160.69,180,576500.0
2025-09,NORTH,4 ROOM,161.58,180,576500.0
2025-10,NORTH,4 ROOM,159.71,108,561250.0
2025-11,NORTH,4 ROOM,158.15,159,566000.0
2025-12,NORTH,4 ROOM,158.52,168,560000.0
2026-01,NORTH,4 ROOM,158.05,212,559444.0
2026-02,NORTH,4 ROOM,159.19,148,570000.0
2026-03,NORTH,4 ROOM,160.62,167,568000.0
2026-04,NORTH,4 ROOM,159.09,160,556444.0
2026-05,NORTH,4 ROOM,157.82,151,550000.0
2026-06,NORTH,4 ROOM,157.64,172,552500.0
2026-07,NORTH,4 ROOM,157.76,204,555000.0
2026-08,NORTH,4 ROOM,157.16,226,559000.0
2026-09,NORTH,4 ROOM,157.38,166,546500.0
2017-01,NORTH,5 ROOM,100.0,48,434000.0
2017-02,NORTH,5 ROOM,99.64,44,416500.0
2017-03,NORTH,5 ROOM,97.95,85,420000.0
2017-04,NORTH,5 ROOM,96.76,61,410000.0
2017-05,NORTH,5 ROOM,99.16,78,420000.0
2017-06,NORTH,5 ROOM,97.4,65,418000.0
2017-07,NORTH,5 ROOM,98.44,70,418500.0
2017-08,NORTH,5 ROOM,96.34,82,410000.0
2017-09,NORTH,5 ROOM,98.53,72,425900.0
2017-10,NORTH,5 ROOM,96.79,59,410000.0
2017-11,NORTH,5 ROOM,96.78,75,408000.0
2017-12,NORTH,5 ROOM,97.8,58,419000.0
2018-01,NORTH,5 ROOM,99.38,31,433000.0
2018-02,NORTH,5 ROOM,94.67,33,402000.0
2018-03,NORTH,5 ROOM,95.94,73,408000.0
2018-04,NORTH,5 ROOM,96.43,68,405500.0
2018-05,NORTH,5 ROOM,96.04,66,410000.0
2018-06,NORTH,5 ROOM,96.0,85,410000.0
2018-07,NORTH,5 ROOM,95.12,101,408000.0
2018-08,NORTH,5 ROOM,96.42,84,400000.0
2018-09,NORTH,5 ROOM,96.09,101,408000.0
2018-10,NORTH,5 ROOM,95.88,83,400000.0
2018-11,NORTH,5 ROOM,94.75,72,398500.0
2018-12,NORTH,5 ROOM,94.69,77,395000.0
2019-01,NORTH,5 ROOM,95.6,76,406500.0
2019-02,NORTH,5 ROOM,94.61,63,408000.0
2019-03,NORTH,5 ROOM,96.31,72,403944.0
2019-04,NORTH,5 ROOM,96.04,84,410000.0
2019-05,NORTH,5 ROOM,97.28,91,418000.0
2019-06,NORTH,5 ROOM,96.46,91,415000.0
2019-07,NORTH,5 ROOM,95.92,103,410000.0
2019-08,NORTH,5 ROOM,96.64,98,409500.0
2019-09,NORTH,5 ROOM,97.54,99,422000.0
2019-10,NORTH,5 ROOM,98.55,100,417500.0
2019-11,NORTH,5 ROOM,95.73,89,405000.0
2019-12,NORTH,5 ROOM,95.84,83,410000.0
2020-01,NORTH,5 ROOM,97.42,80,410000.0
2020-02,NORTH,5 ROOM,97.89,75,418888.0
2020-03,NORTH,5 ROOM,99.17,94,436500.0
2020-04,NORTH,5 ROOM,98.46,29,435000.0
2020-05,NORTH,5 ROOM,100.02,23,430000.0
2020-06,NORTH,5 ROOM,98.62,115,420000.0
2020-07,NORTH,5 ROOM,99.59,107,435000.0
2020-08,NORTH,5 ROOM,100.95,100,430000.0
2020-09,NORTH,5 ROOM,102.69,96,447500.0
2020-10,NORTH,5 ROOM,103.52,80,443000.0
2020-11,NORTH,5 ROOM,105.62,76,459444.0
2020-12,NORTH,5 ROOM,107.61,89,452000.0
2021-01,NORTH,5 ROOM,109.81,60,475000.0
2021-02,NORTH,5 ROOM,109.34,74,474000.0
2021-03,NORTH,5 ROOM,112.07,76,481000.0
2021-04,NORTH,5 ROOM,113.86,77,503000.0
2021-05,NORTH,5 ROOM,113.4,79,480000.0
2021-06,NORTH,5 ROOM,116.48,76,500000.0
2021-07,NORTH,5 ROOM,117.4,93,490000.0
2021-08,NORTH,5 ROOM,119.66,105,493000.0
2021-09,NORTH,5 ROOM,120.68,92,513500.0
2021-10,NORTH,5 ROOM,119.85,89,510000.0
2021-11,NORTH,5 ROOM,123.54,92,536500.0
2021-12,NORTH,5 ROOM,123.78,100,520000.0
2022-01,NORTH,5 ROOM,125.31,103,535000.0
2022-02,NORTH,5 ROOM,128.88,73,560000.0
2022-03,NORTH,5 ROOM,128.66,93,545000.0
2022-04,NORTH,5 ROOM,129.53,96,555000.0
2022-05,NORTH,5 ROOM,131.12,90,568500.0
2022-06,NORTH,5 ROOM,132.63,108,565000.0
2022-07,NORTH,5 ROOM,132.14,103,570000.0
2022-08,NORTH,5 ROOM,132.35,93,575000.0
2022-09,NORTH,5 ROOM,135.45,132,595500.0
2022-10,NORTH,5 ROOM,135.39,99,600000.0
2022-11,NORTH,5 ROOM,138.53,98,601500.0
2022-12,NORTH,5 ROOM,137.9,99,597888.0
2023-01,NORTH,5 ROOM,137.87,150,597500.0
2023-02,NORTH,5 ROOM,138.42,83,599888.0
2023-03,NORTH,5 ROOM,137.57,97,595000.0
2023-04,NORTH,5 ROOM,138.94,87,608000.0
2023-05,NORTH,5 ROOM,139.06,117,610000.0
2023-06,NORTH,5 ROOM,141.78,93,600000.0
2023-07,NORTH,5 ROOM,141.0,98,614000.0
2023-08,NORTH,5 ROOM,141.07,92,604000.0
2023-09,NORTH,5 ROOM,140.8,85,600000.0
2023-10,NORTH,5 ROOM,142.06,82,601444.0
2023-11,NORTH,5 ROOM,144.35,86,610000.0
2023-12,NORTH,5 ROOM,144.48,90,627500.0
2024-01,NORTH,5 ROOM,144.72,128,620000.0
2024-02,NORTH,5 ROOM,145.74,99,610000.0
2024-03,NORTH,5 ROOM,147.81,92,630000.0
2024-04,NORTH,5 ROOM,148.11,111,630000.0
2024-05,NORTH,5 ROOM,150.62,96,630000.0
2024-06,NORTH,5 ROOM,152.25,78,640000.0
2024-07,NORTH,5 ROOM,151.5,129,650000.0
2024-08,NORTH,5 ROOM,151.95,97,640000.0
2024-09,NORTH,5 ROOM,155.16,93,652888.0
2024-10,NORTH,5 ROOM,156.16,95,655000.0
2024-11,NORTH,5 ROOM,155.94,80,652000.0
2024-12,NORTH,5 ROOM,158.16,95,655000.0
2025-01,NORTH,5 ROOM,157.83,106,658000.0
2025-02,NORTH,5 ROOM,158.4,93,680000.0
2025-03,NORTH,5 ROOM,159.8,83,680000.0
2025-04,NORTH,5 ROOM,160.84,90,680000.0
2025-05,NORTH,5 ROOM,159.13,100,691000.0
2025-06,NORTH,5 ROOM,161.05,126,688500.0
2025-07,NORTH,5 ROOM,160.85,102,700000.0
2025-08,NORTH,5 ROOM,161.63,95,690000.0
2025-09,NORTH,5 ROOM,161.54,99,682000.0
2025-10,NORTH,5 ROOM,161.31,64,679000.0
2025-11,NORTH,5 ROOM,159.56,68,677500.0
2025-12,NORTH,5 ROOM,159.32,80,677944.0
2026-01,NORTH,5 ROOM,159.78,101,660000.0
2026-02,NORTH,5 ROOM,157.36,65,650000.0
2026-03,NORTH,5 ROOM,158.04,88,676500.0
2026-04,NORTH,5 ROOM,158.62,82,652500.0
2026-05,NORTH,5 ROOM,157.89,76,660000.0
2026-06,NORTH,5 ROOM,158.19,86,670000.0
2026-07,NORTH,5 ROOM,156.94,119,648000.0
2026-08,NORTH,5 ROOM,156.96,107,655000.0
2026-09,NORTH,5 ROOM,157.45,87,655888.0
2017-01,NORTH,EXECUTIVE,100.0,16,572500.0
2017-02,NORTH,EXECUTIVE,98.05,30,556500.0
2017-03,NORTH,EXECUTIVE,98.44,23,540000.0
2017-04,NORTH,EXECUTIVE,97.65,32,540000.0
2017-05,NORTH,EXECUTIVE,97.26,32,524444.0
2017-06,NORTH,EXECUTIVE,97.77,31,548000.0
2017-07,NORTH,EXECUTIVE,99.1,26,560500.0
2017-08,NORTH,EXECUTIVE,99.76,32,593444.0
2017-09,NORTH,EXECUTIVE,96.03,19,570000.0
2017-10,NORTH,EXECUTIVE,96.07,21,535000.0
2017-11,NORTH,EXECUTIVE,97.59,27,548888.0
2017-12,NORTH,EXECUTIVE,97.04,23,560000.0
2018-01,NORTH,EXECUTIVE,95.9,23,542000.0
2018-02,NORTH,EXECUTIVE,98.31,25,550000.0
2018-03,NORTH,EXECUTIVE,96.63,28,545000.0
2018-04,NORTH,EXECUTIVE,94.57,28,536500.0
2018-05,NORTH,EXECUTIVE,96.75,27,535000.0
2018-06,NORTH,EXECUTIVE,96.41,25,545000.0
2018-07,NORTH,EXECUTIVE,97.48,42,518000.0
2018-08,NORTH,EXECUTIVE,102.68,28,579000.0
2018-09,NORTH,EXECUTIVE,96.0,25,520000.0
2018-10,NORTH,EXECUTIVE,95.38,33,515000.0
2018-11,NORTH,EXECUTIVE,99.62,29,575000.0
2018-12,NORTH,EXECUTIVE,98.51,19,535000.0
2019-01,NORTH,EXECUTIVE,99.83,26,567500.0
2019-02,NORTH,EXECUTIVE,98.47,19,555000.0
2019-03,NORTH,EXECUTIVE,96.5,24,546000.0
2019-04,NORTH,EXECUTIVE,94.96,26,528000.0
2019-05,NORTH,EXECUTIVE,96.76,37,550000.0
2019-06,NORTH,EXECUTIVE,99.35,28,532500.0
2019-07,NORTH,EXECUTIVE,99.38,32,565500.0
2019-08,NORTH,EXECUTIVE,96.83,39,540000.0
2019-09,NORTH,EXECUTIVE,97.55,33,543888.0
2019-10,NORTH,EXECUTIVE,96.79,37,530000.0
2019-11,NORTH,EXECUTIVE,96.75,31,545000.0
2019-12,NORTH,EXECUTIVE,99.37,39,535000.0
2020-01,NORTH,EXECUTIVE,99.24,20,550000.0
2020-02,NORTH,EXECUTIVE,100.6,22,557500.0
2020-03,NORTH,EXECUTIVE,99.91,31,590000.0
2020-04,NORTH,EXECUTIVE,95.72,10,544000.0
2020-05,NORTH,EXECUTIVE,97.6,10,541500.0
2020-06,NORTH,EXECUTIVE,98.61,36,569000.0
2020-07,NORTH,EXECUTIVE,99.25,48,540000.0
2020-08,NORTH,EXECUTIVE,100.4,45,550000.0
2020-09,NORTH,EXECUTIVE,101.75,27,563000.0
2020-10,NORTH,EXECUTIVE,106.05,40,588000.0
2020-11,NORTH,EXECUTIVE,105.61,31,580000.0
2020-12,NORTH,EXECUTIVE,105.6,39,590000.0
2021-01,NORTH,EXECUTIVE,108.16,34,602500.0
2021-02,NORTH,EXECUTIVE,109.14,18,600000.0
2021-03,NORTH,EXECUTIVE,110.92,33,605000.0
2021-04,NORTH,EXECUTIVE,112.6,28,639400.0
2021-05,NORTH,EXECUTIVE,113.67,31,628000.0
2021-06,NORTH,EXECUTIVE,113.02,33,635000.0
2021-07,NORTH,EXECUTIVE,114.77,42,626000.0
2021-08,NORTH,EXECUTIVE,117.95,42,650000.0
2021-09,NORTH,EXECUTIVE,122.42,40,671500.0
2021-10,NORTH,EXECUTIVE,121.23,38,699000.0
2021-11,NORTH,EXECUTIVE,120.7,46,680000.0
2021-12,NORTH,EXECUTIVE,123.31,31,683000.0
2022-01,NORTH,EXECUTIVE,127.11,25,730000.0
2022-02,NORTH,EXECUTIVE,126.46,23,765000.0
2022-03,NORTH,EXECUTIVE,127.39,40,697500.0
2022-04,NORTH,EXECUTIVE,128.93,35,728888.0
2022-05,NORTH,EXECUTIVE,131.16,24,740000.0
2022-06,NORTH,EXECUTIVE,131.92,31,755000.0
2022-07,NORTH,EXECUTIVE,130.8,31,715000.0
2022-08,NORTH,EXECUTIVE,133.73,31,768888.0
2022-09,NORTH,EXECUTIVE,137.06,36,766500.0
2022-10,NORTH,EXECUTIVE,136.0,18,739999.0
2022-11,NORTH,EXECUTIVE,136.23,36,761900.0
2022-12,NORTH,EXECUTIVE,137.07,27,760000.0
2023-01,NORTH,EXECUTIVE,135.66,26,731000.0
2023-02,NORTH,EXECUTIVE,138.19,25,795000.0
2023-03,NORTH,EXECUTIVE,139.03,23,770000.0
2023-04,NORTH,EXECUTIVE,140.22,29,782000.0
2023-05,NORTH,EXECUTIVE,142.7,25,829000.0
2023-06,NORTH,EXECUTIVE,142.83,16,845000.0
2023-07,NORTH,EXECUTIVE,141.71,19,810000.0
2023-08,NORTH,EXECUTIVE,141.9,38,780000.0
2023-09,NORTH,EXECUTIVE,143.94,23,745000.0
2023-10,NORTH,EXECUTIVE,144.55,21,810000.0
2023-11,NORTH,EXECUTIVE,144.57,26,794500.0
2023-12,NORTH,EXECUTIVE,143.58,30,759500.0
2024-01,NORTH,EXECUTIVE,144.74,30,801500.0
2024-02,NORTH,EXECUTIVE,146.73,35,800000.0
2024-03,NORTH,EXECUTIVE,146.35,18,825000.0
2024-04,NORTH,EXECUTIVE,147.86,34,843444.0
2024-05,NORTH,EXECUTIVE,147.56,34,800444.0
2024-06,NORTH,EXECUTIVE,149.44,32,820000.0
2024-07,NORTH,EXECUTIVE,148.86,37,860000.0
2024-08,NORTH,EXECUTIVE,154.13,40,856944.0
2024-09,NORTH,EXECUTIVE,154.34,32,832500.0
2024-10,NORTH,EXECUTIVE,154.18,30,863500.0
2024-11,NORTH,EXECUTIVE,154.85,28,821500.0
2024-12,NORTH,EXECUTIVE,157.92,25,880000.0
2025-01,NORTH,EXECUTIVE,158.81,31,850000.0
2025-02,NORTH,EXECUTIVE,160.9,26,855000.0
2025-03,NORTH,EXECUTIVE,158.34,17,805000.0
2025-04,NORTH,EXECUTIVE,162.43,36,874000.0
2025-05,NORTH,EXECUTIVE,164.9,17,888888.0
2025-06,NORTH,EXECUTIVE,161.08,28,879000.0
2025-07,NORTH,EXECUTIVE,162.72,36,894000.0
2025-08,NORTH,EXECUTIVE,157.83,23,850000.0
2025-09,NORTH,EXECUTIVE,163.12,31,910000.0
2025-10,NORTH,EXECUTIVE,165.17,14,862500.0
2025-11,NORTH,EXECUTIVE,161.0,17,835000.0
2025-12,NORTH,EXECUTIVE,160.94,23,880000.0
2026-01,NORTH,EXECUTIVE,160.32,31,860000.0
2026-02,NORTH,EXECUTIVE,160.59,23,933888.0
2026-03,NORTH,EXECUTIVE,161.68,27,880000.0
2026-04,NORTH,EXECUTIVE,162.37,30,884000.0
2026-05,NORTH,EXECUTIVE,166.24,25,895000.0
2026-06,NORTH,EXECUTIVE,161.02,24,879000.0
2026-07,NORTH,EXECUTIVE,160.51,30,880000.0
2026-08,NORTH,EXECUTIVE,164.57,34,890444.0
2026-09,NORTH,EXECUTIVE,160.72,30,865000.0
2017-01,NORTH-EAST,2 ROOM,100.0,3,252000.0
2017-02,NORTH-EAST,2 ROOM,107.41,4,241500.0
2017-03,NORTH-EAST,2 ROOM,102.57,7,272500.0
2017-04,NORTH-EAST,2 ROOM,101.7,9,250000.0
2017-05,NORTH-EAST,2 ROOM,103.8,10,257500.0
2017-06,NORTH-EAST,2 ROOM,101.38,9,253000.0
2017-07,NORTH-EAST,2 ROOM,102.76,4,241000.0
2017-08,NORTH-EAST,2 ROOM,104.49,7,257000.0
2017-09,NORTH-EAST,2 ROOM,100.37,5,242000.0
2017-10,NORTH-EAST,2 ROOM,100.58,2,270000.0
2017-11,NORTH-EAST,2 ROOM,98.88,4,256000.0
2017-12,NORTH-EAST,2 ROOM,99.95,7,250000.0
2018-01,NORTH-EAST,2 ROOM,99.81,5,250000.0
2018-02,NORTH-EAST,2 ROOM,97.14,6,256644.0
2018-03,NORTH-EAST,2 ROOM,98.77,7,260000.0
2018-04,NORTH-EAST,2 ROOM,97.41,6,238000.0
2018-05,NORTH-EAST,2 ROOM,96.38,7,250000.0
2018-06,NORTH-EAST,2 ROOM,100.08,12,260000.0
2018-07,NORTH-EAST,2 ROOM,95.82,7,235000.0
2018-08,NORTH-EAST,2 ROOM,93.27,12,237500.0
2018-09,NORTH-EAST,2 ROOM,94.64,6,252500.0
2018-10,NORTH-EAST,2 ROOM,94.22,11,235000.0
2018-11,NORTH-EAST,2 ROOM,94.67,8,247500.0
2018-12,NORTH-EAST,2 ROOM,91.78,5,220000.0
2019-01,NORTH-EAST,2 ROOM,95.35,4,240500.0
2019-02,NORTH-EAST,2 ROOM,95.62,6,240000.0
2019-03,NORTH-EAST,2 ROOM,91.53,7,230000.0
2019-04,NORTH-EAST,2 ROOM,88.56,3,238000.0
2019-05,NORTH-EAST,2 ROOM,93.06,9,243000.0
2019-06,NORTH-EAST,2 ROOM,89.79,5,230000.0
2019-07,NORTH-EAST,2 ROOM,93.63,14,247500.0
2019-08,NORTH-EAST,2 ROOM,91.3,11,235000.0
2019-09,NORTH-EAST,2 ROOM,90.7,12,230000.0
2019-10,NORTH-EAST,2 ROOM,93.03,11,238000.0
2019-11,NORTH-EAST,2 ROOM,93.23,10,241500.0
2019-12,NORTH-EAST,2 ROOM,94.49,10,235000.0
2020-01,NORTH-EAST,2 ROOM,93.03,7,236000.0
2020-02,NORTH-EAST,2 ROOM,94.22,10,240250.0
2020-03,NORTH-EAST,2 ROOM,95.42,13,240000.0
2020-04,NORTH-EAST,2 ROOM,96.61,1,258000.0
2020-05,NORTH-EAST,2 ROOM,98.95,6,236500.0
2020-06,NORTH-EAST,2 ROOM,94.64,21,240000.0
2020-07,NORTH-EAST,2 ROOM,94.98,22,234000.0
2020-08,NORTH-EAST,2 ROOM,97.04,9,245000.0
2020-09,NORTH-EAST,2 ROOM,98.83,10,245750.0
2020-10,NORTH-EAST,2 ROOM,99.23,13,252000.0
2020-11,NORTH-EAST,2 ROOM,95.44,7,245000.0
2020-12,NORTH-EAST,2 ROOM,102.64,12,260000.0
2021-01,NORTH-EAST,2 ROOM,100.07,12,251500.0
2021-02,NORTH-EAST,2 ROOM,105.79,13,268000.0
2021-03,NORTH-EAST,2 ROOM,105.27,9,275000.0
2021-04,NORTH-EAST,2 ROOM,105.36,10,260000.0
2021-05,NORTH-EAST,2 ROOM,108.45,6,269000.0
2021-06,NORTH-EAST,2 ROOM,110.05,6,279000.0
2021-07,NORTH-EAST,2 ROOM,103.94,9,256000.0
2021-08,NORTH-EAST,2 ROOM,110.79,6,272500.0
2021-09,NORTH-EAST,2 ROOM,110.52,12,281500.0
2021-10,NORTH-EAST,2 ROOM,113.77,13,283000.0
2021-11,NORTH-EAST,2 ROOM,115.11,12,290000.0
2021-12,NORTH-EAST,2 ROOM,115.14,10,295000.0
2022-01,NORTH-EAST,2 ROOM,115.31,9,300000.0
2022-02,NORTH-EAST,2 ROOM,113.93,9,260000.0
2022-03,NORTH-EAST,2 ROOM,116.94,11,297000.0
2022-04,NORTH-EAST,2 ROOM,121.44,6,291000.0
2022-05,NORTH-EAST,2 ROOM,123.74,12,305000.0
2022-06,NORTH-EAST,2 ROOM,120.84,9,310000.0
2022-07,NORTH-EAST,2 ROOM,122.1,9,310000.0
2022-08,NORTH-EAST,2 ROOM,122.88,13,308000.0
2022-09,NORTH-EAST,2 ROOM,129.59,14,314400.0
2022-10,NORTH-EAST,2 ROOM,128.28,9,310000.0
2022-11,NORTH-EAST,2 ROOM,129.83,10,335000.0
2022-12,NORTH-EAST,2 ROOM,130.76,12,310000.0
2023-01,NORTH-EAST,2 ROOM,130.23,25,330000.0
2023-02,NORTH-EAST,2 ROOM,129.36,16,325000.0
2023-03,NORTH-EAST,2 ROOM,132.13,16,336888.0
2023-04,NORTH-EAST,2 ROOM,135.6,16,339000.0
2023-05,NORTH-EAST,2 ROOM,132.39,12,324000.0
2023-06,NORTH-EAST,2 ROOM,134.02,12,340000.0
2023-07,NORTH-EAST,2 ROOM,139.87,6,343500.0
2023-08,NORTH-EAST,2 ROOM,136.32,20,339000.0
2023-09,NORTH-EAST,2 ROOM,135.54,19,345000.0
2023-10,NORTH-EAST,2 ROOM,133.86,19,335000.0
2023-11,NORTH-EAST,2 ROOM,136.91,22,340000.0
2023-12,NORTH-EAST,2 ROOM,136.52,18,343500.0
2024-01,NORTH-EAST,2 ROOM,136.38,23,338000.0
2024-02,NORTH-EAST,2 ROOM,140.65,15,353000.0
2024-03,NORTH-EAST,2 ROOM,137.81,21,345000.0
2024-04,NORTH-EAST,2 ROOM,141.57,20,350000.0
2024-05,NORTH-EAST,2 ROOM,140.16,14,342500.0
2024-06,NORTH-EAST,2 ROOM,141.36,24,341000.0
2024-07,NORTH-EAST,2 ROOM,141.08,20,346000.0
2024-08,NORTH-EAST,2 ROOM,144.49,24,359444.0
2024-09,NORTH-EAST,2 ROOM,147.52,21,358000.0
2024-10,NORTH-EAST,2 ROOM,146.31,9,375000.0
2024-11,NORTH-EAST,2 ROOM,147.18,20,371250.0
2024-12,NORTH-EAST,2 ROOM,148.79,17,375000.0
2025-01,NORTH-EAST,2 ROOM,149.29,17,363500.0
2025-02,NORTH-EAST,2 ROOM,146.54,24,362500.0
2025-03,NORTH-EAST,2 ROOM,150.46,21,378000.0
2025-04,NORTH-EAST,2 ROOM,150.65,32,370000.0
2025-05,NORTH-EAST,2 ROOM,151.03,14,375000.0
2025-06,NORTH-EAST,2 ROOM,149.86,23,383000.0
2025-07,NORTH-EAST,2 ROOM,152.98,27,382000.0
2025-08,NORTH-EAST,2 ROOM,155.82,24,380000.0
2025-09,NORTH-EAST,2 ROOM,155.98,22,385000.0
2025-10,NORTH-EAST,2 ROOM,159.44,12,388000.0
2025-11,NORTH-EAST,2 ROOM,155.82,14,381500.0
2025-12,NORTH-EAST,2 ROOM,155.19,19,402000.0
2026-01,NORTH-EAST,2 ROOM,157.98,24,385000.0
2026-02,NORTH-EAST,2 ROOM,158.54,19,400000.0
2026-03,NORTH-EAST,2 ROOM,157.75,19,386000.0
2026-04,NORTH-EAST,2 ROOM,154.04,20,385000.0
2026-05,NORTH-EAST,2 ROOM,155.01,21,391000.0
2026-06,NORTH-EAST,2 ROOM,155.9,29,390000.0
2026-07,NORTH-EAST,2 ROOM,155.32,32,380000.0
2026-08,NORTH-EAST,2 ROOM,156.06,21,375000.0
2026-09,NORTH-EAST,2 ROOM,157.76,26,395000.0
2017-01,NORTH-EAST,3 ROOM,100.0,59,305000.0
2017-02,NORTH-EAST,3 ROOM,98.93,50,314000.0
2017-03,NORTH-EAST,3 ROOM,99.64,92,317500.0
2017-04,NORTH-EAST,3 ROOM,99.03,80,310000.0
2017-05,NORTH-EAST,3 ROOM,98.62,91,310000.0
2017-06,NORTH-EAST,3 ROOM,99.28,79,320000.0
2017-07,NORTH-EAST,3 ROOM,98.01,79,310000.0
2017-08,NORTH-EAST,3 ROOM,98.36,83,310000.0
2017-09,NORTH-EAST,3 ROOM,95.43,70,300000.0
2017-10,NORTH-EAST,3 ROOM,97.83,95,310000.0
2017-11,NORTH-EAST,3 ROOM,98.08,101,308000.0
2017-12,NORTH-EAST,3 ROOM,95.03,62,300000.0
2018-01,NORTH-EAST,3 ROOM,94.84,58,310000.0
2018-02,NORTH-EAST,3 ROOM,94.91,44,285000.0
2018-03,NORTH-EAST,3 ROOM,94.12,99,300000.0
2018-04,NORTH-EAST,3 ROOM,95.07,87,305000.0
2018-05,NORTH-EAST,3 ROOM,91.9,78,290000.0
2018-06,NORTH-EAST,3 ROOM,94.65,116,303500.0
2018-07,NORTH-EAST,3 ROOM,94.0,138,300000.0
2018-08,NORTH-EAST,3 ROOM,92.98,95,302000.0
2018-09,NORTH-EAST,3 ROOM,93.59,93,290000.0
2018-10,NORTH-EAST,3 ROOM,93.32,96,297000.0
2018-11,NORTH-EAST,3 ROOM,94.66,91,295000.0
2018-12,NORTH-EAST,3 ROOM,93.29,69,297000.0
2019-01,NORTH-EAST,3 ROOM,91.42,85,290000.0
2019-02,NORTH-EAST,3 ROOM,93.05,65,291000.0
2019-03,NORTH-EAST,3 ROOM,92.33,96,282500.0
2019-04,NORTH-EAST,3 ROOM,92.52,94,280000.0
2019-05,NORTH-EAST,3 ROOM,91.62,88,278000.0
2019-06,NORTH-EAST,3 ROOM,91.7,96,295000.0
2019-07,NORTH-EAST,3 ROOM,92.76,107,300000.0
2019-08,NORTH-EAST,3 ROOM,93.99,87,300000.0
2019-09,NORTH-EAST,3 ROOM,92.66,93,298000.0
2019-10,NORTH-EAST,3 ROOM,92.67,108,291000.0
2019-11,NORTH-EAST,3 ROOM,92.74,82,309000.0
2019-12,NORTH-EAST,3 ROOM,92.09,97,298000.0
2020-01,NORTH-EAST,3 ROOM,93.05,106,303944.0
2020-02,NORTH-EAST,3 ROOM,93.96,80,306000.0
2020-03,NORTH-EAST,3 ROOM,93.66,90,292500.0
2020-04,NORTH-EAST,3 ROOM,94.93,21,300000.0
2020-05,NORTH-EAST,3 ROOM,92.18,21,295000.0
2020-06,NORTH-EAST,3 ROOM,92.89,145,298000.0
2020-07,NORTH-EAST,3 ROOM,93.91,146,295500.0
2020-08,NORTH-EAST,3 ROOM,96.12,136,324000.0
2020-09,NORTH-EAST,3 ROOM,97.13,127,320000.0
2020-10,NORTH-EAST,3 ROOM,97.56,120,325000.0
2020-11,NORTH-EAST,3 ROOM,99.03,126,325000.0
2020-12,NORTH-EAST,3 ROOM,100.1,111,335000.0
2021-01,NORTH-EAST,3 ROOM,101.95,114,332500.0
2021-02,NORTH-EAST,3 ROOM,101.8,96,326500.0
2021-03,NORTH-EAST,3 ROOM,103.66,135,335000.0
2021-04,NORTH-EAST,3 ROOM,104.14,96,338440.0
2021-05,NORTH-EAST,3 ROOM,106.55,82,352000.0
2021-06,NORTH-EAST,3 ROOM,107.62,104,344000.0
2021-07,NORTH-EAST,3 ROOM,108.93,130,350000.0
2021-08,NORTH-EAST,3 ROOM,108.83,145,355000.0
2021-09,NORTH-EAST,3 ROOM,110.11,107,350000.0
2021-10,NORTH-EAST,3 ROOM,112.14,120,357444.0
2021-11,NORTH-EAST,3 ROOM,113.54,118,365000.0
2021-12,NORTH-EAST,3 ROOM,113.6,106,367500.0
2022-01,NORTH-EAST,3 ROOM,115.31,130,370444.0
2022-02,NORTH-EAST,3 ROOM,116.04,106,364000.0
2022-03,NORTH-EAST,3 ROOM,118.37,110,386000.0
2022-04,NORTH-EAST,3 ROOM,119.68,99,380000.0
2022-05,NORTH-EAST,3 ROOM,119.82,105,385000.0
2022-06,NORTH-EAST,3 ROOM,122.59,91,403000.0
2022-07,NORTH-EAST,3 ROOM,123.03,119,390000.0
2022-08,NORTH-EAST,3 ROOM,122.03,131,378000.0
2022-09,NORTH-EAST,3 ROOM,125.18,128,384000.0
2022-10,NORTH-EAST,3 ROOM,123.36,81,395000.0
2022-11,NORTH-EAST,3 ROOM,127.18,99,410000.0
2022-12,NORTH-EAST,3 ROOM,126.05,108,400000.0
2023-01,NORTH-EAST,3 ROOM,127.79,152,401400.0
2023-02,NORTH-EAST,3 ROOM,127.95,98,405000.0
2023-03,NORTH-EAST,3 ROOM,127.88,127,409999.0
2023-04,NORTH-EAST,3 ROOM,128.39,93,420000.0
2023-05,NORTH-EAST,3 ROOM,128.33,117,403000.0
2023-06,NORTH-EAST,3 ROOM,130.24,73,418000.0
2023-07,NORTH-EAST,3 ROOM,130.77,109,430000.0
2023-08,NORTH-EAST,3 ROOM,131.09,147,413888.0
2023-09,NORTH-EAST,3 ROOM,133.4,91,425000.0
2023-10,NORTH-EAST,3 ROOM,130.7,139,418000.0
2023-11,NORTH-EAST,3 ROOM,130.72,123,410000.0
2023-12,NORTH-EAST,3 ROOM,133.2,117,415000.0
2024-01,NORTH-EAST,3 ROOM,134.47,148,425000.0
2024-02,NORTH-EAST,3 ROOM,134.86,107,430000.0
2024-03,NORTH-EAST,3 ROOM,136.88,101,425000.0
2024-04,NORTH-EAST,3 ROOM,136.47,114,450000.0
2024-05,NORTH-EAST,3 ROOM,138.27,132,436344.0
2024-06,NORTH-EAST,3 ROOM,140.13,97,439000.0
2024-07,NORTH-EAST,3 ROOM,141.07,152,455000.0
2024-08,NORTH-EAST,3 ROOM,143.02,128,449444.0
2024-09,NORTH-EAST,3 ROOM,145.29,112,452444.0
2024-10,NORTH-EAST,3 ROOM,146.81,115,460000.0
2024-11,NORTH-EAST,3 ROOM,146.76,88,460444.0
2024-12,NORTH-EAST,3 ROOM,147.07,111,462000.0
2025-01,NORTH-EAST,3 ROOM,149.57,140,462000.0
2025-02,NORTH-EAST,3 ROOM,150.53,118,468000.0
2025-03,NORTH-EAST,3 ROOM,151.61,99,460000.0
2025-04,NORTH-EAST,3 ROOM,152.33,120,461444.0
2025-05,NORTH-EAST,3 ROOM,150.73,108,469000.0
2025-06,NORTH-EAST,3 ROOM,152.86,115,468000.0
2025-07,NORTH-EAST,3 ROOM,152.39,138,480000.0
2025-08,NORTH-EAST,3 ROOM,153.38,121,468000.0
2025-09,NORTH-EAST,3 ROOM,152.31,105,468000.0
2025-10,NORTH-EAST,3 ROOM,153.75,71,470800.0
2025-11,NORTH-EAST,3 ROOM,154.26,88,472444.0
2025-12,NORTH-EAST,3 ROOM,153.71,88,479000.0
2026-01,NORTH-EAST,3 ROOM,154.27,98,482500.0
2026-02,NORTH-EAST,3 ROOM,153.08,68,485000.0
2026-03,NORTH-EAST,3 ROOM,151.68,88,479000.0
2026-04,NORTH-EAST,3 ROOM,150.95,95,475000.0
2026-05,NORTH-EAST,3 ROOM,151.28,92,456500.0
2026-06,NORTH-EAST,3 ROOM,151.22,110,459000.0
2026-07,NORTH-EAST,3 ROOM,153.95,103,488888.0
2026-08,NORTH-EAST,3 ROOM,151.35,95,470000.0
2026-09,NORTH-EAST,3 ROOM,149.9,88,457500.0
2017-01,NORTH-EAST,4 ROOM,100.0,128,423400.0
2017-02,NORTH-EAST,4 ROOM,98.29,126,422944.0
2017-03,NORTH-EAST,4 ROOM,98.29,251,430000.0
2017-04,NORTH-EAST,4 ROOM,99.6,216,422500.0
2017-05,NORTH-EAST,4 ROOM,98.38,221,420000.0
2017-06,NORTH-EAST,4 ROOM,98.17,203,423000.0
2017-07,NORTH-EAST,4 ROOM,98.21,230,415000.0
2017-08,NORTH-EAST,4 ROOM,98.43,220,430000.0
2017-09,NORTH-EAST,4 ROOM,96.72,217,422000.0
2017-10,NORTH-EAST,4 ROOM,98.94,183,423000.0
2017-11,NORTH-EAST,4 ROOM,97.16,222,420444.0
2017-12,NORTH-EAST,4 ROOM,98.61,191,422000.0
2018-01,NORTH-EAST,4 ROOM,97.01,114,425000.0
2018-02,NORTH-EAST,4 ROOM,97.83,147,415000.0
2018-03,NORTH-EAST,4 ROOM,97.64,235,420000.0
2018-04,NORTH-EAST,4 ROOM,97.77,205,418000.0
2018-05,NORTH-EAST,4 ROOM,97.91,217,420000.0
2018-06,NORTH-EAST,4 ROOM,96.71,224,415000.0
2018-07,NORTH-EAST,4 ROOM,98.07,283,420000.0
2018-08,NORTH-EAST,4 ROOM,97.94,260,421000.0
2018-09,NORTH-EAST,4 ROOM,99.57,226,422000.0
2018-10,NORTH-EAST,4 ROOM,99.1,215,430000.0
2018-11,NORTH-EAST,4 ROOM,98.67,226,415000.0
2018-12,NORTH-EAST,4 ROOM,98.7,168,420000.0
2019-01,NORTH-EAST,4 ROOM,98.12,168,415000.0
2019-02,NORTH-EAST,4 ROOM,97.91,129,415888.0
2019-03,NORTH-EAST,4 ROOM,100.02,186,422500.0
2019-04,NORTH-EAST,4 ROOM,99.95,235,420000.0
2019-05,NORTH-EAST,4 ROOM,99.28,254,420000.0
2019-06,NORTH-EAST,4 ROOM,99.57,211,423000.0
2019-07,NORTH-EAST,4 ROOM,98.98,225,425000.0
2019-08,NORTH-EAST,4 ROOM,100.98,214,430000.0
2019-09,NORTH-EAST,4 ROOM,100.07,199,425000.0
2019-10,NORTH-EAST,4 ROOM,99.93,243,435000.0
2019-11,NORTH-EAST,4 ROOM,99.84,213,428000.0
2019-12,NORTH-EAST,4 ROOM,99.57,219,421000.0
2020-01,NORTH-EAST,4 ROOM,99.12,224,425000.0
2020-02,NORTH-EAST,4 ROOM,99.41,219,420000.0
2020-03,NORTH-EAST,4 ROOM,101.17,230,448000.0
2020-04,NORTH-EAST,4 ROOM,100.87,58,438888.0
2020-05,NORTH-EAST,4 ROOM,101.84,48,447500.0
2020-06,NORTH-EAST,4 ROOM,100.15,273,430000.0
2020-07,NORTH-EAST,4 ROOM,100.68,300,435000.0
2020-08,NORTH-EAST,4 ROOM,101.4,335,439000.0
2020-09,NORTH-EAST,4 ROOM,101.86,351,438000.0
2020-10,NORTH-EAST,4 ROOM,103.69,321,445000.0
2020-11,NORTH-EAST,4 ROOM,103.56,316,440000.0
2020-12,NORTH-EAST,4 ROOM,104.52,341,445000.0
2021-01,NORTH-EAST,4 ROOM,105.69,361,458000.0
2021-02,NORTH-EAST,4 ROOM,105.97,299,450000.0
2021-03,NORTH-EAST,4 ROOM,106.29,314,460000.0
2021-04,NORTH-EAST,4 ROOM,107.69,352,460000.0
2021-05,NORTH-EAST,4 ROOM,108.79,281,472888.0
2021-06,NORTH-EAST,4 ROOM,110.62,329,475000.0
2021-07,NORTH-EAST,4 ROOM,111.27,375,475000.0
2021-08,NORTH-EAST,4 ROOM,112.41,377,483000.0
2021-09,NORTH-EAST,4 ROOM,113.42,335,488000.0
2021-10,NORTH-EAST,4 ROOM,115.09,293,495000.0
2021-11,NORTH-EAST,4 ROOM,116.66,329,496000.0
2021-12,NORTH-EAST,4 ROOM,118.07,341,503800.0
2022-01,NORTH-EAST,4 ROOM,118.56,315,510000.0
2022-02,NORTH-EAST,4 ROOM,119.32,237,510000.0
2022-03,NORTH-EAST,4 ROOM,120.46,298,509444.0
2022-04,NORTH-EAST,4 ROOM,122.59,298,520000.0
2022-05,NORTH-EAST,4 ROOM,123.08,278,525000.0
2022-06,NORTH-EAST,4 ROOM,124.26,262,531444.0
2022-07,NORTH-EAST,4 ROOM,125.82,323,538000.0
2022-08,NORTH-EAST,4 ROOM,126.38,252,528000.0
2022-09,NORTH-EAST,4 ROOM,128.79,288,550000.0
2022-10,NORTH-EAST,4 ROOM,130.54,231,550000.0
2022-11,NORTH-EAST,4 ROOM,130.49,257,548888.0
2022-12,NORTH-EAST,4 ROOM,132.24,284,560000.0
2023-01,NORTH-EAST,4 ROOM,132.5,287,560000.0
2023-02,NORTH-EAST,4 ROOM,132.73,218,555000.0
2023-03,NORTH-EAST,4 ROOM,133.71,269,565000.0
2023-04,NORTH-EAST,4 ROOM,134.1,284,565000.0
2023-05,NORTH-EAST,4 ROOM,133.92,307,570000.0
2023-06,NORTH-EAST,4 ROOM,135.12,264,560000.0
2023-07,NORTH-EAST,4 ROOM,136.44,275,555888.0
2023-08,NORTH-EAST,4 ROOM,137.48,309,580000.0
2023-09,NORTH-EAST,4 ROOM,136.26,235,575000.0
2023-10,NORTH-EAST,4 ROOM,138.76,323,585000.0
2023-11,NORTH-EAST,4 ROOM,139.27,267,582888.0
2023-12,NORTH-EAST,4 ROOM,140.72,256,586944.0
2024-01,NORTH-EAST,4 ROOM,140.62,301,598000.0
2024-02,NORTH-EAST,4 ROOM,143.14,264,600444.0
2024-03,NORTH-EAST,4 ROOM,141.96,229,600000.0
2024-04,NORTH-EAST,4 ROOM,143.71,273,595000.0
2024-05,NORTH-EAST,4 ROOM,144.84,278,608000.0
2024-06,NORTH-EAST,4 ROOM,147.22,257,616888.0
2024-07,NORTH-EAST,4 ROOM,149.0,362,625000.0
2024-08,NORTH-EAST,4 ROOM,149.86,307,625000.0
2024-09,NORTH-EAST,4 ROOM,151.06,248,640000.0
2024-10,NORTH-EAST,4 ROOM,154.51,247,648000.0
2024-11,NORTH-EAST,4 ROOM,153.91,226,630000.0
2024-12,NORTH-EAST,4 ROOM,155.99,229,650888.0
2025-01,NORTH-EAST,4 ROOM,157.09,253,650000.0
2025-02,NORTH-EAST,4 ROOM,157.06,220,655000.0
2025-03,NORTH-EAST,4 ROOM,158.11,199,653000.0
2025-04,NORTH-EAST,4 ROOM,158.88,236,665000.0
2025-05,NORTH-EAST,4 ROOM,159.16,243,660000.0
2025-06,NORTH-EAST,4 ROOM,159.16,244,650000.0
2025-07,NORTH-EAST,4 ROOM,159.17,313,652000.0
2025-08,NORTH-EAST,4 ROOM,160.09,263,658000.0
2025-09,NORTH-EAST,4 ROOM,159.69,258,659000.0
2025-10,NORTH-EAST,4 ROOM,158.54,145,648888.0
2025-11,NORTH-EAST,4 ROOM,160.47,177,650000.0
2025-12,NORTH-EAST,4 ROOM,158.14,229,650000.0
2026-01,NORTH-EAST,4 ROOM,159.33,268,662388.0
2026-02,NORTH-EAST,4 ROOM,159.17,187,645000.0
2026-03,NORTH-EAST,4 ROOM,159.09,229,645000.0
2026-04,NORTH-EAST,4 ROOM,158.71,189,650000.0
2026-05,NORTH-EAST,4 ROOM,159.27,232,663500.0
2026-06,NORTH-EAST,4 ROOM,157.69,252,645000.0
2026-07,NORTH-EAST,4 ROOM,158.26,294,650000.0
2026-08,NORTH-EAST,4 ROOM,159.34,298,644888.0
2026-09,NORTH-EAST,4 ROOM,157.22,229,655000.0
2017-01,NORTH-EAST,5 ROOM,100.0,73,465000.0
2017-02,NORTH-EAST,5 ROOM,100.14,71,463000.0
2017-03,NORTH-EAST,5 ROOM,100.97,121,460000.0
2017-04,NORTH-EAST,5 ROOM,101.13,126,479000.0
2017-05,NORTH-EAST,5 ROOM,101.38,134,468000.0
2017-06,NORTH-EAST,5 ROOM,99.86,133,443888.0
2017-07,NORTH-EAST,5 ROOM,100.51,120,455000.0
2017-08,NORTH-EAST,5 ROOM,100.99,160,455000.0
2017-09,NORTH-EAST,5 ROOM,100.15,124,453500.0
2017-10,NORTH-EAST,5 ROOM,100.34,114,455000.0
2017-11,NORTH-EAST,5 ROOM,101.04,108,454000.0
2017-12,NORTH-EAST,5 ROOM,99.91,120,458444.0
2018-01,NORTH-EAST,5 ROOM,99.44,94,463944.0
2018-02,NORTH-EAST,5 ROOM,101.07,88,454000.0
2018-03,NORTH-EAST,5 ROOM,99.22,143,450000.0
2018-04,NORTH-EAST,5 ROOM,102.26,122,465000.0
2018-05,NORTH-EAST,5 ROOM,101.07,133,438000.0
2018-06,NORTH-EAST,5 ROOM,101.7,119,460000.0
2018-07,NORTH-EAST,5 ROOM,101.83,216,458000.0
2018-08,NORTH-EAST,5 ROOM,103.06,138,475500.0
2018-09,NORTH-EAST,5 ROOM,101.0,134,450000.0
2018-10,NORTH-EAST,5 ROOM,104.22,140,464000.0
2018-11,NORTH-EAST,5 ROOM,103.65,124,448444.0
2018-12,NORTH-EAST,5 ROOM,105.4,102,482444.0
2019-01,NORTH-EAST,5 ROOM,105.75,99,500000.0
2019-02,NORTH-EAST,5 ROOM,106.01,65,480000.0
2019-03,NORTH-EAST,5 ROOM,106.38,93,490000.0
2019-04,NORTH-EAST,5 ROOM,105.46,103,495000.0
2019-05,NORTH-EAST,5 ROOM,106.1,125,462000.0
2019-06,NORTH-EAST,5 ROOM,105.23,122,466500.0
2019-07,NORTH-EAST,5 ROOM,105.06,134,486500.0
2019-08,NORTH-EAST,5 ROOM,106.78,108,511444.0
2019-09,NORTH-EAST,5 ROOM,106.54,103,480000.0
2019-10,NORTH-EAST,5 ROOM,105.99,131,490000.0
2019-11,NORTH-EAST,5 ROOM,107.24,132,490000.0
2019-12,NORTH-EAST,5 ROOM,108.34,105,495000.0
2020-01,NORTH-EAST,5 ROOM,106.55,131,500000.0
2020-02,NORTH-EAST,5 ROOM,105.87,118,519000.0
2020-03,NORTH-EAST,5 ROOM,105.11,124,525500.0
2020-04,NORTH-EAST,5 ROOM,105.46,37,525000.0
2020-05,NORTH-EAST,5 ROOM,107.53,30,552500.0
2020-06,NORTH-EAST,5 ROOM,106.45,141,525000.0
2020-07,NORTH-EAST,5 ROOM,107.87,167,545000.0
2020-08,NORTH-EAST,5 ROOM,108.38,186,504000.0
2020-09,NORTH-EAST,5 ROOM,108.91,210,514444.0
2020-10,NORTH-EAST,5 ROOM,108.38,218,485000.0
2020-11,NORTH-EAST,5 ROOM,109.83,229,520000.0
2020-12,NORTH-EAST,5 ROOM,110.02,232,533000.0
2021-01,NORTH-EAST,5 ROOM,112.2,208,532500.0
2021-02,NORTH-EAST,5 ROOM,112.96,204,542944.0
2021-03,NORTH-EAST,5 ROOM,113.74,203,555000.0
2021-04,NORTH-EAST,5 ROOM,115.17,220,550000.0
2021-05,NORTH-EAST,5 ROOM,115.31,164,558500.0
2021-06,NORTH-EAST,5 ROOM,118.0,199,565000.0
2021-07,NORTH-EAST,5 ROOM,119.15,245,588888.0
2021-08,NORTH-EAST,5 ROOM,119.78,265,590000.0
2021-09,NORTH-EAST,5 ROOM,120.28,225,570000.0
2021-10,NORTH-EAST,5 ROOM,121.32,226,580944.0
2021-11,NORTH-EAST,5 ROOM,123.83,238,600000.0
2021-12,NORTH-EAST,5 ROOM,125.2,203,585000.0
2022-01,NORTH-EAST,5 ROOM,125.85,204,589444.0
2022-02,NORTH-EAST,5 ROOM,126.46,135,581888.0
2022-03,NORTH-EAST,5 ROOM,127.55,150,592500.0
2022-04,NORTH-EAST,5 ROOM,129.23,181,608000.0
2022-05,NORTH-EAST,5 ROOM,131.53,152,599000.0
2022-06,NORTH-EAST,5 ROOM,132.46,173,630000.0
2022-07,NORTH-EAST,5 ROOM,134.86,180,649444.0
2022-08,NORTH-EAST,5 ROOM,133.64,157,620000.0
2022-09,NORTH-EAST,5 ROOM,137.14,206,636500.0
2022-10,NORTH-EAST,5 ROOM,137.89,134,645000.0
2022-11,NORTH-EAST,5 ROOM,139.25,151,620000.0
2022-12,NORTH-EAST,5 ROOM,139.38,149,641000.0
2023-01,NORTH-EAST,5 ROOM,139.55,156,659444.0
2023-02,NORTH-EAST,5 ROOM,139.49,121,635000.0
2023-03,NORTH-EAST,5 ROOM,139.71,147,640000.0
2023-04,NORTH-EAST,5 ROOM,141.07,144,660000.0
2023-05,NORTH-EAST,5 ROOM,141.0,160,640000.0
2023-06,NORTH-EAST,5 ROOM,143.34,141,655000.0
2023-07,NORTH-EAST,5 ROOM,145.56,126,679444.0
2023-08,NORTH-EAST,5 ROOM,144.0,171,660000.0
2023-09,NORTH-EAST,5 ROOM,143.79,124,676500.0
2023-10,NORTH-EAST,5 ROOM,144.65,151,670000.0
2023-11,NORTH-EAST,5 ROOM,145.69,132,649000.0
2023-12,NORTH-EAST,5 ROOM,147.07,143,660000.0
2024-01,NORTH-EAST,5 ROOM,151.19,180,690000.0
2024-02,NORTH-EAST,5 ROOM,149.44,152,659444.0
2024-03,NORTH-EAST,5 ROOM,151.74,133,685000.0
2024-04,NORTH-EAST,5 ROOM,151.55,147,670000.0
2024-05,NORTH-EAST,5 ROOM,153.69,154,691500.0
2024-06,NORTH-EAST,5 ROOM,155.37,155,720000.0
2024-07,NORTH-EAST,5 ROOM,155.43,203,711000.0
2024-08,NORTH-EAST,5 ROOM,157.19,202,699000.0
2024-09,NORTH-EAST,5 ROOM,159.47,171,725000.0
2024-10,NORTH-EAST,5 ROOM,159.82,136,734000.0
2024-11,NORTH-EAST,5 ROOM,162.38,128,726500.0
2024-12,NORTH-EAST,5 ROOM,162.26,122,719444.0
2025-01,NORTH-EAST,5 ROOM,163.04,127,730000.0
2025-02,NORTH-EAST,5 ROOM,165.28,117,738000.0
2025-03,NORTH-EAST,5 ROOM,163.51,110,757444.0
2025-04,NORTH-EAST,5 ROOM,166.92,135,738000.0
2025-05,NORTH-EAST,5 ROOM,164.97,150,777500.0
2025-06,NORTH-EAST,5 ROOM,165.53,116,722500.0
2025-07,NORTH-EAST,5 ROOM,167.95,181,738000.0
2025-08,NORTH-EAST,5 ROOM,166.57,131,730000.0
2025-09,NORTH-EAST,5 ROOM,169.65,145,770000.0
2025-10,NORTH-EAST,5 ROOM,167.09,83,750000.0
2025-11,NORTH-EAST,5 ROOM,168.33,84,751944.0
2025-12,NORTH-EAST,5 ROOM,169.97,138,750000.0
2026-01,NORTH-EAST,5 ROOM,169.82,131,758000.0
2026-02,NORTH-EAST,5 ROOM,172.45,95,780000.0
2026-03,NORTH-EAST,5 ROOM,169.22,117,788000.0
2026-04,NORTH-EAST,5 ROOM,165.67,96,747500.0
2026-05,NORTH-EAST,5 ROOM,167.6,131,738888.0
2026-06,NORTH-EAST,5 ROOM,169.78,131,730000.0
2026-07,NORTH-EAST,5 ROOM,169.33,182,770000.0
2026-08,NORTH-EAST,5 ROOM,168.48,154,735000.0
2026-09,NORTH-EAST,5 ROOM,169.37,153,772888.0
2017-01,NORTH-EAST,EXECUTIVE,100.0,17,608888.0
2017-02,NORTH-EAST,EXECUTIVE,103.04,27,570000.0
2017-03,NORTH-EAST,EXECUTIVE,102.28,39,620000.0
2017-04,NORTH-EAST,EXECUTIVE,101.84,28,596000.0
2017-05,NORTH-EAST,EXECUTIVE,103.07,31,580888.0
2017-06,NORTH-EAST,EXECUTIVE,106.92,40,644000.0
2017-07,NORTH-EAST,EXECUTIVE,102.94,27,580000.0
2017-08,NORTH-EAST,EXECUTIVE,102.54,33,588000.0
2017-09,NORTH-EAST,EXECUTIVE,101.34,27,590000.0
2017-10,NORTH-EAST,EXECUTIVE,102.35,36,583000.0
2017-11,NORTH-EAST,EXECUTIVE,101.69,32,610000.0
2017-12,NORTH-EAST,EXECUTIVE,103.44,41,610000.0
2018-01,NORTH-EAST,EXECUTIVE,106.67,24,687500.0
2018-02,NORTH-EAST,EXECUTIVE,103.8,30,609000.0
2018-03,NORTH-EAST,EXECUTIVE,103.71,54,616500.0
2018-04,NORTH-EAST,EXECUTIVE,107.68,27,668000.0
2018-05,NORTH-EAST,EXECUTIVE,101.98,36,601500.0
2018-06,NORTH-EAST,EXECUTIVE,103.15,42,562000.0
2018-07,NORTH-EAST,EXECUTIVE,104.38,66,619000.0
2018-08,NORTH-EAST,EXECUTIVE,105.7,44,630000.0
2018-09,NORTH-EAST,EXECUTIVE,105.12,58,629000.0
2018-10,NORTH-EAST,EXECUTIVE,102.71,24,660000.0
2018-11,NORTH-EAST,EXECUTIVE,105.43,29,650000.0
2018-12,NORTH-EAST,EXECUTIVE,103.85,24,608500.0
2019-01,NORTH-EAST,EXECUTIVE,104.82,14,635000.0
2019-02,NORTH-EAST,EXECUTIVE,105.0,13,628000.0
2019-03,NORTH-EAST,EXECUTIVE,105.22,20,645000.0
2019-04,NORTH-EAST,EXECUTIVE,104.2,22,627500.0
2019-05,NORTH-EAST,EXECUTIVE,104.22,31,595000.0
2019-06,NORTH-EAST,EXECUTIVE,105.61,26,579000.0
2019-07,NORTH-EAST,EXECUTIVE,106.81,31,622000.0
2019-08,NORTH-EAST,EXECUTIVE,104.27,26,617500.0
2019-09,NORTH-EAST,EXECUTIVE,101.94,28,609000.0
2019-10,NORTH-EAST,EXECUTIVE,105.83,32,635000.0
2019-11,NORTH-EAST,EXECUTIVE,106.86,27,631000.0
2019-12,NORTH-EAST,EXECUTIVE,108.46,27,638000.0
2020-01,NORTH-EAST,EXECUTIVE,102.3,21,623000.0
2020-02,NORTH-EAST,EXECUTIVE,103.82,21,630000.0
2020-03,NORTH-EAST,EXECUTIVE,104.04,30,639000.0
2020-04,NORTH-EAST,EXECUTIVE,105.41,8,585000.0
2020-05,NORTH-EAST,EXECUTIVE,101.36,8,605000.0
2020-06,NORTH-EAST,EXECUTIVE,103.27,34,619000.0
2020-07,NORTH-EAST,EXECUTIVE,104.14,25,603000.0
2020-08,NORTH-EAST,EXECUTIVE,106.31,41,625000.0
2020-09,NORTH-EAST,EXECUTIVE,104.68,42,620000.0
2020-10,NORTH-EAST,EXECUTIVE,106.91,50,640000.0
2020-11,NORTH-EAST,EXECUTIVE,107.77,49,652000.0
2020-12,NORTH-EAST,EXECUTIVE,106.76,44,637944.0
2021-01,NORTH-EAST,EXECUTIVE,108.75,47,675000.0
2021-02,NORTH-EAST,EXECUTIVE,107.06,37,646000.0
2021-03,NORTH-EAST,EXECUTIVE,114.37,34,662944.0
2021-04,NORTH-EAST,EXECUTIVE,114.3,39,701000.0
2021-05,NORTH-EAST,EXECUTIVE,115.01,31,700000.0
2021-06,NORTH-EAST,EXECUTIVE,117.52,45,710000.0
2021-07,NORTH-EAST,EXECUTIVE,113.72,39,680000.0
2021-08,NORTH-EAST,EXECUTIVE,116.18,42,671944.0
2021-09,NORTH-EAST,EXECUTIVE,118.27,33,718000.0
2021-10,NORTH-EAST,EXECUTIVE,118.76,41,675000.0
2021-11,NORTH-EAST,EXECUTIVE,119.25,53,720000.0
2021-12,NORTH-EAST,EXECUTIVE,122.78,40,741444.0
2022-01,NORTH-EAST,EXECUTIVE,118.81,37,720000.0
2022-02,NORTH-EAST,EXECUTIVE,126.73,23,828000.0
2022-03,NORTH-EAST,EXECUTIVE,126.47,27,711000.0
2022-04,NORTH-EAST,EXECUTIVE,125.88,32,721944.0
2022-05,NORTH-EAST,EXECUTIVE,125.07,32,747500.0
2022-06,NORTH-EAST,EXECUTIVE,124.54,28,737499.5
2022-07,NORTH-EAST,EXECUTIVE,128.6,40,790000.0
2022-08,NORTH-EAST,EXECUTIVE,128.74,30,820000.0
2022-09,NORTH-EAST,EXECUTIVE,130.54,35,782000.0
2022-10,NORTH-EAST,EXECUTIVE,131.3,26,724000.0
2022-11,NORTH-EAST,EXECUTIVE,133.54,25,800000.0
2022-12,NORTH-EAST,EXECUTIVE,133.85,24,759000.0
2023-01,NORTH-EAST,EXECUTIVE,133.61,28,819000.0
2023-02,NORTH-EAST,EXECUTIVE,128.9,15,815000.0
2023-03,NORTH-EAST,EXECUTIVE,136.82,29,845000.0
2023-04,NORTH-EAST,EXECUTIVE,134.71,26,818000.0
2023-05,NORTH-EAST,EXECUTIVE,134.73,19,780000.0
2023-06,NORTH-EAST,EXECUTIVE,138.29,18,754000.0
2023-07,NORTH-EAST,EXECUTIVE,134.82,32,834444.44
2023-08,NORTH-EAST,EXECUTIVE,137.88,33,865888.0
2023-09,NORTH-EAST,EXECUTIVE,136.16,28,833444.0
2023-10,NORTH-EAST,EXECUTIVE,136.26,24,835000.0
2023-11,NORTH-EAST,EXECUTIVE,139.81,39,813000.0
2023-12,NORTH-EAST,EXECUTIVE,137.58,27,850000.0
2024-01,NORTH-EAST,EXECUTIVE,142.76,30,790500.0
2024-02,NORTH-EAST,EXECUTIVE,142.64,25,858000.0
2024-03,NORTH-EAST,EXECUTIVE,146.9,28,894444.0
2024-04,NORTH-EAST,EXECUTIVE,142.0,23,870000.0
2024-05,NORTH-EAST,EXECUTIVE,141.62,37,840000.0
2024-06,NORTH-EAST,EXECUTIVE,144.29,37,900000.0
2024-07,NORTH-EAST,EXECUTIVE,144.85,34,915000.0
2024-08,NORTH-EAST,EXECUTIVE,148.09,46,894444.0
2024-09,NORTH-EAST,EXECUTIVE,144.35,39,888000.0
2024-10,NORTH-EAST,EXECUTIVE,151.87,34,912500.0
2024-11,NORTH-EAST,EXECUTIVE,148.26,22,916944.0
2024-12,NORTH-EAST,EXECUTIVE,150.08,20,870500.0
2025-01,NORTH-EAST,EXECUTIVE,147.24,17,918000.0
2025-02,NORTH-EAST,EXECUTIVE,151.5,27,908000.0
2025-03,NORTH-EAST,EXECUTIVE,150.92,18,915000.0
2025-04,NORTH-EAST,EXECUTIVE,158.09,26,1006944.0
2025-05,NORTH-EAST,EXECUTIVE,156.98,30,984000.0
2025-06,NORTH-EAST,EXECUTIVE,154.18,30,934444.0
2025-07,NORTH-EAST,EXECUTIVE,152.01,30,859000.0
2025-08,NORTH-EAST,EXECUTIVE,151.82,27,900000.0
2025-09,NORTH-EAST,EXECUTIVE,155.56,25,930000.0
2025-10,NORTH-EAST,EXECUTIVE,153.79,11,960000.0
2025-11,NORTH-EAST,EXECUTIVE,158.64,15,988000.0
2025-12,NORTH-EAST,EXECUTIVE,161.46,16,969000.0
2026-01,NORTH-EAST,EXECUTIVE,152.2,32,885444.0
2026-02,NORTH-EAST,EXECUTIVE,155.48,14,877888.0
2026-03,NORTH-EAST,EXECUTIVE,153.47,22,934000.0
2026-04,NORTH-EAST,EXECUTIVE,153.81,19,880000.0
2026-05,NORTH-EAST,EXECUTIVE,153.19,24,940000.0
2026-06,NORTH-EAST,EXECUTIVE,154.17,28,881000.0
2026-07,NORTH-EAST,EXECUTIVE,155.63,33,920000.0
2026-08,NORTH-EAST,EXECUTIVE,155.4,36,907500.0
2026-09,NORTH-EAST,EXECUTIVE,154.48,55,938888.0
2017-01,EAST,3 ROOM,100.0,53,310000.0
2017-02,EAST,3 ROOM,102.22,39,310000.0
2017-03,EAST,3 ROOM,101.63,78,309444.0
2017-04,EAST,3 ROOM,101.79,79,312000.0
2017-05,EAST,3 ROOM,100.7,76,310000.0
2017-06,EAST,3 ROOM,102.38,59,315888.0
2017-07,EAST,3 ROOM,100.62,65,308000.0
2017-08,EAST,3 ROOM,100.31,66,312500.0
2017-09,EAST,3 ROOM,100.76,61,305000.0
2017-10,EAST,3 ROOM,103.6,61,320000.0
2017-11,EAST,3 ROOM,101.5,68,310000.0
2017-12,EAST,3 ROOM,99.95,60,308000.0
2018-01,EAST,3 ROOM,101.26,30,304000.0
2018-02,EAST,3 ROOM,100.31,39,308000.0
2018-03,EAST,3 ROOM,103.43,52,319000.0
2018-04,EAST,3 ROOM,98.27,73,297000.0
2018-05,EAST,3 ROOM,99.76,64,316500.0
2018-06,EAST,3 ROOM,99.57,71,310000.0
2018-07,EAST,3 ROOM,99.04,75,295000.0
2018-08,EAST,3 ROOM,99.87,81,315000.0
2018-09,EAST,3 ROOM,99.62,75,303000.0
2018-10,EAST,3 ROOM,99.34,74,310000.0
2018-11,EAST,3 ROOM,97.06,69,300000.0
2018-12,EAST,3 ROOM,99.48,59,300000.0
2019-01,EAST,3 ROOM,97.83,55,295000.0
2019-02,EAST,3 ROOM,99.84,63,305000.0
2019-03,EAST,3 ROOM,97.21,57,300000.0
2019-04,EAST,3 ROOM,97.37,63,310000.0
2019-05,EAST,3 ROOM,95.67,77,295000.0
2019-06,EAST,3 ROOM,96.97,65,303000.0
2019-07,EAST,3 ROOM,95.94,71,290000.0
2019-08,EAST,3 ROOM,97.14,73,302000.0
2019-09,EAST,3 ROOM,97.16,74,296000.0
2019-10,EAST,3 ROOM,95.13,86,301500.0
2019-11,EAST,3 ROOM,96.05,94,300000.0
2019-12,EAST,3 ROOM,94.25,68,302500.0
2020-01,EAST,3 ROOM,95.16,79,295000.0
2020-02,EAST,3 ROOM,95.2,66,301500.0
2020-03,EAST,3 ROOM,93.48,68,280000.0
2020-04,EAST,3 ROOM,92.61,13,277000.0
2020-05,EAST,3 ROOM,96.5,13,302000.0
2020-06,EAST,3 ROOM,95.73,113,295000.0
2020-07,EAST,3 ROOM,96.17,115,290000.0
2020-08,EAST,3 ROOM,95.41,89,285000.0
2020-09,EAST,3 ROOM,98.06,101,305000.0
2020-10,EAST,3 ROOM,99.98,93,315000.0
2020-11,EAST,3 ROOM,102.13,89,320000.0
2020-12,EAST,3 ROOM,101.35,80,305000.0
2021-01,EAST,3 ROOM,103.79,88,322500.0
2021-02,EAST,3 ROOM,105.9,78,331500.0
2021-03,EAST,3 ROOM,106.14,85,325000.0
2021-04,EAST,3 ROOM,106.21,77,331000.0
2021-05,EAST,3 ROOM,107.03,70,329500.0
2021-06,EAST,3 ROOM,108.88,64,334000.0
2021-07,EAST,3 ROOM,109.62,81,338888.0
2021-08,EAST,3 ROOM,110.73,91,336000.0
2021-09,EAST,3 ROOM,111.59,96,350000.0
2021-10,EAST,3 ROOM,112.2,94,353000.0
2021-11,EAST,3 ROOM,114.12,87,360000.0
2021-12,EAST,3 ROOM,115.37,91,350000.0
2022-01,EAST,3 ROOM,116.89,94,360000.0
2022-02,EAST,3 ROOM,116.08,67,358000.0
2022-03,EAST,3 ROOM,117.15,88,350000.0
2022-04,EAST,3 ROOM,119.17,88,375000.0
2022-05,EAST,3 ROOM,120.7,74,373000.0
2022-06,EAST,3 ROOM,120.65,64,370000.0
2022-07,EAST,3 ROOM,122.09,79,380000.0
2022-08,EAST,3 ROOM,122.22,73,365000.0
2022-09,EAST,3 ROOM,125.14,93,385000.0
2022-10,EAST,3 ROOM,123.91,68,381250.0
2022-11,EAST,3 ROOM,126.79,86,396500.0
2022-12,EAST,3 ROOM,126.56,84,382500.0
2023-01,EAST,3 ROOM,127.29,113,392000.0
2023-02,EAST,3 ROOM,127.83,77,388000.0
2023-03,EAST,3 ROOM,128.51,103,385000.0
2023-04,EAST,3 ROOM,128.04,77,388000.0
2023-05,EAST,3 ROOM,129.76,82,380000.0
2023-06,EAST,3 ROOM,131.57,62,396500.0
2023-07,EAST,3 ROOM,130.41,67,395000.0
2023-08,EAST,3 ROOM,130.67,95,395000.0
2023-09,EAST,3 ROOM,132.47,75,409999.0
2023-10,EAST,3 ROOM,131.57,74,407500.0
2023-11,EAST,3 ROOM,132.55,84,411500.0
2023-12,EAST,3 ROOM,132.58,71,405000.0
2024-01,EAST,3 ROOM,134.19,89,405000.0
2024-02,EAST,3 ROOM,136.1,74,409500.0
2024-03,EAST,3 ROOM,136.25,73,420000.0
2024-04,EAST,3 ROOM,135.74,85,420000.0
2024-05,EAST,3 ROOM,137.65,112,429000.0
2024-06,EAST,3 ROOM,139.77,88,425000.0
2024-07,EAST,3 ROOM,140.8,107,425000.0
2024-08,EAST,3 ROOM,141.61,91,420000.0
2024-09,EAST,3 ROOM,147.82,71,440000.0
2024-10,EAST,3 ROOM,145.39,71,450000.0
2024-11,EAST,3 ROOM,145.65,41,455000.0
2024-12,EAST,3 ROOM,146.79,73,450000.0
2025-01,EAST,3 ROOM,150.01,70,450000.0
2025-02,EAST,3 ROOM,151.35,65,460000.0
2025-03,EAST,3 ROOM,150.11,69,450000.0
2025-04,EAST,3 ROOM,151.61,78,475000.0
2025-05,EAST,3 ROOM,150.85,86,469000.0
2025-06,EAST,3 ROOM,151.95,92,462500.0
2025-07,EAST,3 ROOM,151.7,86,458000.0
2025-08,EAST,3 ROOM,152.58,88,460944.0
2025-09,EAST,3 ROOM,152.54,63,460000.0
2025-10,EAST,3 ROOM,153.16,42,450000.0
2025-11,EAST,3 ROOM,153.84,56,457500.0
2025-12,EAST,3 ROOM,154.28,78,460000.0
2026-01,EAST,3 ROOM,152.31,82,460000.0
2026-02,EAST,3 ROOM,152.09,60,440000.0
2026-03,EAST,3 ROOM,152.86,69,472000.0
2026-04,EAST,3 ROOM,151.26,79,455000.0
2026-05,EAST,3 ROOM,148.94,67,450000.0
2026-06,EAST,3 ROOM,150.33,82,456500.0
2026-07,EAST,3 ROOM,150.17,90,448000.0
2026-08,EAST,3 ROOM,149.62,108,457500.0
2026-09,EAST,3 ROOM,148.52,75,435000.0
2017-01,EAST,4 ROOM,100.0,76,412000.0
2017-02,EAST,4 ROOM,102.5,53,420000.0
2017-03,EAST,4 ROOM,101.76,107,415000.0
2017-04,EAST,4 ROOM,100.73,116,410000.0
2017-05,EAST,4 ROOM,103.3,112,428444.0
2017-06,EAST,4 ROOM,102.27,98,418000.0
2017-07,EAST,4 ROOM,102.13,100,420000.0
2017-08,EAST,4 ROOM,103.14,106,425000.0
2017-09,EAST,4 ROOM,103.04,95,425000.0
2017-10,EAST,4 ROOM,101.73,96,424000.0
2017-11,EAST,4 ROOM,104.12,101,430000.0
2017-12,EAST,4 ROOM,101.8,81,420000.0
2018-01,EAST,4 ROOM,103.08,55,430000.0
2018-02,EAST,4 ROOM,101.52,57,412000.0
2018-03,EAST,4 ROOM,103.02,83,420000.0
2018-04,EAST,4 ROOM,102.3,93,415000.0
2018-05,EAST,4 ROOM,102.79,84,423500.0
2018-06,EAST,4 ROOM,103.12,95,420000.0
2018-07,EAST,4 ROOM,103.1,129,420000.0
2018-08,EAST,4 ROOM,100.98,98,415000.0
2018-09,EAST,4 ROOM,100.68,100,415000.0
2018-10,EAST,4 ROOM,103.08,98,416500.0
2018-11,EAST,4 ROOM,101.46,95,410000.0
2018-12,EAST,4 ROOM,101.73,78,420000.0
2019-01,EAST,4 ROOM,101.26,74,405000.0
2019-02,EAST,4 ROOM,101.49,64,416500.0
2019-03,EAST,4 ROOM,101.02,78,410000.0
2019-04,EAST,4 ROOM,101.15,106,410000.0
2019-05,EAST,4 ROOM,100.24,98,410000.0
2019-06,EAST,4 ROOM,101.25,109,418000.0
2019-07,EAST,4 ROOM,100.98,125,420000.0
2019-08,EAST,4 ROOM,99.97,86,419000.0
2019-09,EAST,4 ROOM,101.49,106,415000.0
2019-10,EAST,4 ROOM,101.41,118,420000.0
2019-11,EAST,4 ROOM,100.83,120,425000.0
2019-12,EAST,4 ROOM,101.33,97,425000.0
2020-01,EAST,4 ROOM,100.14,114,420000.0
2020-02,EAST,4 ROOM,100.35,123,410000.0
2020-03,EAST,4 ROOM,101.0,111,425000.0
2020-04,EAST,4 ROOM,101.94,27,420000.0
2020-05,EAST,4 ROOM,99.0,29,420000.0
2020-06,EAST,4 ROOM,100.59,153,415000.0
2020-07,EAST,4 ROOM,100.94,152,418000.0
2020-08,EAST,4 ROOM,102.67,162,429000.0
2020-09,EAST,4 ROOM,101.5,177,415000.0
2020-10,EAST,4 ROOM,103.9,171,440000.0
2020-11,EAST,4 ROOM,103.59,154,430000.0
2020-12,EAST,4 ROOM,105.1,159,433000.0
2021-01,EAST,4 ROOM,105.41,164,435000.0
2021-02,EAST,4 ROOM,106.44,120,442944.0
2021-03,EAST,4 ROOM,107.35,169,458000.0
2021-04,EAST,4 ROOM,108.96,164,465000.0
2021-05,EAST,4 ROOM,108.93,120,457000.0
2021-06,EAST,4 ROOM,110.0,131,459000.0
2021-07,EAST,4 ROOM,111.5,158,465000.0
2021-08,EAST,4 ROOM,112.57,172,475000.0
2021-09,EAST,4 ROOM,113.42,168,480000.0
2021-10,EAST,4 ROOM,114.52,149,480000.0
2021-11,EAST,4 ROOM,116.38,167,480000.0
2021-12,EAST,4 ROOM,116.25,148,481000.0
2022-01,EAST,4 ROOM,117.78,144,495000.0
2022-02,EAST,4 ROOM,118.02,114,475000.0
2022-03,EAST,4 ROOM,117.88,110,480000.0
2022-04,EAST,4 ROOM,120.91,130,500000.0
2022-05,EAST,4 ROOM,121.65,114,500000.0
2022-06,EAST,4 ROOM,122.3,106,505000.0
2022-07,EAST,4 ROOM,123.45,122,514000.0
2022-08,EAST,4 ROOM,124.93,115,520000.0
2022-09,EAST,4 ROOM,126.18,120,526500.0
2022-10,EAST,4 ROOM,127.77,109,520000.0
2022-11,EAST,4 ROOM,127.05,112,526944.0
2022-12,EAST,4 ROOM,128.96,133,525000.0
2023-01,EAST,4 ROOM,129.23,139,530000.0
2023-02,EAST,4 ROOM,130.69,96,539000.0
2023-03,EAST,4 ROOM,131.19,138,550000.0
2023-04,EAST,4 ROOM,130.39,118,557500.0
2023-05,EAST,4 ROOM,132.22,126,550000.0
2023-06,EAST,4 ROOM,134.01,102,539500.0
2023-07,EAST,4 ROOM,132.86,112,557000.0
2023-08,EAST,4 ROOM,134.19,120,543500.0
2023-09,EAST,4 ROOM,135.57,105,580000.0
2023-10,EAST,4 ROOM,133.34,112,560000.0
2023-11,EAST,4 ROOM,136.3,122,560444.0
2023-12,EAST,4 ROOM,138.4,104,565500.0
2024-01,EAST,4 ROOM,139.09,159,585000.0
2024-02,EAST,4 ROOM,140.17,124,582500.0
2024-03,EAST,4 ROOM,140.06,117,575000.0
2024-04,EAST,4 ROOM,140.49,137,590000.0
2024-05,EAST,4 ROOM,141.27,165,598888.0
2024-06,EAST,4 ROOM,143.08,108,605000.0
2024-07,EAST,4 ROOM,145.1,163,605011.0
2024-08,EAST,4 ROOM,145.41,143,600000.0
2024-09,EAST,4 ROOM,147.91,113,628000.0
2024-10,EAST,4 ROOM,147.35,128,614000.0
2024-11,EAST,4 ROOM,149.19,88,630000.0
2024-12,EAST,4 ROOM,149.16,153,643000.0
2025-01,EAST,4 ROOM,149.16,146,645000.0
2025-02,EAST,4 ROOM,150.78,128,652500.0
2025-03,EAST,4 ROOM,152.62,122,667500.0
2025-04,EAST,4 ROOM,151.1,134,645000.0
2025-05,EAST,4 ROOM,154.18,138,665833.0
2025-06,EAST,4 ROOM,154.96,159,660000.0
2025-07,EAST,4 ROOM,153.41,146,639000.0
2025-08,EAST,4 ROOM,152.99,136,640000.0
2025-09,EAST,4 ROOM,154.34,142,650000.0
2025-10,EAST,4 ROOM,152.94,97,650000.0
2025-11,EAST,4 ROOM,154.89,91,655000.0
2025-12,EAST,4 ROOM,154.01,148,640000.0
2026-01,EAST,4 ROOM,153.13,162,647000.0
2026-02,EAST,4 ROOM,153.46,108,650000.0
2026-03,EAST,4 ROOM,153.26,130,654500.0
2026-04,EAST,4 ROOM,152.14,132,650000.0
2026-05,EAST,4 ROOM,152.61,147,665000.0
2026-06,EAST,4 ROOM,153.63,139,630000.0
2026-07,EAST,4 ROOM,153.96,201,653000.0
2026-08,EAST,4 ROOM,154.25,204,660000.0
2026-09,EAST,4 ROOM,152.95,165,640000.0
2017-01,EAST,5 ROOM,100.0,42,525500.0
2017-02,EAST,5 ROOM,98.99,54,500000.0
2017-03,EAST,5 ROOM,100.68,77,500000.0
2017-04,EAST,5 ROOM,100.53,70,520000.0
2017-05,EAST,5 ROOM,102.76,71,535000.0
2017-06,EAST,5 ROOM,100.27,53,520000.0
2017-07,EAST,5 ROOM,102.07,51,520000.0
2017-08,EAST,5 ROOM,101.76,76,536500.0
2017-09,EAST,5 ROOM,98.76,60,505000.0
2017-10,EAST,5 ROOM,100.42,61,510000.0
2017-11,EAST,5 ROOM,102.68,94,526000.0
2017-12,EAST,5 ROOM,103.01,71,530000.0
2018-01,EAST,5 ROOM,102.53,33,520000.0
2018-02,EAST,5 ROOM,105.93,41,540000.0
2018-03,EAST,5 ROOM,102.12,70,519000.0
2018-04,EAST,5 ROOM,101.74,63,530000.0
2018-05,EAST,5 ROOM,106.21,90,545000.0
2018-06,EAST,5 ROOM,103.12,80,520000.0
2018-07,EAST,5 ROOM,103.23,94,529000.0
2018-08,EAST,5 ROOM,102.33,80,526500.0
2018-09,EAST,5 ROOM,100.22,69,510000.0
2018-10,EAST,5 ROOM,102.76,69,518000.0
2018-11,EAST,5 ROOM,104.81,67,530000.0
2018-12,EAST,5 ROOM,103.97,50,535000.0
2019-01,EAST,5 ROOM,101.7,44,509400.0
2019-02,EAST,5 ROOM,105.16,45,520000.0
2019-03,EAST,5 ROOM,101.74,55,515000.0
2019-04,EAST,5 ROOM,102.91,79,520000.0
2019-05,EAST,5 ROOM,103.37,66,521000.0
2019-06,EAST,5 ROOM,104.12,63,529000.0
2019-07,EAST,5 ROOM,103.52,84,520000.0
2019-08,EAST,5 ROOM,101.85,55,500000.0
2019-09,EAST,5 ROOM,101.7,50,505000.0
2019-10,EAST,5 ROOM,102.41,77,515000.0
2019-11,EAST,5 ROOM,102.33,84,525000.0
2019-12,EAST,5 ROOM,103.87,66,532750.0
2020-01,EAST,5 ROOM,103.27,79,515000.0
2020-02,EAST,5 ROOM,104.78,68,533500.0
2020-03,EAST,5 ROOM,103.01,69,532000.0
2020-04,EAST,5 ROOM,108.97,11,560000.0
2020-05,EAST,5 ROOM,102.38,12,505000.0
2020-06,EAST,5 ROOM,103.82,89,515000.0
2020-07,EAST,5 ROOM,102.17,99,515000.0
2020-08,EAST,5 ROOM,103.64,93,520000.0
2020-09,EAST,5 ROOM,104.8,106,525000.0
2020-10,EAST,5 ROOM,105.94,94,530000.0
2020-11,EAST,5 ROOM,106.24,81,531000.0
2020-12,EAST,5 ROOM,107.23,118,542250.0
2021-01,EAST,5 ROOM,108.13,116,535000.0
2021-02,EAST,5 ROOM,110.4,90,559000.0
2021-03,EAST,5 ROOM,110.34,98,562250.0
2021-04,EAST,5 ROOM,110.7,98,580000.0
2021-05,EAST,5 ROOM,113.54,87,578000.0
2021-06,EAST,5 ROOM,112.87,109,570000.0
2021-07,EAST,5 ROOM,113.66,123,565000.0
2021-08,EAST,5 ROOM,115.24,114,570000.0
2021-09,EAST,5 ROOM,116.61,115,575000.0
2021-10,EAST,5 ROOM,120.41,99,600000.0
2021-11,EAST,5 ROOM,117.54,116,585000.0
2021-12,EAST,5 ROOM,120.11,95,592000.0
2022-01,EAST,5 ROOM,120.48,82,603500.0
2022-02,EAST,5 ROOM,123.25,74,610000.0
2022-03,EAST,5 ROOM,122.42,75,610000.0
2022-04,EAST,5 ROOM,124.57,81,622888.0
2022-05,EAST,5 ROOM,124.2,73,618888.0
2022-06,EAST,5 ROOM,126.56,83,625000.0
2022-07,EAST,5 ROOM,127.04,83,632000.0
2022-08,EAST,5 ROOM,128.01,109,648000.0
2022-09,EAST,5 ROOM,128.96,88,636000.0
2022-10,EAST,5 ROOM,129.34,75,640000.0
2022-11,EAST,5 ROOM,132.23,70,649444.0
2022-12,EAST,5 ROOM,133.81,66,660000.0
2023-01,EAST,5 ROOM,133.33,90,650000.0
2023-02,EAST,5 ROOM,130.59,68,644000.0
2023-03,EAST,5 ROOM,132.31,79,670000.0
2023-04,EAST,5 ROOM,135.22,63,683000.0
2023-05,EAST,5 ROOM,135.39,68,685000.0
2023-06,EAST,5 ROOM,133.2,70,652500.0
2023-07,EAST,5 ROOM,136.72,86,670000.0
2023-08,EAST,5 ROOM,135.54,67,670000.0
2023-09,EAST,5 ROOM,135.82,55,680000.0
2023-10,EAST,5 ROOM,137.64,63,663000.0
2023-11,EAST,5 ROOM,138.16,66,685000.0
2023-12,EAST,5 ROOM,138.8,65,680000.0
2024-01,EAST,5 ROOM,140.92,90,706500.0
2024-02,EAST,5 ROOM,140.83,54,692500.0
2024-03,EAST,5 ROOM,141.78,74,700400.0
2024-04,EAST,5 ROOM,142.57,91,715000.0
2024-05,EAST,5 ROOM,145.58,86,726500.0
2024-06,EAST,5 ROOM,146.13,79,720000.0
2024-07,EAST,5 ROOM,147.14,98,720000.0
2024-08,EAST,5 ROOM,147.42,91,725000.0
2024-09,EAST,5 ROOM,148.06,62,734444.0
2024-10,EAST,5 ROOM,149.21,75,750000.0
2024-11,EAST,5 ROOM,151.01,80,755000.0
2024-12,EAST,5 ROOM,150.57,73,785000.0
2025-01,EAST,5 ROOM,152.2,86,780000.0
2025-02,EAST,5 ROOM,152.03,80,769094.0
2025-03,EAST,5 ROOM,152.38,74,748944.0
2025-04,EAST,5 ROOM,151.47,79,768000.0
2025-05,EAST,5 ROOM,154.37,91,778000.0
2025-06,EAST,5 ROOM,151.95,71,765000.0
2025-07,EAST,5 ROOM,154.89,88,772500.0
2025-08,EAST,5 ROOM,155.55,64,786500.0
2025-09,EAST,5 ROOM,155.48,64,781827.0
2025-10,EAST,5 ROOM,156.74,44,750000.0
2025-11,EAST,5 ROOM,155.53,63,788000.0
2025-12,EAST,5 ROOM,155.51,87,760000.0
2026-01,EAST,5 ROOM,156.65,87,780000.0
2026-02,EAST,5 ROOM,154.47,71,800000.0
2026-03,EAST,5 ROOM,155.17,78,786500.0
2026-04,EAST,5 ROOM,155.4,82,779000.0
2026-05,EAST,5 ROOM,157.64,86,780000.0
2026-06,EAST,5 ROOM,157.32,75,780000.0
2026-07,EAST,5 ROOM,154.45,126,760000.0
2026-08,EAST,5 ROOM,154.0,102,785000.0
2026-09,EAST,5 ROOM,159.81,95,780000.0
2017-01,EAST,EXECUTIVE,100.0,17,638000.0
2017-02,EAST,EXECUTIVE,96.72,23,638000.0
2017-03,EAST,EXECUTIVE,99.42,37,645000.0
2017-04,EAST,EXECUTIVE,99.7,32,645000.0
2017-05,EAST,EXECUTIVE,97.46,35,639999.0
2017-06,EAST,EXECUTIVE,101.18,25,645000.0
2017-07,EAST,EXECUTIVE,99.22,35,640000.0
2017-08,EAST,EXECUTIVE,99.78,30,644000.0
2017-09,EAST,EXECUTIVE,100.18,25,645000.0
2017-10,EAST,EXECUTIVE,100.03,45,660000.0
2017-11,EAST,EXECUTIVE,97.45,43,623000.0
2017-12,EAST,EXECUTIVE,100.25,28,650000.0
2018-01,EAST,EXECUTIVE,100.74,26,646500.0
2018-02,EAST,EXECUTIVE,101.61,24,647500.0
2018-03,EAST,EXECUTIVE,99.68,40,620000.0
2018-04,EAST,EXECUTIVE,100.09,55,640000.0
2018-05,EAST,EXECUTIVE,102.0,60,666500.0
2018-06,EAST,EXECUTIVE,101.19,35,640000.0
2018-07,EAST,EXECUTIVE,101.99,58,655000.0
2018-08,EAST,EXECUTIVE,102.08,40,665000.0
2018-09,EAST,EXECUTIVE,104.85,35,645000.0
2018-10,EAST,EXECUTIVE,102.61,27,665000.0
2018-11,EAST,EXECUTIVE,103.13,33,685000.0
2018-12,EAST,EXECUTIVE,100.31,25,678000.0
2019-01,EAST,EXECUTIVE,100.23,20,692500.0
2019-02,EAST,EXECUTIVE,99.82,22,625000.0
2019-03,EAST,EXECUTIVE,100.05,25,645000.0
2019-04,EAST,EXECUTIVE,100.34,31,650000.0
2019-05,EAST,EXECUTIVE,97.87,28,645000.0
2019-06,EAST,EXECUTIVE,100.96,26,662500.0
2019-07,EAST,EXECUTIVE,100.53,21,642000.0
2019-08,EAST,EXECUTIVE,100.66,33,650000.0
2019-09,EAST,EXECUTIVE,100.91,26,650000.0
2019-10,EAST,EXECUTIVE,103.09,36,677499.5
2019-11,EAST,EXECUTIVE,102.06,24,657500.0
2019-12,EAST,EXECUTIVE,101.87,22,660000.0
2020-01,EAST,EXECUTIVE,100.81,28,630000.0
2020-02,EAST,EXECUTIVE,103.25,25,668000.0
2020-03,EAST,EXECUTIVE,101.34,25,675000.0
2020-04,EAST,EXECUTIVE,95.8,8,614000.0
2020-05,EAST,EXECUTIVE,92.12,7,620000.0
2020-06,EAST,EXECUTIVE,100.41,38,647500.0
2020-07,EAST,EXECUTIVE,101.73,42,669000.0
2020-08,EAST,EXECUTIVE,100.53,59,640000.0
2020-09,EAST,EXECUTIVE,102.89,60,665000.0
2020-10,EAST,EXECUTIVE,101.38,56,657500.0
2020-11,EAST,EXECUTIVE,103.77,41,640000.0
2020-12,EAST,EXECUTIVE,105.36,57,690000.0
2021-01,EAST,EXECUTIVE,107.15,62,685000.0
2021-02,EAST,EXECUTIVE,104.89,47,670000.0
2021-03,EAST,EXECUTIVE,108.6,34,710000.0
2021-04,EAST,EXECUTIVE,110.65,46,718500.0
2021-05,EAST,EXECUTIVE,108.84,33,700000.0
2021-06,EAST,EXECUTIVE,111.09,42,713000.0
2021-07,EAST,EXECUTIVE,112.0,60,718444.0
2021-08,EAST,EXECUTIVE,112.02,53,715000.0
2021-09,EAST,EXECUTIVE,112.93,55,738000.0
2021-10,EAST,EXECUTIVE,114.79,56,727500.0
2021-11,EAST,EXECUTIVE,115.2,52,736500.0
2021-12,EAST,EXECUTIVE,115.87,42,735000.0
2022-01,EAST,EXECUTIVE,120.43,38,780000.0
2022-02,EAST,EXECUTIVE,119.93,37,780000.0
2022-03,EAST,EXECUTIVE,121.27,42,795000.0
2022-04,EAST,EXECUTIVE,121.74,44,772500.0
2022-05,EAST,EXECUTIVE,124.67,31,808000.0
2022-06,EAST,EXECUTIVE,122.57,54,789000.0
2022-07,EAST,EXECUTIVE,124.7,53,800000.0
2022-08,EAST,EXECUTIVE,124.92,47,833888.0
2022-09,EAST,EXECUTIVE,128.28,44,830000.0
2022-10,EAST,EXECUTIVE,129.37,36,814000.0
2022-11,EAST,EXECUTIVE,130.89,37,855000.0
2022-12,EAST,EXECUTIVE,127.59,34,810000.0
2023-01,EAST,EXECUTIVE,128.35,32,826500.0
2023-02,EAST,EXECUTIVE,130.85,23,840000.0
2023-03,EAST,EXECUTIVE,128.93,31,843888.0
2023-04,EAST,EXECUTIVE,133.2,28,847500.0
2023-05,EAST,EXECUTIVE,135.42,22,848000.0
2023-06,EAST,EXECUTIVE,134.59,25,865000.0
2023-07,EAST,EXECUTIVE,132.17,28,841500.0
2023-08,EAST,EXECUTIVE,133.16,28,858444.0
2023-09,EAST,EXECUTIVE,132.33,20,863000.0
2023-10,EAST,EXECUTIVE,135.35,31,880000.0
2023-11,EAST,EXECUTIVE,132.3,33,850000.0
2023-12,EAST,EXECUTIVE,134.28,18,855444.0
2024-01,EAST,EXECUTIVE,133.79,43,850000.0
2024-02,EAST,EXECUTIVE,137.92,25,880000.0
2024-03,EAST,EXECUTIVE,138.42,34,874000.0
2024-04,EAST,EXECUTIVE,140.9,27,880000.0
2024-05,EAST,EXECUTIVE,140.77,42,893000.0
2024-06,EAST,EXECUTIVE,139.4,30,870000.0
2024-07,EAST,EXECUTIVE,140.65,35,896888.0
2024-08,EAST,EXECUTIVE,141.03,40,904444.0
2024-09,EAST,EXECUTIVE,142.34,26,905000.0
2024-10,EAST,EXECUTIVE,141.87,31,920000.0
2024-11,EAST,EXECUTIVE,145.17,30,924000.0
2024-12,EAST,EXECUTIVE,146.11,34,911000.0
2025-01,EAST,EXECUTIVE,150.76,29,985000.0
2025-02,EAST,EXECUTIVE,147.46,28,948500.0
2025-03,EAST,EXECUTIVE,145.3,31,920888.0
2025-04,EAST,EXECUTIVE,148.44,36,932500.0
2025-05,EAST,EXECUTIVE,150.85,29,973888.0
2025-06,EAST,EXECUTIVE,148.51,36,943388.0
2025-07,EAST,EXECUTIVE,149.01,38,972500.0
2025-08,EAST,EXECUTIVE,150.49,23,943000.0
2025-09,EAST,EXECUTIVE,150.15,36,949000.0
2025-10,EAST,EXECUTIVE,145.6,11,920000.0
2025-11,EAST,EXECUTIVE,152.11,24,964500.0
2025-12,EAST,EXECUTIVE,152.55,36,970000.0
2026-01,EAST,EXECUTIVE,152.44,35,968000.0
2026-02,EAST,EXECUTIVE,149.88,27,958000.0
2026-03,EAST,EXECUTIVE,151.84,26,930000.0
2026-04,EAST,EXECUTIVE,151.29,34,977500.0
2026-05,EAST,EXECUTIVE,149.05,34,940000.0
2026-06,EAST,EXECUTIVE,152.04,42,932500.0
2026-07,EAST,EXECUTIVE,149.0,49,934000.0
2026-08,EAST,EXECUTIVE,154.28,45,990000.0
2026-09,EAST,EXECUTIVE,150.29,57,958000.0
2017-01,WEST,2 ROOM,100.0,2,249000.0
2017-02,WEST,2 ROOM,91.98,2,220000.0
2017-04,WEST,2 ROOM,94.99,1,200000.0
2017-07,WEST,2 ROOM,103.02,2,250000.0
2017-08,WEST,2 ROOM,101.17,3,240000.0
2017-09,WEST,2 ROOM,89.19,1,220000.0
2017-11,WEST,2 ROOM,94.42,4,220000.0
2017-12,WEST,2 ROOM,103.06,2,300000.0
2018-01,WEST,2 ROOM,85.67,1,225000.0
2018-02,WEST,2 ROOM,90.67,3,208000.0
2018-03,WEST,2 ROOM,92.42,3,228000.0
2018-04,WEST,2 ROOM,84.89,1,206800.0
2018-05,WEST,2 ROOM,90.1,3,230000.0
2018-06,WEST,2 ROOM,91.5,8,230500.0
2018-07,WEST,2 ROOM,98.57,4,247500.0
2018-08,WEST,2 ROOM,97.58,6,240000.0
2018-09,WEST,2 ROOM,93.28,3,230000.0
2018-10,WEST,2 ROOM,92.49,3,223000.0
2018-11,WEST,2 ROOM,91.04,6,224000.0
2018-12,WEST,2 ROOM,88.08,6,221000.0
2019-01,WEST,2 ROOM,93.59,4,238500.0
2019-02,WEST,2 ROOM,92.17,6,233500.0
2019-03,WEST,2 ROOM,93.81,4,233500.0
2019-04,WEST,2 ROOM,93.65,5,240000.0
2019-05,WEST,2 ROOM,95.57,3,240000.0
2019-06,WEST,2 ROOM,91.09,4,226500.0
2019-07,WEST,2 ROOM,89.54,8,230000.0
2019-08,WEST,2 ROOM,90.32,6,237500.0
2019-09,WEST,2 ROOM,88.9,9,225000.0
2019-10,WEST,2 ROOM,90.01,8,225500.0
2019-11,WEST,2 ROOM,91.7,10,221500.0
2019-12,WEST,2 ROOM,90.46,6,227044.0
2020-01,WEST,2 ROOM,90.9,8,225000.0
2020-02,WEST,2 ROOM,89.12,7,220000.0
2020-03,WEST,2 ROOM,91.15,12,238400.0
2020-06,WEST,2 ROOM,92.47,5,227500.0
2020-07,WEST,2 ROOM,89.31,8,227500.0
2020-08,WEST,2 ROOM,93.49,7,230000.0
2020-09,WEST,2 ROOM,94.75,7,255000.0
2020-10,WEST,2 ROOM,96.98,5,235000.0
2020-11,WEST,2 ROOM,99.3,6,255500.0
2020-12,WEST,2 ROOM,102.99,4,257500.0
2021-01,WEST,2 ROOM,102.22,5,240000.0
2021-02,WEST,2 ROOM,102.23,8,259000.0
2021-03,WEST,2 ROOM,102.13,5,256000.0
2021-04,WEST,2 ROOM,103.09,3,250000.0
2021-05,WEST,2 ROOM,104.28,7,260000.0
2021-06,WEST,2 ROOM,103.56,7,270000.0
2021-07,WEST,2 ROOM,106.38,8,266500.0
2021-08,WEST,2 ROOM,110.03,9,279000.0
2021-09,WEST,2 ROOM,107.46,7,276000.0
2021-10,WEST,2 ROOM,112.31,5,280000.0
2021-11,WEST,2 ROOM,112.26,9,287000.0
2021-12,WEST,2 ROOM,111.22,9,288000.0
2022-01,WEST,2 ROOM,115.62,6,285000.0
2022-02,WEST,2 ROOM,105.9,4,281500.0
2022-03,WEST,2 ROOM,95.17,2,237500.0
2022-04,WEST,2 ROOM,117.98,5,298000.0
2022-05,WEST,2 ROOM,119.64,4,316000.0
2022-06,WEST,2 ROOM,118.07,9,290000.0
2022-07,WEST,2 ROOM,117.73,4,290000.0
2022-08,WEST,2 ROOM,117.79,5,293000.0
2022-09,WEST,2 ROOM,121.8,9,307000.0
2022-10,WEST,2 ROOM,121.98,3,310000.0
2022-11,WEST,2 ROOM,123.05,10,316000.0
2022-12,WEST,2 ROOM,122.23,7,296000.0
2023-01,WEST,2 ROOM,125.06,8,314000.0
2023-02,WEST,2 ROOM,122.97,8,301500.0
2023-03,WEST,2 ROOM,125.43,5,333000.0
2023-04,WEST,2 ROOM,125.71,8,329000.0
2023-05,WEST,2 ROOM,128.63,11,320000.0
2023-06,WEST,2 ROOM,127.17,11,318000.0
2023-07,WEST,2 ROOM,124.9,14,314000.0
2023-08,WEST,2 ROOM,124.9,15,320000.0
2023-09,WEST,2 ROOM,118.48,7,298000.0
2023-10,WEST,2 ROOM,123.99,13,315000.0
2023-11,WEST,2 ROOM,123.67,13,315000.0
2023-12,WEST,2 ROOM,128.03,16,329000.0
2024-01,WEST,2 ROOM,125.6,18,315000.0
2024-02,WEST,2 ROOM,130.32,17,325000.0
2024-03,WEST,2 ROOM,129.73,19,330000.0
2024-04,WEST,2 ROOM,129.22,19,326000.0
2024-05,WEST,2 ROOM,130.92,21,333000.0
2024-06,WEST,2 ROOM,135.47,15,355000.0
2024-07,WEST,2 ROOM,132.65,36,338750.0
2024-08,WEST,2 ROOM,136.78,18,354000.0
2024-09,WEST,2 ROOM,135.73,13,363000.0
2024-10,WEST,2 ROOM,137.63,15,350000.0
2024-11,WEST,2 ROOM,137.7,12,340000.0
2024-12,WEST,2 ROOM,141.31,16,352000.0
2025-01,WEST,2 ROOM,140.11,16,355000.0
2025-02,WEST,2 ROOM,142.2,11,380000.0
2025-03,WEST,2 ROOM,143.28,15,368000.0
2025-04,WEST,2 ROOM,142.61,13,365000.0
2025-05,WEST,2 ROOM,140.95,21,365000.0
2025-06,WEST,2 ROOM,144.86,18,370000.0
2025-07,WEST,2 ROOM,144.26,14,373500.0
2025-08,WEST,2 ROOM,146.22,11,375000.0
2025-09,WEST,2 ROOM,144.46,16,370000.0
2025-10,WEST,2 ROOM,149.79,6,362944.0
2025-11,WEST,2 ROOM,146.88,10,367500.0
2025-12,WEST,2 ROOM,145.41,12,372500.0
2026-01,WEST,2 ROOM,147.62,15,380000.0
2026-02,WEST,2 ROOM,144.98,14,374000.0
2026-03,WEST,2 ROOM,146.08,16,359444.0
2026-04,WEST,2 ROOM,143.07,13,378000.0
2026-05,WEST,2 ROOM,144.29,10,396500.0
2026-06,WEST,2 ROOM,145.79,16,371500.0
2026-07,WEST,2 ROOM,145.47,20,370000.0
2026-08,WEST,2 ROOM,146.47,13,375000.0
2026-09,WEST,2 ROOM,146.35,11,363000.0
2017-01,WEST,3 ROOM,100.0,82,287500.0
2017-02,WEST,3 ROOM,96.87,57,278000.0
2017-03,WEST,3 ROOM,97.1,109,280000.0
2017-04,WEST,3 ROOM,98.28,117,285000.0
2017-05,WEST,3 ROOM,99.03,117,288000.0
2017-06,WEST,3 ROOM,99.23,92,281000.0
2017-07,WEST,3 ROOM,97.41,97,280000.0
2017-08,WEST,3 ROOM,96.63,99,278000.0
2017-09,WEST,3 ROOM,96.88,73,275000.0
2017-10,WEST,3 ROOM,96.56,107,280000.0
2017-11,WEST,3 ROOM,96.7,117,275000.0
2017-12,WEST,3 ROOM,97.15,84,272000.0
2018-01,WEST,3 ROOM,96.38,50,275400.0
2018-02,WEST,3 ROOM,95.64,72,280000.0
2018-03,WEST,3 ROOM,95.1,90,275000.0
2018-04,WEST,3 ROOM,96.11,121,278000.0
2018-05,WEST,3 ROOM,94.69,90,275000.0
2018-06,WEST,3 ROOM,95.39,105,275000.0
2018-07,WEST,3 ROOM,92.79,120,270000.0
2018-08,WEST,3 ROOM,91.58,103,262000.0
2018-09,WEST,3 ROOM,92.45,113,269000.0
2018-10,WEST,3 ROOM,92.38,112,265000.0
2018-11,WEST,3 ROOM,92.88,91,265000.0
2018-12,WEST,3 ROOM,92.15,79,270000.0
2019-01,WEST,3 ROOM,91.48,93,273000.0
2019-02,WEST,3 ROOM,90.27,69,260000.0
2019-03,WEST,3 ROOM,93.25,77,265000.0
2019-04,WEST,3 ROOM,91.1,97,268000.0
2019-05,WEST,3 ROOM,90.47,114,265900.0
2019-06,WEST,3 ROOM,90.78,102,260000.0
2019-07,WEST,3 ROOM,91.75,122,266500.0
2019-08,WEST,3 ROOM,91.07,94,258500.0
2019-09,WEST,3 ROOM,90.99,96,268000.0
2019-10,WEST,3 ROOM,91.76,123,264000.0
2019-11,WEST,3 ROOM,91.49,79,264000.0
2019-12,WEST,3 ROOM,92.27,106,265500.0
2020-01,WEST,3 ROOM,92.71,67,265000.0
2020-02,WEST,3 ROOM,93.67,82,269000.0
2020-03,WEST,3 ROOM,94.22,105,275000.0
2020-04,WEST,3 ROOM,95.26,15,290000.0
2020-05,WEST,3 ROOM,93.24,21,273000.0
2020-06,WEST,3 ROOM,92.65,146,271000.0
2020-07,WEST,3 ROOM,95.7,125,281500.0
2020-08,WEST,3 ROOM,96.16,109,275000.0
2020-09,WEST,3 ROOM,96.22,91,285000.0
2020-10,WEST,3 ROOM,99.13,82,293000.0
2020-11,WEST,3 ROOM,101.45,93,308000.0
2020-12,WEST,3 ROOM,102.99,104,310000.0
2021-01,WEST,3 ROOM,102.81,107,308000.0
2021-02,WEST,3 ROOM,104.24,91,320000.0
2021-03,WEST,3 ROOM,105.55,102,310000.0
2021-04,WEST,3 ROOM,106.04,79,320000.0
2021-05,WEST,3 ROOM,110.05,71,325000.0
2021-06,WEST,3 ROOM,110.09,83,315000.0
2021-07,WEST,3 ROOM,110.63,125,325000.0
2021-08,WEST,3 ROOM,114.05,96,329500.0
2021-09,WEST,3 ROOM,113.72,97,330000.0
2021-10,WEST,3 ROOM,114.9,113,345000.0
2021-11,WEST,3 ROOM,118.21,109,348000.0
2021-12,WEST,3 ROOM,119.6,102,345000.0
2022-01,WEST,3 ROOM,118.75,136,353000.0
2022-02,WEST,3 ROOM,117.86,75,338000.0
2022-03,WEST,3 ROOM,120.96,111,360000.0
2022-04,WEST,3 ROOM,122.88,110,351000.0
2022-05,WEST,3 ROOM,122.48,109,350000.0
2022-06,WEST,3 ROOM,123.29,114,360000.0
2022-07,WEST,3 ROOM,125.15,106,355000.0
2022-08,WEST,3 ROOM,124.88,111,360000.0
2022-09,WEST,3 ROOM,125.6,108,359500.0
2022-10,WEST,3 ROOM,127.12,91,370000.0
2022-11,WEST,3 ROOM,127.64,93,365000.0
2022-12,WEST,3 ROOM,128.94,102,365000.0
2023-01,WEST,3 ROOM,129.26,119,370000.0
2023-02,WEST,3 ROOM,129.52,104,375000.0
2023-03,WEST,3 ROOM,129.66,116,377500.0
2023-04,WEST,3 ROOM,129.53,102,373000.0
2023-05,WEST,3 ROOM,129.99,121,378888.0
2023-06,WEST,3 ROOM,131.42,70,374000.0
2023-07,WEST,3 ROOM,132.47,103,385000.0
2023-08,WEST,3 ROOM,131.8,111,375000.0
2023-09,WEST,3 ROOM,132.18,110,380000.0
2023-10,WEST,3 ROOM,131.92,114,374000.0
2023-11,WEST,3 ROOM,131.9,118,379000.0
2023-12,WEST,3 ROOM,132.14,112,375000.0
2024-01,WEST,3 ROOM,133.26,137,383000.0
2024-02,WEST,3 ROOM,134.32,134,379000.0
2024-03,WEST,3 ROOM,133.84,108,380000.0
2024-04,WEST,3 ROOM,135.87,135,385000.0
2024-05,WEST,3 ROOM,136.49,141,389000.0
2024-06,WEST,3 ROOM,138.29,108,395000.0
2024-07,WEST,3 ROOM,138.03,149,388888.0
2024-08,WEST,3 ROOM,140.64,142,395000.0
2024-09,WEST,3 ROOM,143.96,115,406888.0
2024-10,WEST,3 ROOM,144.98,142,410000.0
2024-11,WEST,3 ROOM,146.63,99,418000.0
2024-12,WEST,3 ROOM,146.86,119,410000.0
2025-01,WEST,3 ROOM,144.62,101,410000.0
2025-02,WEST,3 ROOM,147.19,123,400000.0
2025-03,WEST,3 ROOM,146.78,96,411500.0
2025-04,WEST,3 ROOM,148.67,114,422000.0
2025-05,WEST,3 ROOM,149.15,110,420000.0
2025-06,WEST,3 ROOM,148.9,117,420000.0
2025-07,WEST,3 ROOM,150.24,136,430000.0
2025-08,WEST,3 ROOM,151.07,117,427000.0
2025-09,WEST,3 ROOM,149.09,110,421000.0
2025-10,WEST,3 ROOM,150.54,76,434000.0
2025-11,WEST,3 ROOM,148.62,81,420000.0
2025-12,WEST,3 ROOM,150.87,96,417500.0
2026-01,WEST,3 ROOM,149.96,108,421500.0
2026-02,WEST,3 ROOM,148.48,98,413500.0
2026-03,WEST,3 ROOM,148.28,102,415000.0
2026-04,WEST,3 ROOM,149.39,100,425000.0
2026-05,WEST,3 ROOM,147.69,105,409000.0
2026-06,WEST,3 ROOM,147.7,96,427000.0
2026-07,WEST,3 ROOM,146.56,132,408000.0
2026-08,WEST,3 ROOM,146.58,114,414444.0
2026-09,WEST,3 ROOM,147.31,81,405000.0
2017-01,WEST,4 ROOM,100.0,144,381000.0
2017-02,WEST,4 ROOM,99.62,88,375000.0
2017-03,WEST,4 ROOM,100.51,163,384000.0
2017-04,WEST,4 ROOM,99.82,183,370000.0
2017-05,WEST,4 ROOM,100.15,187,380000.0
2017-06,WEST,4 ROOM,98.89,179,365000.0
2017-07,WEST,4 ROOM,98.6,160,368000.0
2017-08,WEST,4 ROOM,100.05,183,380000.0
2017-09,WEST,4 ROOM,98.76,164,380000.0
2017-10,WEST,4 ROOM,98.96,171,370000.0
2017-11,WEST,4 ROOM,99.14,189,370000.0
2017-12,WEST,4 ROOM,97.73,146,371000.0
2018-01,WEST,4 ROOM,98.04,93,360000.0
2018-02,WEST,4 ROOM,97.06,108,365000.0
2018-03,WEST,4 ROOM,97.56,179,370000.0
2018-04,WEST,4 ROOM,98.25,178,370000.0
2018-05,WEST,4 ROOM,97.7,163,370000.0
2018-06,WEST,4 ROOM,98.37,186,359000.0
2018-07,WEST,4 ROOM,96.46,220,361500.0
2018-08,WEST,4 ROOM,96.77,172,360000.0
2018-09,WEST,4 ROOM,97.1,203,365000.0
2018-10,WEST,4 ROOM,96.11,204,355000.0
2018-11,WEST,4 ROOM,96.27,171,355000.0
2018-12,WEST,4 ROOM,95.15,131,350000.0
2019-01,WEST,4 ROOM,97.75,154,369000.0
2019-02,WEST,4 ROOM,97.17,157,365000.0
2019-03,WEST,4 ROOM,95.32,173,358000.0
2019-04,WEST,4 ROOM,95.3,194,360000.0
2019-05,WEST,4 ROOM,96.1,191,360000.0
2019-06,WEST,4 ROOM,96.58,205,366000.0
2019-07,WEST,4 ROOM,96.84,199,366000.0
2019-08,WEST,4 ROOM,96.37,173,360000.0
2019-09,WEST,4 ROOM,96.59,149,355000.0
2019-10,WEST,4 ROOM,96.11,190,355000.0
2019-11,WEST,4 ROOM,98.56,172,370000.0
2019-12,WEST,4 ROOM,97.82,165,370000.0
2020-01,WEST,4 ROOM,97.53,215,360000.0
2020-02,WEST,4 ROOM,96.4,159,366000.0
2020-03,WEST,4 ROOM,98.15,179,370000.0
2020-04,WEST,4 ROOM,97.45,36,378500.0
2020-05,WEST,4 ROOM,96.8,19,360000.0
2020-06,WEST,4 ROOM,97.81,228,370000.0
2020-07,WEST,4 ROOM,99.27,240,385000.0
2020-08,WEST,4 ROOM,100.07,206,381444.0
2020-09,WEST,4 ROOM,102.51,220,400000.0
2020-10,WEST,4 ROOM,103.46,209,405000.0
2020-11,WEST,4 ROOM,104.84,206,410000.0
2020-12,WEST,4 ROOM,106.23,212,412500.0
2021-01,WEST,4 ROOM,107.55,224,420000.0
2021-02,WEST,4 ROOM,108.97,178,427000.0
2021-03,WEST,4 ROOM,109.56,216,430000.0
2021-04,WEST,4 ROOM,110.71,193,425000.0
2021-05,WEST,4 ROOM,113.31,164,444000.0
2021-06,WEST,4 ROOM,114.35,201,450000.0
2021-07,WEST,4 ROOM,114.94,236,450000.0
2021-08,WEST,4 ROOM,116.78,256,455000.0
2021-09,WEST,4 ROOM,117.63,217,455000.0
2021-10,WEST,4 ROOM,120.61,214,461000.0
2021-11,WEST,4 ROOM,122.4,214,469900.0
2021-12,WEST,4 ROOM,122.1,202,468000.0
2022-01,WEST,4 ROOM,122.38,225,465000.0
2022-02,WEST,4 ROOM,122.74,173,465000.0
2022-03,WEST,4 ROOM,124.07,208,465000.0
2022-04,WEST,4 ROOM,124.78,219,491000.0
2022-05,WEST,4 ROOM,127.79,192,492500.0
2022-06,WEST,4 ROOM,127.49,207,485000.0
2022-07,WEST,4 ROOM,127.53,182,485000.0
2022-08,WEST,4 ROOM,128.69,228,484000.0
2022-09,WEST,4 ROOM,129.07,221,488000.0
2022-10,WEST,4 ROOM,130.32,176,490500.0
2022-11,WEST,4 ROOM,131.6,198,500000.0
2022-12,WEST,4 ROOM,132.1,224,496505.5
2023-01,WEST,4 ROOM,133.08,254,505000.0
2023-02,WEST,4 ROOM,132.2,169,493000.0
2023-03,WEST,4 ROOM,133.28,222,500000.0
2023-04,WEST,4 ROOM,134.1,228,504000.0
2023-05,WEST,4 ROOM,136.48,214,518000.0
2023-06,WEST,4 ROOM,135.6,183,510000.0
2023-07,WEST,4 ROOM,136.21,213,516000.0
2023-08,WEST,4 ROOM,136.49,224,528000.0
2023-09,WEST,4 ROOM,137.2,207,520000.0
2023-10,WEST,4 ROOM,136.83,237,515000.0
2023-11,WEST,4 ROOM,136.64,222,519400.0
2023-12,WEST,4 ROOM,137.78,198,517000.0
2024-01,WEST,4 ROOM,138.52,283,513000.0
2024-02,WEST,4 ROOM,139.47,229,525000.0
2024-03,WEST,4 ROOM,139.7,209,530000.0
2024-04,WEST,4 ROOM,140.35,280,519500.0
2024-05,WEST,4 ROOM,141.31,268,521000.0
2024-06,WEST,4 ROOM,142.43,238,542500.0
2024-07,WEST,4 ROOM,143.71,341,540000.0
2024-08,WEST,4 ROOM,143.97,259,555000.0
2024-09,WEST,4 ROOM,148.09,229,550000.0
2024-10,WEST,4 ROOM,148.03,209,548888.0
2024-11,WEST,4 ROOM,149.13,213,545000.0
2024-12,WEST,4 ROOM,149.41,212,555000.0
2025-01,WEST,4 ROOM,151.23,232,551944.0
2025-02,WEST,4 ROOM,151.63,189,562000.0
2025-03,WEST,4 ROOM,152.52,189,575000.0
2025-04,WEST,4 ROOM,153.49,219,578000.0
2025-05,WEST,4 ROOM,154.8,222,580000.0
2025-06,WEST,4 ROOM,154.39,192,572500.0
2025-07,WEST,4 ROOM,154.2,250,570000.0
2025-08,WEST,4 ROOM,153.6,225,568000.0
2025-09,WEST,4 ROOM,154.37,195,590000.0
2025-10,WEST,4 ROOM,154.35,127,568888.0
2025-11,WEST,4 ROOM,154.16,173,575000.0
2025-12,WEST,4 ROOM,153.57,161,568000.0
2026-01,WEST,4 ROOM,152.57,226,572500.0
2026-02,WEST,4 ROOM,154.65,174,558000.0
2026-03,WEST,4 ROOM,152.74,193,575000.0
2026-04,WEST,4 ROOM,153.53,198,578444.0
2026-05,WEST,4 ROOM,153.1,240,560444.0
2026-06,WEST,4 ROOM,152.81,188,577000.0
2026-07,WEST,4 ROOM,152.65,257,569000.0
2026-08,WEST,4 ROOM,150.67,238,555000.0
2026-09,WEST,4 ROOM,152.6,213,555000.0
2017-01,WEST,5 ROOM,100.0,60,463000.0
2017-02,WEST,5 ROOM,98.51,53,450000.0
2017-03,WEST,5 ROOM,99.5,104,470000.0
2017-04,WEST,5 ROOM,102.51,108,477000.0
2017-05,WEST,5 ROOM,99.2,121,456888.0
2017-06,WEST,5 ROOM,96.84,86,449000.0
2017-07,WEST,5 ROOM,99.88,107,460000.0
2017-08,WEST,5 ROOM,99.79,114,469000.0
2017-09,WEST,5 ROOM,99.26,96,455000.0
2017-10,WEST,5 ROOM,99.69,105,459000.0
2017-11,WEST,5 ROOM,99.45,124,455000.0
2017-12,WEST,5 ROOM,98.75,100,454000.0
2018-01,WEST,5 ROOM,96.91,64,442500.0
2018-02,WEST,5 ROOM,98.67,73,458000.0
2018-03,WEST,5 ROOM,99.32,122,465000.0
2018-04,WEST,5 ROOM,98.35,119,442000.0
2018-05,WEST,5 ROOM,97.01,104,449000.0
2018-06,WEST,5 ROOM,98.12,160,448000.0
2018-07,WEST,5 ROOM,98.53,181,456000.0
2018-08,WEST,5 ROOM,97.76,138,440000.0
2018-09,WEST,5 ROOM,96.38,124,432500.0
2018-10,WEST,5 ROOM,97.48,119,438000.0
2018-11,WEST,5 ROOM,97.18,126,442500.0
2018-12,WEST,5 ROOM,98.45,81,450000.0
2019-01,WEST,5 ROOM,97.17,98,435000.0
2019-02,WEST,5 ROOM,97.48,86,450000.0
2019-03,WEST,5 ROOM,96.97,107,443000.0
2019-04,WEST,5 ROOM,99.13,125,465000.0
2019-05,WEST,5 ROOM,96.72,143,437000.0
2019-06,WEST,5 ROOM,97.37,127,450000.0
2019-07,WEST,5 ROOM,97.6,154,434000.0
2019-08,WEST,5 ROOM,98.34,120,454000.0
2019-09,WEST,5 ROOM,99.32,128,454250.0
2019-10,WEST,5 ROOM,100.05,157,458000.0
2019-11,WEST,5 ROOM,100.31,109,452000.0
2019-12,WEST,5 ROOM,99.3,123,454000.0
2020-01,WEST,5 ROOM,97.32,117,440000.0
2020-02,WEST,5 ROOM,101.49,89,460000.0
2020-03,WEST,5 ROOM,100.47,126,450000.0
2020-04,WEST,5 ROOM,102.64,26,492500.0
2020-05,WEST,5 ROOM,102.43,25,455000.0
2020-06,WEST,5 ROOM,98.91,164,446500.0
2020-07,WEST,5 ROOM,100.77,161,468000.0
2020-08,WEST,5 ROOM,101.69,182,472500.0
2020-09,WEST,5 ROOM,103.58,149,473000.0
2020-10,WEST,5 ROOM,105.99,153,490000.0
2020-11,WEST,5 ROOM,106.04,138,496444.0
2020-12,WEST,5 ROOM,107.66,148,495000.0
2021-01,WEST,5 ROOM,107.7,145,488000.0
2021-02,WEST,5 ROOM,110.84,141,520000.0
2021-03,WEST,5 ROOM,110.7,148,510000.0
2021-04,WEST,5 ROOM,111.83,132,528000.0
2021-05,WEST,5 ROOM,116.13,113,540000.0
2021-06,WEST,5 ROOM,115.12,139,530000.0
2021-07,WEST,5 ROOM,116.7,155,540000.0
2021-08,WEST,5 ROOM,118.35,157,550000.0
2021-09,WEST,5 ROOM,119.68,144,552500.0
2021-10,WEST,5 ROOM,118.8,174,545000.0
2021-11,WEST,5 ROOM,121.46,141,560000.0
2021-12,WEST,5 ROOM,122.69,138,562500.0
2022-01,WEST,5 ROOM,123.39,160,565000.0
2022-02,WEST,5 ROOM,125.3,129,570000.0
2022-03,WEST,5 ROOM,124.97,152,571000.0
2022-04,WEST,5 ROOM,127.53,149,585000.0
2022-05,WEST,5 ROOM,127.46,143,570000.0
2022-06,WEST,5 ROOM,127.94,134,579500.0
2022-07,WEST,5 ROOM,128.76,133,605000.0
2022-08,WEST,5 ROOM,128.48,135,582000.0
2022-09,WEST,5 ROOM,132.22,179,600000.0
2022-10,WEST,5 ROOM,131.27,114,592500.0
2022-11,WEST,5 ROOM,131.68,117,600000.0
2022-12,WEST,5 ROOM,131.36,128,576500.0
2023-01,WEST,5 ROOM,133.81,131,610000.0
2023-02,WEST,5 ROOM,132.12,88,606500.0
2023-03,WEST,5 ROOM,134.71,127,618000.0
2023-04,WEST,5 ROOM,136.16,140,630000.0
2023-05,WEST,5 ROOM,136.68,127,638000.0
2023-06,WEST,5 ROOM,136.0,87,610000.0
2023-07,WEST,5 ROOM,135.82,130,608000.0
2023-08,WEST,5 ROOM,136.5,148,610500.0
2023-09,WEST,5 ROOM,136.81,120,600000.0
2023-10,WEST,5 ROOM,136.92,121,630000.0
2023-11,WEST,5 ROOM,137.23,123,623500.0
2023-12,WEST,5 ROOM,137.23,108,613944.0
2024-01,WEST,5 ROOM,138.71,148,629444.0
2024-02,WEST,5 ROOM,137.62,137,620000.0
2024-03,WEST,5 ROOM,138.98,154,620944.0
2024-04,WEST,5 ROOM,140.5,139,620000.0
2024-05,WEST,5 ROOM,141.45,159,630000.0
2024-06,WEST,5 ROOM,142.84,135,640000.0
2024-07,WEST,5 ROOM,142.44,184,634400.0
2024-08,WEST,5 ROOM,144.19,160,646500.0
2024-09,WEST,5 ROOM,145.56,142,647500.0
2024-10,WEST,5 ROOM,147.58,142,669444.44
2024-11,WEST,5 ROOM,148.18,129,662000.0
2024-12,WEST,5 ROOM,148.87,106,650444.0
2025-01,WEST,5 ROOM,150.28,151,672000.0
2025-02,WEST,5 ROOM,150.55,124,671000.0
2025-03,WEST,5 ROOM,152.69,103,674000.0
2025-04,WEST,5 ROOM,151.56,127,678000.0
2025-05,WEST,5 ROOM,153.24,144,692500.0
2025-06,WEST,5 ROOM,153.24,143,700000.0
2025-07,WEST,5 ROOM,153.17,143,690000.0
2025-08,WEST,5 ROOM,152.54,134,670000.0
2025-09,WEST,5 ROOM,151.95,141,700000.0
2025-10,WEST,5 ROOM,153.16,63,690888.0
2025-11,WEST,5 ROOM,155.8,91,697000.0
2025-12,WEST,5 ROOM,153.82,134,690000.0
2026-01,WEST,5 ROOM,154.64,134,710444.0
2026-02,WEST,5 ROOM,151.01,101,668000.0
2026-03,WEST,5 ROOM,151.98,137,698888.0
2026-04,WEST,5 ROOM,151.33,120,679444.0
2026-05,WEST,5 ROOM,151.06,128,696500.0
2026-06,WEST,5 ROOM,151.81,131,685000.0
2026-07,WEST,5 ROOM,149.97,168,690000.0
2026-08,WEST,5 ROOM,152.47,137,698888.0
2026-09,WEST,5 ROOM,152.53,133,690000.0
2017-01,WEST,EXECUTIVE,100.0,24,571500.0
2017-02,WEST,EXECUTIVE,96.86,15,590000.0
2017-03,WEST,EXECUTIVE,97.81,40,577500.0
2017-04,WEST,EXECUTIVE,96.31,25,570000.0
2017-05,WEST,EXECUTIVE,97.82,38,572500.0
2017-06,WEST,EXECUTIVE,95.11,43,560000.0
2017-07,WEST,EXECUTIVE,99.47,41,575000.0
2017-08,WEST,EXECUTIVE,98.13,44,587500.0
2017-09,WEST,EXECUTIVE,97.52,45,592000.0
2017-10,WEST,EXECUTIVE,95.01,49,555000.0
2017-11,WEST,EXECUTIVE,96.07,42,544000.0
2017-12,WEST,EXECUTIVE,97.63,40,560000.0
2018-01,WEST,EXECUTIVE,97.35,26,584444.0
2018-02,WEST,EXECUTIVE,96.57,26,570000.0
2018-03,WEST,EXECUTIVE,94.63,57,546888.0
2018-04,WEST,EXECUTIVE,94.33,53,575000.0
2018-05,WEST,EXECUTIVE,99.26,42,572500.0
2018-06,WEST,EXECUTIVE,95.84,40,555000.0
2018-07,WEST,EXECUTIVE,97.52,65,555000.0
2018-08,WEST,EXECUTIVE,97.63,47,580000.0
2018-09,WEST,EXECUTIVE,96.15,47,555000.0
2018-10,WEST,EXECUTIVE,93.51,37,542000.0
2018-11,WEST,EXECUTIVE,97.42,47,565000.0
2018-12,WEST,EXECUTIVE,92.89,25,530000.0
2019-01,WEST,EXECUTIVE,95.95,52,571000.0
2019-02,WEST,EXECUTIVE,97.88,31,590000.0
2019-03,WEST,EXECUTIVE,98.76,35,565000.0
2019-04,WEST,EXECUTIVE,95.79,55,550000.0
2019-05,WEST,EXECUTIVE,96.54,58,569000.0
2019-06,WEST,EXECUTIVE,95.62,45,565000.0
2019-07,WEST,EXECUTIVE,96.24,59,555000.0
2019-08,WEST,EXECUTIVE,95.76,52,540000.0
2019-09,WEST,EXECUTIVE,96.39,44,567500.0
2019-10,WEST,EXECUTIVE,95.0,56,542500.0
2019-11,WEST,EXECUTIVE,99.26,41,565000.0
2019-12,WEST,EXECUTIVE,98.14,44,565000.0
2020-01,WEST,EXECUTIVE,96.67,48,559500.0
2020-02,WEST,EXECUTIVE,97.82,40,565000.0
2020-03,WEST,EXECUTIVE,98.2,47,565000.0
2020-04,WEST,EXECUTIVE,95.22,8,555000.0
2020-05,WEST,EXECUTIVE,94.88,8,542500.0
2020-06,WEST,EXECUTIVE,96.68,64,537500.0
2020-07,WEST,EXECUTIVE,96.89,69,550000.0
2020-08,WEST,EXECUTIVE,98.24,54,584000.0
2020-09,WEST,EXECUTIVE,100.11,58,565000.0
2020-10,WEST,EXECUTIVE,102.59,68,597000.0
2020-11,WEST,EXECUTIVE,103.86,58,590000.0
2020-12,WEST,EXECUTIVE,105.17,57,610000.0
2021-01,WEST,EXECUTIVE,105.93,64,612500.0
2021-02,WEST,EXECUTIVE,107.67,50,660000.0
2021-03,WEST,EXECUTIVE,105.5,46,589000.0
2021-04,WEST,EXECUTIVE,109.84,50,638444.0
2021-05,WEST,EXECUTIVE,111.39,43,630000.0
2021-06,WEST,EXECUTIVE,111.07,59,640000.0
2021-07,WEST,EXECUTIVE,111.28,54,638444.0
2021-08,WEST,EXECUTIVE,113.95,54,668444.0
2021-09,WEST,EXECUTIVE,116.79,50,685000.0
2021-10,WEST,EXECUTIVE,117.71,47,660000.0
2021-11,WEST,EXECUTIVE,118.18,51,652000.0
2021-12,WEST,EXECUTIVE,120.39,47,705000.0
2022-01,WEST,EXECUTIVE,119.11,53,675000.0
2022-02,WEST,EXECUTIVE,117.78,39,680000.0
2022-03,WEST,EXECUTIVE,118.75,48,665000.0
2022-04,WEST,EXECUTIVE,121.23,50,706500.0
2022-05,WEST,EXECUTIVE,122.59,39,688000.0
2022-06,WEST,EXECUTIVE,125.86,35,720000.0
2022-07,WEST,EXECUTIVE,126.26,51,738000.0
2022-08,WEST,EXECUTIVE,126.02,47,720000.0
2022-09,WEST,EXECUTIVE,129.61,45,735000.0
2022-10,WEST,EXECUTIVE,127.57,42,694444.0
2022-11,WEST,EXECUTIVE,128.22,48,715500.0
2022-12,WEST,EXECUTIVE,128.82,37,750000.0
2023-01,WEST,EXECUTIVE,131.94,51,740000.0
2023-02,WEST,EXECUTIVE,130.85,47,725000.0
2023-03,WEST,EXECUTIVE,132.84,41,770000.0
2023-04,WEST,EXECUTIVE,132.08,42,750400.0
2023-05,WEST,EXECUTIVE,136.91,29,780000.0
2023-06,WEST,EXECUTIVE,134.66,33,740000.0
2023-07,WEST,EXECUTIVE,131.62,34,750000.0
2023-08,WEST,EXECUTIVE,133.54,41,731000.0
2023-09,WEST,EXECUTIVE,134.24,28,720000.0
2023-10,WEST,EXECUTIVE,136.76,31,818000.0
2023-11,WEST,EXECUTIVE,137.4,38,789000.0
2023-12,WEST,EXECUTIVE,134.43,34,752500.0
2024-01,WEST,EXECUTIVE,137.99,44,783444.0
2024-02,WEST,EXECUTIVE,136.92,46,778000.0
2024-03,WEST,EXECUTIVE,139.19,43,760000.0
2024-04,WEST,EXECUTIVE,140.63,40,805000.0
2024-05,WEST,EXECUTIVE,141.04,48,777500.0
2024-06,WEST,EXECUTIVE,144.12,36,806294.0
2024-07,WEST,EXECUTIVE,144.18,50,803500.0
2024-08,WEST,EXECUTIVE,146.04,49,820000.0
2024-09,WEST,EXECUTIVE,146.05,39,835000.0
2024-10,WEST,EXECUTIVE,147.68,33,838000.0
2024-11,WEST,EXECUTIVE,148.48,37,830000.0
2024-12,WEST,EXECUTIVE,148.69,45,820000.0
2025-01,WEST,EXECUTIVE,148.19,43,812000.0
2025-02,WEST,EXECUTIVE,149.36,42,835000.0
2025-03,WEST,EXECUTIVE,147.81,34,812500.0
2025-04,WEST,EXECUTIVE,148.25,34,841444.0
2025-05,WEST,EXECUTIVE,150.32,38,824444.0
2025-06,WEST,EXECUTIVE,151.29,42,824000.0
2025-07,WEST,EXECUTIVE,151.47,54,850000.0
2025-08,WEST,EXECUTIVE,150.2,40,834900.0
2025-09,WEST,EXECUTIVE,154.56,42,855000.0
2025-10,WEST,EXECUTIVE,148.42,20,841500.0
2025-11,WEST,EXECUTIVE,153.64,20,859444.0
2025-12,WEST,EXECUTIVE,155.19,32,842500.0
2026-01,WEST,EXECUTIVE,151.41,47,815000.0
2026-02,WEST,EXECUTIVE,151.13,39,838888.0
2026-03,WEST,EXECUTIVE,153.23,24,851444.0
2026-04,WEST,EXECUTIVE,150.4,34,871500.0
2026-05,WEST,EXECUTIVE,151.05,33,870000.0
2026-06,WEST,EXECUTIVE,150.11,23,825000.0
2026-07,WEST,EXECUTIVE,149.63,40,810000.0
2026-08,WEST,EXECUTIVE,148.51,41,800000.0
2026-09,WEST,EXECUTIVE,147.25,42,832500.0
2017-01,CENTRAL,2 ROOM,100.0,10,229250.0
2017-02,CENTRAL,2 ROOM,96.27,7,225000.0
2017-03,CENTRAL,2 ROOM,96.93,8,247500.0
2017-04,CENTRAL,2 ROOM,96.71,6,216000.0
2017-05,CENTRAL,2 ROOM,97.44,7,218000.0
2017-06,CENTRAL,2 ROOM,98.92,12,228000.0
2017-07,CENTRAL,2 ROOM,96.45,16,230000.0
2017-08,CENTRAL,2 ROOM,96.84,8,227944.0
2017-09,CENTRAL,2 ROOM,97.58,4,245000.0
2017-10,CENTRAL,2 ROOM,94.34,7,219000.0
2017-11,CENTRAL,2 ROOM,92.47,15,216000.0
2017-12,CENTRAL,2 ROOM,92.55,4,239500.0
2018-01,CENTRAL,2 ROOM,91.12,6,210000.0
2018-02,CENTRAL,2 ROOM,91.49,3,210000.0
2018-03,CENTRAL,2 ROOM,91.67,8,234000.0
2018-04,CENTRAL,2 ROOM,95.32,8,220000.0
2018-05,CENTRAL,2 ROOM,90.69,10,216000.0
2018-06,CENTRAL,2 ROOM,97.28,8,220000.0
2018-07,CENTRAL,2 ROOM,92.49,12,220000.0
2018-08,CENTRAL,2 ROOM,89.21,10,202000.0
2018-09,CENTRAL,2 ROOM,85.49,8,207500.0
2018-10,CENTRAL,2 ROOM,88.87,6,232500.0
2018-11,CENTRAL,2 ROOM,88.13,12,203500.0
2018-12,CENTRAL,2 ROOM,91.14,6,210000.0
2019-01,CENTRAL,2 ROOM,87.57,6,204000.0
2019-02,CENTRAL,2 ROOM,86.17,5,198000.0
2019-03,CENTRAL,2 ROOM,88.91,13,200000.0
2019-04,CENTRAL,2 ROOM,90.57,11,222000.0
2019-05,CENTRAL,2 ROOM,88.39,4,222500.0
2019-06,CENTRAL,2 ROOM,87.45,13,215000.0
2019-07,CENTRAL,2 ROOM,87.62,13,200000.0
2019-08,CENTRAL,2 ROOM,88.36,8,200000.0
2019-09,CENTRAL,2 ROOM,87.95,6,200000.0
2019-10,CENTRAL,2 ROOM,89.09,10,200000.0
2019-11,CENTRAL,2 ROOM,85.95,10,195000.0
2019-12,CENTRAL,2 ROOM,83.8,6,191500.0
2020-01,CENTRAL,2 ROOM,83.3,10,191500.0
2020-02,CENTRAL,2 ROOM,85.31,9,210000.0
2020-03,CENTRAL,2 ROOM,82.8,7,200000.0
2020-04,CENTRAL,2 ROOM,75.28,1,198000.0
2020-05,CENTRAL,2 ROOM,80.67,2,185000.0
2020-06,CENTRAL,2 ROOM,84.85,5,200000.0
2020-07,CENTRAL,2 ROOM,87.18,14,205500.0
2020-08,CENTRAL,2 ROOM,85.6,16,196500.0
2020-09,CENTRAL,2 ROOM,85.86,10,202500.0
2020-10,CENTRAL,2 ROOM,96.39,10,228000.0
2020-11,CENTRAL,2 ROOM,97.09,10,204500.0
2020-12,CENTRAL,2 ROOM,94.48,10,220000.0
2021-01,CENTRAL,2 ROOM,101.6,12,230000.0
2021-02,CENTRAL,2 ROOM,93.87,7,210000.0
2021-03,CENTRAL,2 ROOM,105.01,4,231500.0
2021-04,CENTRAL,2 ROOM,99.81,15,235000.0
2021-05,CENTRAL,2 ROOM,104.65,6,235000.0
2021-06,CENTRAL,2 ROOM,98.97,14,233000.0
2021-07,CENTRAL,2 ROOM,103.6,7,235000.0
2021-08,CENTRAL,2 ROOM,103.63,6,241500.0
2021-09,CENTRAL,2 ROOM,106.25,13,255000.0
2021-10,CENTRAL,2 ROOM,108.56,5,265000.0
2021-11,CENTRAL,2 ROOM,112.33,8,252500.0
2021-12,CENTRAL,2 ROOM,107.38,6,255250.0
2022-01,CENTRAL,2 ROOM,107.72,9,240000.0
2022-02,CENTRAL,2 ROOM,108.12,6,252500.0
2022-03,CENTRAL,2 ROOM,115.83,14,250000.0
2022-04,CENTRAL,2 ROOM,113.93,9,260000.0
2022-05,CENTRAL,2 ROOM,114.75,9,263000.0
2022-06,CENTRAL,2 ROOM,117.26,10,246000.0
2022-07,CENTRAL,2 ROOM,120.95,8,262500.0
2022-08,CENTRAL,2 ROOM,116.08,9,270000.0
2022-09,CENTRAL,2 ROOM,115.37,10,275000.0
2022-10,CENTRAL,2 ROOM,111.87,2,257500.0
2022-11,CENTRAL,2 ROOM,116.42,8,270000.0
2022-12,CENTRAL,2 ROOM,115.75,11,270000.0
2023-01,CENTRAL,2 ROOM,118.16,14,273500.0
2023-02,CENTRAL,2 ROOM,117.88,6,267500.0
2023-03,CENTRAL,2 ROOM,123.41,12,262500.0
2023-04,CENTRAL,2 ROOM,118.86,11,260000.0
2023-05,CENTRAL,2 ROOM,118.46,6,270000.0
2023-06,CENTRAL,2 ROOM,118.4,10,276500.0
2023-07,CENTRAL,2 ROOM,123.64,8,292500.0
2023-08,CENTRAL,2 ROOM,118.55,23,290000.0
2023-09,CENTRAL,2 ROOM,116.37,12,260000.0
2023-10,CENTRAL,2 ROOM,120.24,11,272000.0
2023-11,CENTRAL,2 ROOM,118.61,6,278000.0
2023-12,CENTRAL,2 ROOM,122.99,9,302000.0
2024-01,CENTRAL,2 ROOM,118.46,9,285000.0
2024-02,CENTRAL,2 ROOM,122.9,10,271000.0
2024-03,CENTRAL,2 ROOM,126.43,7,290000.0
2024-04,CENTRAL,2 ROOM,122.43,13,288000.0
2024-05,CENTRAL,2 ROOM,120.07,6,286500.0
2024-06,CENTRAL,2 ROOM,131.31,12,294000.0
2024-07,CENTRAL,2 ROOM,133.48,6,312944.0
2024-08,CENTRAL,2 ROOM,127.97,11,280000.0
2024-09,CENTRAL,2 ROOM,131.76,9,290000.0
2024-10,CENTRAL,2 ROOM,129.84,7,290000.0
2024-11,CENTRAL,2 ROOM,128.16,9,285000.0
2024-12,CENTRAL,2 ROOM,133.67,11,320000.0
2025-01,CENTRAL,2 ROOM,126.85,10,284000.0
2025-02,CENTRAL,2 ROOM,133.47,14,307500.0
2025-03,CENTRAL,2 ROOM,132.41,5,297000.0
2025-04,CENTRAL,2 ROOM,130.66,10,300944.0
2025-05,CENTRAL,2 ROOM,135.16,13,305000.0
2025-06,CENTRAL,2 ROOM,150.29,10,327400.0
2025-07,CENTRAL,2 ROOM,142.81,11,350000.0
2025-08,CENTRAL,2 ROOM,134.13,8,305000.0
2025-09,CENTRAL,2 ROOM,135.67,9,298000.0
2025-10,CENTRAL,2 ROOM,135.46,11,301888.0
2025-11,CENTRAL,2 ROOM,132.01,12,297500.0
2025-12,CENTRAL,2 ROOM,130.77,10,291944.0
2026-01,CENTRAL,2 ROOM,133.54,8,295144.0
2026-02,CENTRAL,2 ROOM,128.01,7,300000.0
2026-03,CENTRAL,2 ROOM,129.6,8,277000.0
2026-04,CENTRAL,2 ROOM,133.66,7,283000.0
2026-05,CENTRAL,2 ROOM,133.86,13,308000.0
2026-06,CENTRAL,2 ROOM,129.08,6,300000.0
2026-07,CENTRAL,2 ROOM,133.61,14,309000.0
2026-08,CENTRAL,2 ROOM,131.42,11,283000.0
2026-09,CENTRAL,2 ROOM,131.99,12,308500.0
2017-01,CENTRAL,3 ROOM,100.0,110,333944.0
2017-02,CENTRAL,3 ROOM,98.21,92,334444.0
2017-03,CENTRAL,3 ROOM,99.14,155,326000.0
2017-04,CENTRAL,3 ROOM,97.83,134,350000.0
2017-05,CENTRAL,3 ROOM,97.98,153,330800.0
2017-06,CENTRAL,3 ROOM,97.93,137,321000.0
2017-07,CENTRAL,3 ROOM,98.29,139,330000.0
2017-08,CENTRAL,3 ROOM,95.88,172,315000.0
2017-09,CENTRAL,3 ROOM,97.46,116,339500.0
2017-10,CENTRAL,3 ROOM,96.9,147,330000.0
2017-11,CENTRAL,3 ROOM,96.81,147,326800.0
2017-12,CENTRAL,3 ROOM,96.0,115,320000.0
2018-01,CENTRAL,3 ROOM,96.11,87,320000.0
2018-02,CENTRAL,3 ROOM,94.83,82,317500.0
2018-03,CENTRAL,3 ROOM,94.62,121,320000.0
2018-04,CENTRAL,3 ROOM,94.66,125,310000.0
2018-05,CENTRAL,3 ROOM,94.72,108,315000.0
2018-06,CENTRAL,3 ROOM,95.57,130,319000.0
2018-07,CENTRAL,3 ROOM,95.98,186,340000.0
2018-08,CENTRAL,3 ROOM,94.95,142,329000.0
2018-09,CENTRAL,3 ROOM,92.6,148,304000.0
2018-10,CENTRAL,3 ROOM,94.22,158,310000.0
2018-11,CENTRAL,3 ROOM,94.65,133,336000.0
2018-12,CENTRAL,3 ROOM,93.3,107,298000.0
2019-01,CENTRAL,3 ROOM,94.88,96,311250.0
2019-02,CENTRAL,3 ROOM,93.18,92,304500.0
2019-03,CENTRAL,3 ROOM,93.74,115,310000.0
2019-04,CENTRAL,3 ROOM,91.33,138,295000.0
2019-05,CENTRAL,3 ROOM,93.66,158,314000.0
2019-06,CENTRAL,3 ROOM,93.75,121,300000.0
2019-07,CENTRAL,3 ROOM,92.69,144,300000.0
2019-08,CENTRAL,3 ROOM,93.06,126,300000.0
2019-09,CENTRAL,3 ROOM,90.77,138,300000.0
2019-10,CENTRAL,3 ROOM,91.13,153,302000.0
2019-11,CENTRAL,3 ROOM,92.53,137,292000.0
2019-12,CENTRAL,3 ROOM,92.73,134,300000.0
2020-01,CENTRAL,3 ROOM,91.17,124,299000.0
2020-02,CENTRAL,3 ROOM,91.51,92,300000.0
2020-03,CENTRAL,3 ROOM,90.28,125,290000.0
2020-04,CENTRAL,3 ROOM,86.35,27,258000.0
2020-05,CENTRAL,3 ROOM,89.99,17,298000.0
2020-06,CENTRAL,3 ROOM,91.43,156,294250.0
2020-07,CENTRAL,3 ROOM,88.92,166,263694.0
2020-08,CENTRAL,3 ROOM,92.65,168,300000.0
2020-09,CENTRAL,3 ROOM,92.95,162,284500.0
2020-10,CENTRAL,3 ROOM,95.72,161,308888.0
2020-11,CENTRAL,3 ROOM,95.84,151,305000.0
2020-12,CENTRAL,3 ROOM,95.36,197,295888.0
2021-01,CENTRAL,3 ROOM,96.83,169,315000.0
2021-02,CENTRAL,3 ROOM,98.23,149,321500.0
2021-03,CENTRAL,3 ROOM,99.88,171,320000.0
2021-04,CENTRAL,3 ROOM,99.39,153,318000.0
2021-05,CENTRAL,3 ROOM,102.17,145,348000.0
2021-06,CENTRAL,3 ROOM,100.96,174,322944.0
2021-07,CENTRAL,3 ROOM,102.42,182,328500.0
2021-08,CENTRAL,3 ROOM,105.48,180,339000.0
2021-09,CENTRAL,3 ROOM,106.21,171,340888.0
2021-10,CENTRAL,3 ROOM,106.59,198,333500.0
2021-11,CENTRAL,3 ROOM,108.43,171,340000.0
2021-12,CENTRAL,3 ROOM,109.23,178,370000.0
2022-01,CENTRAL,3 ROOM,109.14,160,350000.0
2022-02,CENTRAL,3 ROOM,108.56,140,350000.0
2022-03,CENTRAL,3 ROOM,111.88,173,358000.0
2022-04,CENTRAL,3 ROOM,113.13,152,365000.0
2022-05,CENTRAL,3 ROOM,111.3,153,360000.0
2022-06,CENTRAL,3 ROOM,113.33,141,358000.0
2022-07,CENTRAL,3 ROOM,114.81,182,354000.0
2022-08,CENTRAL,3 ROOM,115.79,164,370000.0
2022-09,CENTRAL,3 ROOM,116.13,189,370000.0
2022-10,CENTRAL,3 ROOM,117.51,154,382500.0
2022-11,CENTRAL,3 ROOM,117.12,159,370000.0
2022-12,CENTRAL,3 ROOM,117.47,168,370000.0
2023-01,CENTRAL,3 ROOM,118.55,186,390000.0
2023-02,CENTRAL,3 ROOM,118.65,132,376500.0
2023-03,CENTRAL,3 ROOM,119.48,162,395500.0
2023-04,CENTRAL,3 ROOM,120.95,138,375000.0
2023-05,CENTRAL,3 ROOM,120.95,133,380000.0
2023-06,CENTRAL,3 ROOM,122.39,146,395500.0
2023-07,CENTRAL,3 ROOM,122.52,130,385944.0
2023-08,CENTRAL,3 ROOM,121.64,182,383500.0
2023-09,CENTRAL,3 ROOM,120.72,153,385000.0
2023-10,CENTRAL,3 ROOM,123.95,155,385000.0
2023-11,CENTRAL,3 ROOM,121.87,145,398000.0
2023-12,CENTRAL,3 ROOM,122.58,137,388000.0
2024-01,CENTRAL,3 ROOM,123.28,158,390000.0
2024-02,CENTRAL,3 ROOM,124.61,137,400000.0
2024-03,CENTRAL,3 ROOM,126.25,149,393000.0
2024-04,CENTRAL,3 ROOM,126.8,162,407500.0
2024-05,CENTRAL,3 ROOM,127.78,181,400000.0
2024-06,CENTRAL,3 ROOM,131.02,163,420888.0
2024-07,CENTRAL,3 ROOM,131.07,238,412500.0
2024-08,CENTRAL,3 ROOM,128.78,199,408000.0
2024-09,CENTRAL,3 ROOM,133.64,186,408000.0
2024-10,CENTRAL,3 ROOM,133.82,150,412500.0
2024-11,CENTRAL,3 ROOM,138.76,141,425000.0
2024-12,CENTRAL,3 ROOM,136.43,144,430000.0
2025-01,CENTRAL,3 ROOM,135.72,176,427000.0
2025-02,CENTRAL,3 ROOM,139.16,155,440888.0
2025-03,CENTRAL,3 ROOM,137.85,149,443000.0
2025-04,CENTRAL,3 ROOM,138.24,170,439944.0
2025-05,CENTRAL,3 ROOM,141.9,176,446500.0
2025-06,CENTRAL,3 ROOM,139.29,169,448000.0
2025-07,CENTRAL,3 ROOM,139.95,165,452000.0
2025-08,CENTRAL,3 ROOM,140.24,169,435000.0
2025-09,CENTRAL,3 ROOM,139.51,142,422500.0
2025-10,CENTRAL,3 ROOM,140.72,106,446500.0
2025-11,CENTRAL,3 ROOM,141.81,145,420000.0
2025-12,CENTRAL,3 ROOM,139.61,173,430000.0
2026-01,CENTRAL,3 ROOM,139.03,183,430000.0
2026-02,CENTRAL,3 ROOM,138.42,111,420000.0
2026-03,CENTRAL,3 ROOM,138.08,168,428000.0
2026-04,CENTRAL,3 ROOM,137.27,151,418000.0
2026-05,CENTRAL,3 ROOM,138.26,182,440000.0
2026-06,CENTRAL,3 ROOM,137.8,151,430000.0
2026-07,CENTRAL,3 ROOM,138.23,168,405000.0
2026-08,CENTRAL,3 ROOM,136.41,180,438000.0
2026-09,CENTRAL,3 ROOM,137.47,153,442888.0
2017-01,CENTRAL,4 ROOM,100.0,68,595000.0
2017-02,CENTRAL,4 ROOM,98.71,73,610000.0
2017-03,CENTRAL,4 ROOM,99.92,145,600000.0
2017-04,CENTRAL,4 ROOM,98.26,127,620000.0
2017-05,CENTRAL,4 ROOM,100.14,132,621000.0
2017-06,CENTRAL,4 ROOM,98.41,132,586000.0
2017-07,CENTRAL,4 ROOM,98.34,121,600000.0
2017-08,CENTRAL,4 ROOM,97.58,140,590500.0
2017-09,CENTRAL,4 ROOM,98.9,131,620000.0
2017-10,CENTRAL,4 ROOM,97.41,137,580000.0
2017-11,CENTRAL,4 ROOM,100.44,155,600000.0
2017-12,CENTRAL,4 ROOM,97.86,104,594000.0
2018-01,CENTRAL,4 ROOM,98.49,85,582000.0
2018-02,CENTRAL,4 ROOM,98.29,84,562500.0
2018-03,CENTRAL,4 ROOM,98.04,152,635000.0
2018-04,CENTRAL,4 ROOM,99.44,125,625000.0
2018-05,CENTRAL,4 ROOM,98.95,98,620000.0
2018-06,CENTRAL,4 ROOM,98.18,139,608000.0
2018-07,CENTRAL,4 ROOM,99.37,176,590000.0
2018-08,CENTRAL,4 ROOM,98.47,146,604444.0
2018-09,CENTRAL,4 ROOM,100.14,129,600000.0
2018-10,CENTRAL,4 ROOM,100.56,128,589000.0
2018-11,CENTRAL,4 ROOM,101.31,125,628000.0
2018-12,CENTRAL,4 ROOM,100.68,89,598888.0
2019-01,CENTRAL,4 ROOM,99.76,107,585000.0
2019-02,CENTRAL,4 ROOM,100.02,84,557000.0
2019-03,CENTRAL,4 ROOM,98.66,133,570000.0
2019-04,CENTRAL,4 ROOM,101.27,121,635000.0
2019-05,CENTRAL,4 ROOM,99.47,139,602000.0
2019-06,CENTRAL,4 ROOM,99.37,115,630000.0
2019-07,CENTRAL,4 ROOM,102.28,123,635000.0
2019-08,CENTRAL,4 ROOM,99.65,135,565000.0
2019-09,CENTRAL,4 ROOM,100.87,109,590000.0
2019-10,CENTRAL,4 ROOM,98.01,156,550000.0
2019-11,CENTRAL,4 ROOM,102.15,119,610000.0
2019-12,CENTRAL,4 ROOM,100.62,121,600000.0
2020-01,CENTRAL,4 ROOM,100.13,102,536500.0
2020-02,CENTRAL,4 ROOM,102.84,103,592500.0
2020-03,CENTRAL,4 ROOM,99.11,119,560000.0
2020-04,CENTRAL,4 ROOM,101.2,15,720000.0
2020-05,CENTRAL,4 ROOM,99.05,13,555000.0
2020-06,CENTRAL,4 ROOM,100.19,157,575000.0
2020-07,CENTRAL,4 ROOM,100.87,117,605000.0
2020-08,CENTRAL,4 ROOM,100.53,115,570000.0
2020-09,CENTRAL,4 ROOM,102.26,159,670000.0
2020-10,CENTRAL,4 ROOM,103.45,174,645000.0
2020-11,CENTRAL,4 ROOM,102.42,182,602500.0
2020-12,CENTRAL,4 ROOM,103.37,169,628000.0
2021-01,CENTRAL,4 ROOM,103.73,169,602000.0
2021-02,CENTRAL,4 ROOM,103.43,165,635000.0
2021-03,CENTRAL,4 ROOM,105.31,207,676000.0
2021-04,CENTRAL,4 ROOM,106.42,185,645000.0
2021-05,CENTRAL,4 ROOM,105.98,176,714000.0
2021-06,CENTRAL,4 ROOM,106.8,189,685000.0
2021-07,CENTRAL,4 ROOM,107.3,176,666500.0
2021-08,CENTRAL,4 ROOM,109.79,211,665000.0
2021-09,CENTRAL,4 ROOM,110.05,201,710000.0
2021-10,CENTRAL,4 ROOM,111.54,199,678000.0
2021-11,CENTRAL,4 ROOM,111.36,196,692944.0
2021-12,CENTRAL,4 ROOM,111.77,181,700000.0
2022-01,CENTRAL,4 ROOM,113.24,171,688000.0
2022-02,CENTRAL,4 ROOM,114.42,141,730000.0
2022-03,CENTRAL,4 ROOM,114.65,200,685000.0
2022-04,CENTRAL,4 ROOM,113.49,173,680888.0
2022-05,CENTRAL,4 ROOM,115.71,168,748500.0
2022-06,CENTRAL,4 ROOM,117.67,169,720000.0
2022-07,CENTRAL,4 ROOM,118.37,182,720000.0
2022-08,CENTRAL,4 ROOM,118.9,156,760000.0
2022-09,CENTRAL,4 ROOM,118.83,195,750000.0
2022-10,CENTRAL,4 ROOM,123.2,137,788000.0
2022-11,CENTRAL,4 ROOM,121.86,128,760000.0
2022-12,CENTRAL,4 ROOM,120.94,147,720000.0
2023-01,CENTRAL,4 ROOM,121.68,160,778444.0
2023-02,CENTRAL,4 ROOM,123.16,128,707500.0
2023-03,CENTRAL,4 ROOM,122.27,166,778444.0
2023-04,CENTRAL,4 ROOM,124.23,164,755000.0
2023-05,CENTRAL,4 ROOM,125.56,152,760444.0
2023-06,CENTRAL,4 ROOM,126.63,125,780000.0
2023-07,CENTRAL,4 ROOM,128.15,118,825000.0
2023-08,CENTRAL,4 ROOM,128.25,187,815000.0
2023-09,CENTRAL,4 ROOM,127.44,137,770000.0
2023-10,CENTRAL,4 ROOM,128.15,136,795000.0
2023-11,CENTRAL,4 ROOM,129.33,135,790000.0
2023-12,CENTRAL,4 ROOM,128.48,133,816000.0
2024-01,CENTRAL,4 ROOM,130.83,168,841900.0
2024-02,CENTRAL,4 ROOM,129.93,120,819000.0
2024-03,CENTRAL,4 ROOM,133.07,147,810000.0
2024-04,CENTRAL,4 ROOM,134.79,149,815000.0
2024-05,CENTRAL,4 ROOM,134.45,159,840000.0
2024-06,CENTRAL,4 ROOM,136.86,172,858449.5
2024-07,CENTRAL,4 ROOM,138.04,245,880000.0
2024-08,CENTRAL,4 ROOM,138.34,170,863000.0
2024-09,CENTRAL,4 ROOM,139.91,172,897500.0
2024-10,CENTRAL,4 ROOM,140.07,153,885000.0
2024-11,CENTRAL,4 ROOM,143.28,131,860000.0
2024-12,CENTRAL,4 ROOM,143.61,152,920000.0
2025-01,CENTRAL,4 ROOM,143.95,174,895000.0
2025-02,CENTRAL,4 ROOM,143.43,155,882000.0
2025-03,CENTRAL,4 ROOM,144.24,138,885444.0
2025-04,CENTRAL,4 ROOM,146.4,169,928000.0
2025-05,CENTRAL,4 ROOM,146.46,179,878000.0
2025-06,CENTRAL,4 ROOM,147.43,161,950000.0
2025-07,CENTRAL,4 ROOM,148.07,184,900000.0
2025-08,CENTRAL,4 ROOM,147.33,165,883000.0
2025-09,CENTRAL,4 ROOM,148.06,189,890000.0
2025-10,CENTRAL,4 ROOM,148.78,107,920000.0
2025-11,CENTRAL,4 ROOM,147.78,131,882000.0
2025-12,CENTRAL,4 ROOM,148.17,143,910000.0
2026-01,CENTRAL,4 ROOM,149.47,193,932500.0
2026-02,CENTRAL,4 ROOM,149.2,108,929000.0
2026-03,CENTRAL,4 ROOM,150.19,171,903000.0
2026-04,CENTRAL,4 ROOM,149.02,162,920000.0
2026-05,CENTRAL,4 ROOM,149.41,178,889000.0
2026-06,CENTRAL,4 ROOM,148.6,163,955000.0
2026-07,CENTRAL,4 ROOM,147.83,199,928888.0
2026-08,CENTRAL,4 ROOM,150.15,189,950000.0
2026-09,CENTRAL,4 ROOM,150.8,187,930000.0
2017-01,CENTRAL,5 ROOM,100.0,33,730000.0
2017-02,CENTRAL,5 ROOM,100.29,52,790000.0
2017-03,CENTRAL,5 ROOM,97.48,66,798500.0
2017-04,CENTRAL,5 ROOM,96.57,61,725888.88
2017-05,CENTRAL,5 ROOM,97.54,84,783500.0
2017-06,CENTRAL,5 ROOM,101.11,77,770000.0
2017-07,CENTRAL,5 ROOM,98.55,70,795000.0
2017-08,CENTRAL,5 ROOM,98.45,77,760000.0
2017-09,CENTRAL,5 ROOM,100.34,78,787500.0
2017-10,CENTRAL,5 ROOM,98.22,79,755000.0
2017-11,CENTRAL,5 ROOM,98.99,90,764000.0
2017-12,CENTRAL,5 ROOM,100.76,76,810000.0
2018-01,CENTRAL,5 ROOM,100.13,42,821500.0
2018-02,CENTRAL,5 ROOM,97.93,51,765000.0
2018-03,CENTRAL,5 ROOM,101.64,89,820000.0
2018-04,CENTRAL,5 ROOM,99.81,94,801000.0
2018-05,CENTRAL,5 ROOM,101.73,69,818000.0
2018-06,CENTRAL,5 ROOM,99.85,90,804000.0
2018-07,CENTRAL,5 ROOM,102.9,83,808000.0
2018-08,CENTRAL,5 ROOM,101.34,85,800000.0
2018-09,CENTRAL,5 ROOM,101.47,71,778000.0
2018-10,CENTRAL,5 ROOM,101.32,73,760000.0
2018-11,CENTRAL,5 ROOM,101.54,54,765000.0
2018-12,CENTRAL,5 ROOM,101.04,42,808000.0
2019-01,CENTRAL,5 ROOM,99.36,49,750000.0
2019-02,CENTRAL,5 ROOM,101.61,53,798000.0
2019-03,CENTRAL,5 ROOM,100.22,74,747500.0
2019-04,CENTRAL,5 ROOM,101.29,73,758888.0
2019-05,CENTRAL,5 ROOM,99.94,81,765000.0
2019-06,CENTRAL,5 ROOM,103.45,69,805000.0
2019-07,CENTRAL,5 ROOM,103.5,81,750000.0
2019-08,CENTRAL,5 ROOM,102.22,71,770000.0
2019-09,CENTRAL,5 ROOM,101.06,79,738000.0
2019-10,CENTRAL,5 ROOM,101.04,70,785000.0
2019-11,CENTRAL,5 ROOM,100.16,59,750000.0
2019-12,CENTRAL,5 ROOM,101.64,54,762500.0
2020-01,CENTRAL,5 ROOM,98.99,62,703500.0
2020-02,CENTRAL,5 ROOM,102.08,57,725000.0
2020-03,CENTRAL,5 ROOM,102.07,60,781944.0
2020-04,CENTRAL,5 ROOM,102.0,10,770000.0
2020-05,CENTRAL,5 ROOM,97.25,16,751000.0
2020-06,CENTRAL,5 ROOM,101.13,79,725000.0
2020-07,CENTRAL,5 ROOM,101.09,65,728000.0
2020-08,CENTRAL,5 ROOM,100.18,70,742500.0
2020-09,CENTRAL,5 ROOM,103.77,82,780000.0
2020-10,CENTRAL,5 ROOM,104.78,95,750000.0
2020-11,CENTRAL,5 ROOM,103.46,94,740000.0
2020-12,CENTRAL,5 ROOM,102.91,110,756500.0
2021-01,CENTRAL,5 ROOM,104.69,122,767500.0
2021-02,CENTRAL,5 ROOM,107.06,110,799000.0
2021-03,CENTRAL,5 ROOM,107.04,96,808000.0
2021-04,CENTRAL,5 ROOM,105.49,100,770000.0
2021-05,CENTRAL,5 ROOM,108.57,81,820000.0
2021-06,CENTRAL,5 ROOM,109.21,100,796444.0
2021-07,CENTRAL,5 ROOM,109.17,121,783888.0
2021-08,CENTRAL,5 ROOM,112.33,107,824000.0
2021-09,CENTRAL,5 ROOM,109.2,94,822500.0
2021-10,CENTRAL,5 ROOM,112.29,91,835000.0
2021-11,CENTRAL,5 ROOM,112.91,94,837500.0
2021-12,CENTRAL,5 ROOM,115.58,88,842500.0
2022-01,CENTRAL,5 ROOM,115.33,81,850000.0
2022-02,CENTRAL,5 ROOM,116.06,64,869000.0
2022-03,CENTRAL,5 ROOM,115.05,87,815000.0
2022-04,CENTRAL,5 ROOM,116.85,76,856500.0
2022-05,CENTRAL,5 ROOM,115.4,85,840000.0
2022-06,CENTRAL,5 ROOM,119.2,78,861500.0
2022-07,CENTRAL,5 ROOM,119.91,89,830000.0
2022-08,CENTRAL,5 ROOM,123.18,82,877500.0
2022-09,CENTRAL,5 ROOM,123.75,84,886500.0
2022-10,CENTRAL,5 ROOM,124.02,85,875000.0
2022-11,CENTRAL,5 ROOM,121.84,62,865000.0
2022-12,CENTRAL,5 ROOM,124.6,48,907500.0
2023-01,CENTRAL,5 ROOM,123.1,59,880000.0
2023-02,CENTRAL,5 ROOM,127.32,47,858000.0
2023-03,CENTRAL,5 ROOM,125.28,60,904000.0
2023-04,CENTRAL,5 ROOM,124.4,59,885000.0
2023-05,CENTRAL,5 ROOM,126.44,62,860000.0
2023-06,CENTRAL,5 ROOM,126.23,48,896500.0
2023-07,CENTRAL,5 ROOM,128.64,59,880000.0
2023-08,CENTRAL,5 ROOM,130.9,68,909000.0
2023-09,CENTRAL,5 ROOM,131.32,56,952500.0
2023-10,CENTRAL,5 ROOM,127.65,47,890000.0
2023-11,CENTRAL,5 ROOM,130.14,51,890000.0
2023-12,CENTRAL,5 ROOM,133.11,48,905444.0
2024-01,CENTRAL,5 ROOM,132.14,60,923500.0
2024-02,CENTRAL,5 ROOM,132.86,50,902500.0
2024-03,CENTRAL,5 ROOM,132.91,50,940000.0
2024-04,CENTRAL,5 ROOM,135.07,50,936500.0
2024-05,CENTRAL,5 ROOM,136.92,60,979000.0
2024-06,CENTRAL,5 ROOM,142.27,60,1004444.0
2024-07,CENTRAL,5 ROOM,139.16,79,940000.0
2024-08,CENTRAL,5 ROOM,140.32,65,960000.0
2024-09,CENTRAL,5 ROOM,140.82,55,1000000.0
2024-10,CENTRAL,5 ROOM,145.18,43,1050000.0
2024-11,CENTRAL,5 ROOM,143.27,55,1000000.0
2024-12,CENTRAL,5 ROOM,143.69,65,970000.0
2025-01,CENTRAL,5 ROOM,144.02,55,990000.0
2025-02,CENTRAL,5 ROOM,144.01,66,1041500.0
2025-03,CENTRAL,5 ROOM,145.27,61,988888.0
2025-04,CENTRAL,5 ROOM,143.47,77,985000.0
2025-05,CENTRAL,5 ROOM,148.19,50,1087500.0
2025-06,CENTRAL,5 ROOM,148.64,64,1017500.0
2025-07,CENTRAL,5 ROOM,143.24,69,1018000.0
2025-08,CENTRAL,5 ROOM,149.14,66,1068000.0
2025-09,CENTRAL,5 ROOM,146.13,83,1008888.0
2025-10,CENTRAL,5 ROOM,149.87,50,1036500.0
2025-11,CENTRAL,5 ROOM,150.61,51,1150000.0
2025-12,CENTRAL,5 ROOM,150.09,74,1055000.0
2026-01,CENTRAL,5 ROOM,148.62,52,970000.0
2026-02,CENTRAL,5 ROOM,150.64,53,1020000.0
2026-03,CENTRAL,5 ROOM,150.73,65,1050000.0
2026-04,CENTRAL,5 ROOM,147.89,57,980000.0
2026-05,CENTRAL,5 ROOM,149.93,63,1050888.0
2026-06,CENTRAL,5 ROOM,151.51,74,1045000.0
2026-07,CENTRAL,5 ROOM,148.98,80,1032500.0
2026-08,CENTRAL,5 ROOM,151.62,78,1041500.0
2026-09,CENTRAL,5 ROOM,150.75,99,968000.0
2017-01,CENTRAL,EXECUTIVE,100.0,5,888000.0
2017-02,CENTRAL,EXECUTIVE,92.33,9,820000.0
2017-03,CENTRAL,EXECUTIVE,96.4,6,909000.0
2017-04,CENTRAL,EXECUTIVE,97.76,10,844000.0
2017-05,CENTRAL,EXECUTIVE,93.63,8,924000.0
2017-06,CENTRAL,EXECUTIVE,98.52,15,880000.0
2017-07,CENTRAL,EXECUTIVE,97.42,10,870000.0
2017-08,CENTRAL,EXECUTIVE,97.84,13,850000.0
2017-09,CENTRAL,EXECUTIVE,96.3,10,931944.0
2017-10,CENTRAL,EXECUTIVE,90.05,8,799000.0
2017-11,CENTRAL,EXECUTIVE,95.07,9,832000.0
2017-12,CENTRAL,EXECUTIVE,100.02,10,895000.0
2018-01,CENTRAL,EXECUTIVE,103.72,6,884000.0
2018-02,CENTRAL,EXECUTIVE,94.17,8,802500.0
2018-03,CENTRAL,EXECUTIVE,99.51,12,905000.0
2018-04,CENTRAL,EXECUTIVE,92.12,15,830000.0
2018-05,CENTRAL,EXECUTIVE,92.64,7,732000.0
2018-06,CENTRAL,EXECUTIVE,96.56,12,880000.0
2018-07,CENTRAL,EXECUTIVE,90.65,11,850000.0
2018-08,CENTRAL,EXECUTIVE,97.71,13,888000.0
2018-09,CENTRAL,EXECUTIVE,100.16,8,887500.0
2018-10,CENTRAL,EXECUTIVE,94.27,13,850000.0
2018-11,CENTRAL,EXECUTIVE,97.95,7,948000.0
2018-12,CENTRAL,EXECUTIVE,92.41,4,951500.0
2019-01,CENTRAL,EXECUTIVE,91.91,10,825000.0
2019-02,CENTRAL,EXECUTIVE,94.57,6,794000.0
2019-03,CENTRAL,EXECUTIVE,94.79,7,888000.0
2019-04,CENTRAL,EXECUTIVE,92.0,7,863000.0
2019-05,CENTRAL,EXECUTIVE,90.45,14,719000.0
2019-06,CENTRAL,EXECUTIVE,91.23,11,840000.0
2019-07,CENTRAL,EXECUTIVE,94.57,15,858000.0
2019-08,CENTRAL,EXECUTIVE,91.76,10,829000.0
2019-09,CENTRAL,EXECUTIVE,91.41,11,800000.0
2019-10,CENTRAL,EXECUTIVE,90.66,6,762000.0
2019-11,CENTRAL,EXECUTIVE,90.83,7,802888.0
2019-12,CENTRAL,EXECUTIVE,97.34,11,863000.0
2020-01,CENTRAL,EXECUTIVE,93.08,14,816500.0
2020-02,CENTRAL,EXECUTIVE,98.96,5,862000.0
2020-03,CENTRAL,EXECUTIVE,90.56,6,807500.0
2020-04,CENTRAL,EXECUTIVE,97.12,4,829000.0
2020-05,CENTRAL,EXECUTIVE,106.64,1,788000.0
2020-06,CENTRAL,EXECUTIVE,91.1,10,847500.0
2020-07,CENTRAL,EXECUTIVE,94.28,9,962000.0
2020-08,CENTRAL,EXECUTIVE,95.14,16,836500.0
2020-09,CENTRAL,EXECUTIVE,96.01,10,860000.0
2020-10,CENTRAL,EXECUTIVE,95.93,18,891944.0
2020-11,CENTRAL,EXECUTIVE,94.13,11,800000.0
2020-12,CENTRAL,EXECUTIVE,96.04,21,860000.0
2021-01,CENTRAL,EXECUTIVE,95.09,15,905000.0
2021-02,CENTRAL,EXECUTIVE,102.73,10,907500.0
2021-03,CENTRAL,EXECUTIVE,98.15,23,940000.0
2021-04,CENTRAL,EXECUTIVE,97.53,12,890000.0
2021-05,CENTRAL,EXECUTIVE,102.01,5,890000.0
2021-06,CENTRAL,EXECUTIVE,103.29,12,925444.0
2021-07,CENTRAL,EXECUTIVE,104.8,13,906000.0
2021-08,CENTRAL,EXECUTIVE,103.01,19,880000.0
2021-09,CENTRAL,EXECUTIVE,98.77,14,955000.0
2021-10,CENTRAL,EXECUTIVE,107.89,8,917500.0
2021-11,CENTRAL,EXECUTIVE,107.61,17,948000.0
2021-12,CENTRAL,EXECUTIVE,108.3,17,948000.0
2022-01,CENTRAL,EXECUTIVE,106.33,14,947500.0
2022-02,CENTRAL,EXECUTIVE,109.91,14,976944.0
2022-03,CENTRAL,EXECUTIVE,108.68,11,1000000.0
2022-04,CENTRAL,EXECUTIVE,110.05,8,944000.0
2022-05,CENTRAL,EXECUTIVE,111.22,9,1000000.0
2022-06,CENTRAL,EXECUTIVE,112.39,8,953444.0
2022-07,CENTRAL,EXECUTIVE,113.91,16,1049000.0
2022-08,CENTRAL,EXECUTIVE,112.25,9,955000.0
2022-09,CENTRAL,EXECUTIVE,114.18,21,1000000.0
2022-10,CENTRAL,EXECUTIVE,117.96,12,1020000.0
2022-11,CENTRAL,EXECUTIVE,121.71,6,1029000.0
2022-12,CENTRAL,EXECUTIVE,114.67,10,1019444.0
2023-01,CENTRAL,EXECUTIVE,118.2,11,1018000.0
2023-02,CENTRAL,EXECUTIVE,116.18,6,1095000.0
2023-03,CENTRAL,EXECUTIVE,115.58,9,1038000.0
2023-04,CENTRAL,EXECUTIVE,113.55,15,1020000.0
2023-05,CENTRAL,EXECUTIVE,116.4,11,992288.0
2023-06,CENTRAL,EXECUTIVE,120.66,5,1050000.0
2023-07,CENTRAL,EXECUTIVE,115.56,11,1035000.0
2023-08,CENTRAL,EXECUTIVE,119.9,10,1105000.0
2023-09,CENTRAL,EXECUTIVE,118.49,12,1017500.0
2023-10,CENTRAL,EXECUTIVE,113.5,9,1000000.0
2023-11,CENTRAL,EXECUTIVE,116.9,9,1030000.0
2023-12,CENTRAL,EXECUTIVE,117.78,7,1028000.0
2024-01,CENTRAL,EXECUTIVE,123.11,17,1200000.0
2024-02,CENTRAL,EXECUTIVE,125.71,6,1135000.0
2024-03,CENTRAL,EXECUTIVE,119.21,6,972500.0
2024-04,CENTRAL,EXECUTIVE,123.35,11,1212000.0
2024-05,CENTRAL,EXECUTIVE,123.58,13,1000888.0
2024-06,CENTRAL,EXECUTIVE,122.59,10,1034444.0
2024-07,CENTRAL,EXECUTIVE,126.46,9,1190000.0
2024-08,CENTRAL,EXECUTIVE,130.29,13,1188888.0
2024-09,CENTRAL,EXECUTIVE,126.74,6,1127500.0
2024-10,CENTRAL,EXECUTIVE,128.95,10,1219000.0
2024-11,CENTRAL,EXECUTIVE,125.95,4,1130000.0
2024-12,CENTRAL,EXECUTIVE,134.98,4,1075000.0
2025-01,CENTRAL,EXECUTIVE,125.41,6,1115000.0
2025-02,CENTRAL,EXECUTIVE,129.93,7,1170000.0
2025-03,CENTRAL,EXECUTIVE,128.46,6,1131500.0
2025-04,CENTRAL,EXECUTIVE,133.5,7,1250000.0
2025-05,CENTRAL,EXECUTIVE,133.38,16,1209000.0
2025-06,CENTRAL,EXECUTIVE,130.81,9,1150000.0
2025-07,CENTRAL,EXECUTIVE,130.05,13,1100000.0
2025-08,CENTRAL,EXECUTIVE,136.12,9,1250000.0
2025-09,CENTRAL,EXECUTIVE,130.82,8,1190000.0
2025-10,CENTRAL,EXECUTIVE,149.45,4,1413444.0
2025-11,CENTRAL,EXECUTIVE,131.62,8,1200000.0
2025-12,CENTRAL,EXECUTIVE,135.11,8,1284000.0
2026-01,CENTRAL,EXECUTIVE,127.33,8,1149000.0
2026-02,CENTRAL,EXECUTIVE,120.86,4,1169000.0
2026-03,CENTRAL,EXECUTIVE,130.52,7,1225000.0
2026-04,CENTRAL,EXECUTIVE,139.41,4,1254000.0
2026-05,CENTRAL,EXECUTIVE,127.27,7,1050000.0
2026-06,CENTRAL,EXECUTIVE,129.89,14,1194000.0
2026-07,CENTRAL,EXECUTIVE,128.96,6,1084444.0
2026-08,CENTRAL,EXECUTIVE,137.46,14,1270000.0
2026-09,CENTRAL,EXECUTIVE,132.02,19,1200000.0
2017-01,ALL,2 ROOM,100.0,18,239000.0
2017-02,ALL,2 ROOM,100.56,15,238000.0
2017-03,ALL,2 ROOM,99.53,16,255500.0
2017-04,ALL,2 ROOM,98.44,19,235000.0
2017-05,ALL,2 ROOM,99.45,18,249000.0
2017-06,ALL,2 ROOM,99.7,24,242000.0
2017-07,ALL,2 ROOM,99.74,24,240000.0
2017-08,ALL,2 ROOM,99.3,22,237500.0
2017-09,ALL,2 ROOM,97.4,14,237500.0
2017-10,ALL,2 ROOM,97.17,9,225000.0
2017-11,ALL,2 ROOM,95.9,24,220999.0
2017-12,ALL,2 ROOM,95.7,15,250000.0
2018-01,ALL,2 ROOM,94.37,15,230000.0
2018-02,ALL,2 ROOM,94.09,14,225434.0
2018-03,ALL,2 ROOM,95.58,23,235000.0
2018-04,ALL,2 ROOM,94.66,21,228000.0
2018-05,ALL,2 ROOM,93.15,23,228000.0
2018-06,ALL,2 ROOM,96.67,31,240000.0
2018-07,ALL,2 ROOM,95.37,30,238500.0
2018-08,ALL,2 ROOM,92.75,34,230000.0
2018-09,ALL,2 ROOM,91.56,23,230000.0
2018-10,ALL,2 ROOM,92.63,22,235000.0
2018-11,ALL,2 ROOM,90.83,29,218000.0
2018-12,ALL,2 ROOM,91.18,20,220000.0
2019-01,ALL,2 ROOM,91.88,18,236000.0
2019-02,ALL,2 ROOM,90.49,25,225000.0
2019-03,ALL,2 ROOM,91.88,29,220000.0
2019-04,ALL,2 ROOM,92.82,26,232500.0
2019-05,ALL,2 ROOM,89.28,31,228000.0
2019-06,ALL,2 ROOM,90.5,30,225000.0
2019-07,ALL,2 ROOM,90.27,47,227000.0
2019-08,ALL,2 ROOM,88.45,42,225000.0
2019-09,ALL,2 ROOM,88.64,41,225000.0
2019-10,ALL,2 ROOM,89.76,42,225500.0
2019-11,ALL,2 ROOM,89.32,43,220000.0
2019-12,ALL,2 ROOM,87.96,34,225500.0
2020-01,ALL,2 ROOM,88.75,34,225750.0
2020-02,ALL,2 ROOM,89.64,38,231000.0
2020-03,ALL,2 ROOM,89.07,50,234500.0
2020-04,ALL,2 ROOM,85.97,4,237500.0
2020-05,ALL,2 ROOM,91.81,8,214000.0
2020-06,ALL,2 ROOM,89.7,45,228000.0
2020-07,ALL,2 ROOM,90.18,62,225000.0
2020-08,ALL,2 ROOM,91.61,42,221500.0
2020-09,ALL,2 ROOM,92.68,38,233500.0
2020-10,ALL,2 ROOM,95.68,39,235000.0
2020-11,ALL,2 ROOM,97.0,27,239800.0
2020-12,ALL,2 ROOM,99.01,30,241000.0
2021-01,ALL,2 ROOM,99.92,38,245000.0
2021-02,ALL,2 ROOM,100.13,32,259000.0
2021-03,ALL,2 ROOM,101.56,28,257000.0
2021-04,ALL,2 ROOM,103.54,35,250000.0
2021-05,ALL,2 ROOM,103.92,26,267500.0
2021-06,ALL,2 ROOM,103.66,29,243000.0
2021-07,ALL,2 ROOM,104.07,31,256000.0
2021-08,ALL,2 ROOM,106.87,28,270000.0
2021-09,ALL,2 ROOM,107.96,41,270000.0
2021-10,ALL,2 ROOM,109.77,29,272000.0
2021-11,ALL,2 ROOM,111.97,33,280000.0
2021-12,ALL,2 ROOM,110.95,33,280000.0
2022-01,ALL,2 ROOM,112.15,36,280000.0
2022-02,ALL,2 ROOM,112.04,32,283750.0
2022-03,ALL,2 ROOM,115.15,32,280000.0
2022-04,ALL,2 ROOM,116.75,31,285000.0
2022-05,ALL,2 ROOM,118.14,32,286500.0
2022-06,ALL,2 ROOM,118.96,37,298000.0
2022-07,ALL,2 ROOM,120.75,34,302500.0
2022-08,ALL,2 ROOM,119.43,47,298000.0
2022-09,ALL,2 ROOM,121.89,48,307500.0
2022-10,ALL,2 ROOM,122.24,30,316500.0
2022-11,ALL,2 ROOM,123.81,44,310000.0
2022-12,ALL,2 ROOM,124.64,53,305888.0
2023-01,ALL,2 ROOM,125.63,68,321500.0
2023-02,ALL,2 ROOM,123.87,53,318888.0
2023-03,ALL,2 ROOM,126.97,56,315000.0
2023-04,ALL,2 ROOM,127.8,50,322444.0
2023-05,ALL,2 ROOM,127.47,48,319000.0
2023-06,ALL,2 ROOM,127.48,48,330000.0
2023-07,ALL,2 ROOM,128.35,47,325000.0
2023-08,ALL,2 ROOM,128.19,74,322000.0
2023-09,ALL,2 ROOM,125.88,61,323000.0
2023-10,ALL,2 ROOM,126.97,63,320000.0
2023-11,ALL,2 ROOM,129.01,54,326500.0
2023-12,ALL,2 ROOM,131.18,65,333000.0
2024-01,ALL,2 ROOM,128.89,79,330000.0
2024-02,ALL,2 ROOM,132.89,63,335000.0
2024-03,ALL,2 ROOM,132.43,59,335000.0
2024-04,ALL,2 ROOM,131.88,75,335288.0
2024-05,ALL,2 ROOM,132.54,61,330000.0
2024-06,ALL,2 ROOM,136.2,77,338888.0
2024-07,ALL,2 ROOM,135.36,87,340000.0
2024-08,ALL,2 ROOM,136.3,76,350000.0
2024-09,ALL,2 ROOM,139.6,60,353500.0
2024-10,ALL,2 ROOM,139.16,50,352500.0
2024-11,ALL,2 ROOM,139.91,51,355000.0
2024-12,ALL,2 ROOM,143.51,60,356944.0
2025-01,ALL,2 ROOM,140.91,68,358944.0
2025-02,ALL,2 ROOM,141.55,81,360000.0
2025-03,ALL,2 ROOM,143.84,61,370000.0
2025-04,ALL,2 ROOM,143.56,81,360000.0
2025-05,ALL,2 ROOM,144.05,67,360000.0
2025-06,ALL,2 ROOM,146.2,92,370000.0
2025-07,ALL,2 ROOM,147.07,89,375000.0
2025-08,ALL,2 ROOM,147.33,65,375000.0
2025-09,ALL,2 ROOM,147.07,62,379500.0
2025-10,ALL,2 ROOM,146.98,46,360000.0
2025-11,ALL,2 ROOM,145.82,58,365000.0
2025-12,ALL,2 ROOM,147.88,61,380000.0
2026-01,ALL,2 ROOM,148.22,71,372000.0
2026-02,ALL,2 ROOM,147.5,51,376000.0
2026-03,ALL,2 ROOM,147.68,66,370000.0
2026-04,ALL,2 ROOM,146.91,51,378000.0
2026-05,ALL,2 ROOM,147.31,65,380000.0
2026-06,ALL,2 ROOM,147.89,76,378000.0
2026-07,ALL,2 ROOM,147.54,85,372000.0
2026-08,ALL,2 ROOM,146.68,57,368000.0
2026-09,ALL,2 ROOM,147.65,66,365000.0
2017-01,ALL,3 ROOM,100.0,331,305000.0
2017-02,ALL,3 ROOM,99.18,262,305000.0
2017-03,ALL,3 ROOM,99.33,489,305500.0
2017-04,ALL,3 ROOM,98.76,462,305000.0
2017-05,ALL,3 ROOM,98.8,502,304000.0
2017-06,ALL,3 ROOM,99.25,416,308000.0
2017-07,ALL,3 ROOM,98.45,433,300000.0
2017-08,ALL,3 ROOM,97.71,480,299444.0
2017-09,ALL,3 ROOM,97.56,357,300000.0
2017-10,ALL,3 ROOM,98.1,457,300000.0
2017-11,ALL,3 ROOM,97.85,482,298000.0
2017-12,ALL,3 ROOM,97.14,357,291000.0
2018-01,ALL,3 ROOM,96.85,260,295000.0
2018-02,ALL,3 ROOM,95.9,274,288500.0
2018-03,ALL,3 ROOM,95.75,407,295000.0
2018-04,ALL,3 ROOM,96.05,437,293500.0
2018-05,ALL,3 ROOM,94.99,385,293000.0
2018-06,ALL,3 ROOM,96.31,471,293000.0
2018-07,ALL,3 ROOM,95.66,581,293000.0
2018-08,ALL,3 ROOM,94.44,490,290000.0
2018-09,ALL,3 ROOM,94.04,489,285000.0
2018-10,ALL,3 ROOM,94.7,504,290000.0
2018-11,ALL,3 ROOM,94.55,451,288000.0
2018-12,ALL,3 ROOM,94.42,356,285000.0
2019-01,ALL,3 ROOM,93.35,392,285000.0
2019-02,ALL,3 ROOM,93.93,330,283000.0
2019-03,ALL,3 ROOM,93.95,405,280000.0
2019-04,ALL,3 ROOM,92.69,452,280000.0
2019-05,ALL,3 ROOM,93.12,491,280000.0
2019-06,ALL,3 ROOM,93.11,450,280000.0
2019-07,ALL,3 ROOM,93.27,500,280500.0
2019-08,ALL,3 ROOM,93.71,440,288000.0
2019-09,ALL,3 ROOM,92.79,466,280000.0
2019-10,ALL,3 ROOM,92.83,560,285000.0
2019-11,ALL,3 ROOM,93.71,446,285000.0
2019-12,ALL,3 ROOM,93.28,474,285000.0
2020-01,ALL,3 ROOM,93.34,449,288000.0
2020-02,ALL,3 ROOM,93.58,366,290000.0
2020-03,ALL,3 ROOM,93.33,458,280000.0
2020-04,ALL,3 ROOM,91.33,95,278000.0
2020-05,ALL,3 ROOM,92.36,84,281000.0
2020-06,ALL,3 ROOM,93.62,638,285000.0
2020-07,ALL,3 ROOM,94.05,610,283750.0
2020-08,ALL,3 ROOM,95.89,558,292000.0
2020-09,ALL,3 ROOM,96.82,541,295000.0
2020-10,ALL,3 ROOM,98.95,498,308000.0
2020-11,ALL,3 ROOM,100.05,506,310000.0
2020-12,ALL,3 ROOM,100.66,540,301500.0
2021-01,ALL,3 ROOM,102.39,531,317000.0
2021-02,ALL,3 ROOM,103.29,463,320000.0
2021-03,ALL,3 ROOM,105.11,558,320000.0
2021-04,ALL,3 ROOM,105.18,458,325000.0
2021-05,ALL,3 ROOM,107.74,405,334000.0
2021-06,ALL,3 ROOM,108.01,467,328000.0
2021-07,ALL,3 ROOM,109.21,577,330000.0
2021-08,ALL,3 ROOM,110.94,575,338000.0
2021-09,ALL,3 ROOM,111.81,532,340000.0
2021-10,ALL,3 ROOM,113.06,587,345000.0
2021-11,ALL,3 ROOM,115.1,546,350000.0
2021-12,ALL,3 ROOM,116.12,534,350000.0
2022-01,ALL,3 ROOM,116.77,584,360000.0
2022-02,ALL,3 ROOM,116.72,433,350000.0
2022-03,ALL,3 ROOM,119.14,544,360000.0
2022-04,ALL,3 ROOM,120.94,492,360000.0
2022-05,ALL,3 ROOM,120.35,524,370000.0
2022-06,ALL,3 ROOM,122.25,471,369000.0
2022-07,ALL,3 ROOM,123.32,550,368000.0
2022-08,ALL,3 ROOM,123.54,566,370000.0
2022-09,ALL,3 ROOM,124.99,594,370000.0
2022-10,ALL,3 ROOM,125.44,457,380000.0
2022-11,ALL,3 ROOM,126.58,531,385000.0
2022-12,ALL,3 ROOM,127.06,562,380000.0
2023-01,ALL,3 ROOM,127.91,672,390000.0
2023-02,ALL,3 ROOM,128.35,488,382694.0
2023-03,ALL,3 ROOM,128.8,578,390000.0
2023-04,ALL,3 ROOM,128.97,489,388888.0
2023-05,ALL,3 ROOM,130.4,539,384000.0
2023-06,ALL,3 ROOM,131.37,419,392000.0
2023-07,ALL,3 ROOM,131.73,475,395000.0
2023-08,ALL,3 ROOM,131.63,626,390000.0
2023-09,ALL,3 ROOM,132.16,489,390000.0
2023-10,ALL,3 ROOM,131.99,534,390000.0
2023-11,ALL,3 ROOM,132.03,527,400000.0
2023-12,ALL,3 ROOM,132.86,501,395000.0
2024-01,ALL,3 ROOM,134.29,612,400000.0
2024-02,ALL,3 ROOM,135.07,526,405000.0
2024-03,ALL,3 ROOM,136.27,487,405000.0
2024-04,ALL,3 ROOM,137.39,583,410000.0
2024-05,ALL,3 ROOM,138.75,645,405000.0
2024-06,ALL,3 ROOM,140.59,519,418000.0
2024-07,ALL,3 ROOM,141.3,732,420000.0
2024-08,ALL,3 ROOM,141.99,617,420000.0
2024-09,ALL,3 ROOM,145.71,551,425000.0
2024-10,ALL,3 ROOM,146.38,560,425000.0
2024-11,ALL,3 ROOM,148.41,432,429444.0
2024-12,ALL,3 ROOM,148.36,512,433444.0
2025-01,ALL,3 ROOM,149.04,570,438888.0
2025-02,ALL,3 ROOM,151.29,535,441000.0
2025-03,ALL,3 ROOM,150.8,489,440000.0
2025-04,ALL,3 ROOM,151.8,569,445000.0
2025-05,ALL,3 ROOM,152.43,538,450000.0
2025-06,ALL,3 ROOM,152.02,566,450000.0
2025-07,ALL,3 ROOM,152.1,592,460000.0
2025-08,ALL,3 ROOM,153.17,554,447444.0
2025-09,ALL,3 ROOM,152.4,473,438888.0
2025-10,ALL,3 ROOM,153.7,343,445000.0
2025-11,ALL,3 ROOM,153.89,427,450000.0
2025-12,ALL,3 ROOM,153.3,486,440000.0
2026-01,ALL,3 ROOM,152.65,547,450000.0
2026-02,ALL,3 ROOM,151.9,392,435000.0
2026-03,ALL,3 ROOM,151.8,493,445000.0
2026-04,ALL,3 ROOM,151.01,480,443000.0
2026-05,ALL,3 ROOM,151.03,504,436900.0
2026-06,ALL,3 ROOM,151.12,504,445000.0
2026-07,ALL,3 ROOM,151.33,572,430281.5
2026-08,ALL,3 ROOM,150.82,557,440000.0
2026-09,ALL,3 ROOM,150.59,447,430000.0
2017-01,ALL,4 ROOM,100.0,500,410000.0
2017-02,ALL,4 ROOM,99.41,430,408000.0
2017-03,ALL,4 ROOM,99.71,795,418000.0
2017-04,ALL,4 ROOM,99.33,804,400000.0
2017-05,ALL,4 ROOM,99.94,825,408000.0
2017-06,ALL,4 ROOM,99.13,737,408000.0
2017-07,ALL,4 ROOM,98.59,764,400004.0
2017-08,ALL,4 ROOM,99.05,794,414000.0
2017-09,ALL,4 ROOM,98.71,748,410000.0
2017-10,ALL,4 ROOM,98.6,739,400000.0
2017-11,ALL,4 ROOM,99.18,825,407000.0
2017-12,ALL,4 ROOM,98.15,643,405000.0
2018-01,ALL,4 ROOM,98.65,427,410000.0
2018-02,ALL,4 ROOM,97.37,494,400000.0
2018-03,ALL,4 ROOM,98.11,763,410000.0
2018-04,ALL,4 ROOM,98.26,734,405000.0
2018-05,ALL,4 ROOM,97.94,695,400000.0
2018-06,ALL,4 ROOM,97.88,779,405000.0
2018-07,ALL,4 ROOM,97.71,1008,405000.0
2018-08,ALL,4 ROOM,97.72,840,400000.0
2018-09,ALL,4 ROOM,98.16,798,400000.0
2018-10,ALL,4 ROOM,97.94,839,396000.0
2018-11,ALL,4 ROOM,97.64,794,395000.0
2018-12,ALL,4 ROOM,97.67,597,395000.0
2019-01,ALL,4 ROOM,97.97,650,395000.0
2019-02,ALL,4 ROOM,97.61,543,393888.0
2019-03,ALL,4 ROOM,97.87,701,400000.0
2019-04,ALL,4 ROOM,97.94,828,398500.0
2019-05,ALL,4 ROOM,97.72,865,395000.0
2019-06,ALL,4 ROOM,98.24,791,400000.0
2019-07,ALL,4 ROOM,98.36,848,400000.0
2019-08,ALL,4 ROOM,98.24,804,400000.0
2019-09,ALL,4 ROOM,98.65,719,397000.0
2019-10,ALL,4 ROOM,98.21,900,400000.0
2019-11,ALL,4 ROOM,99.14,814,405000.0
2019-12,ALL,4 ROOM,99.07,765,405000.0
2020-01,ALL,4 ROOM,98.26,824,395000.0
2020-02,ALL,4 ROOM,98.82,736,400000.0
2020-03,ALL,4 ROOM,99.27,815,410000.0
2020-04,ALL,4 ROOM,99.16,174,410000.0
2020-05,ALL,4 ROOM,99.35,129,422000.0
2020-06,ALL,4 ROOM,99.32,982,409000.0
2020-07,ALL,4 ROOM,99.8,985,410000.0
2020-08,ALL,4 ROOM,100.86,974,418000.0
2020-09,ALL,4 ROOM,102.14,1054,420000.0
2020-10,ALL,4 ROOM,103.7,1007,436000.0
2020-11,ALL,4 ROOM,103.97,972,430000.0
2020-12,ALL,4 ROOM,105.24,994,440000.0
2021-01,ALL,4 ROOM,106.29,1046,448000.0
2021-02,ALL,4 ROOM,106.9,876,448000.0
2021-03,ALL,4 ROOM,107.92,1061,455000.0
2021-04,ALL,4 ROOM,109.37,1031,460000.0
2021-05,ALL,4 ROOM,110.12,854,470000.0
2021-06,ALL,4 ROOM,111.44,985,470000.0
2021-07,ALL,4 ROOM,112.49,1098,468000.0
2021-08,ALL,4 ROOM,113.87,1175,475000.0
2021-09,ALL,4 ROOM,114.98,1077,480000.0
2021-10,ALL,4 ROOM,116.84,1009,488000.0
2021-11,ALL,4 ROOM,117.78,1081,488000.0
2021-12,ALL,4 ROOM,118.61,1051,490000.0
2022-01,ALL,4 ROOM,119.84,1023,490000.0
2022-02,ALL,4 ROOM,120.36,814,485000.0
2022-03,ALL,4 ROOM,120.98,956,500000.0
2022-04,ALL,4 ROOM,122.45,987,503000.0
2022-05,ALL,4 ROOM,124.16,914,510044.0
2022-06,ALL,4 ROOM,124.96,893,510000.0
2022-07,ALL,4 ROOM,126.0,990,520000.0
2022-08,ALL,4 ROOM,127.08,952,515000.0
2022-09,ALL,4 ROOM,128.05,1061,523888.0
2022-10,ALL,4 ROOM,130.05,823,530000.0
2022-11,ALL,4 ROOM,130.15,898,530000.0
2022-12,ALL,4 ROOM,131.17,995,530000.0
2023-01,ALL,4 ROOM,131.7,1074,530000.0
2023-02,ALL,4 ROOM,131.7,770,535000.0
2023-03,ALL,4 ROOM,132.33,996,544400.0
2023-04,ALL,4 ROOM,133.34,1002,540000.0
2023-05,ALL,4 ROOM,134.45,1016,550000.0
2023-06,ALL,4 ROOM,135.28,848,545000.0
2023-07,ALL,4 ROOM,135.81,906,550000.0
2023-08,ALL,4 ROOM,136.43,1067,558888.0
2023-09,ALL,4 ROOM,136.31,870,555000.0
2023-10,ALL,4 ROOM,136.92,1006,558000.0
2023-11,ALL,4 ROOM,137.66,939,560000.0
2023-12,ALL,4 ROOM,138.8,861,563000.0
2024-01,ALL,4 ROOM,139.52,1159,565000.0
2024-02,ALL,4 ROOM,140.5,901,570000.0
2024-03,ALL,4 ROOM,140.84,864,570000.0
2024-04,ALL,4 ROOM,142.31,1036,569444.0
2024-05,ALL,4 ROOM,143.42,1050,580000.0
2024-06,ALL,4 ROOM,144.93,920,590000.0
2024-07,ALL,4 ROOM,146.69,1357,600000.0
2024-08,ALL,4 ROOM,147.57,1091,595000.0
2024-09,ALL,4 ROOM,149.63,925,610000.0
2024-10,ALL,4 ROOM,150.63,894,618944.0
2024-11,ALL,4 ROOM,152.09,844,603500.0
2024-12,ALL,4 ROOM,153.18,947,620000.0
2025-01,ALL,4 ROOM,153.4,1024,618000.0
2025-02,ALL,4 ROOM,153.87,863,623800.0
2025-03,ALL,4 ROOM,154.92,812,628000.0
2025-04,ALL,4 ROOM,155.86,997,630888.0
2025-05,ALL,4 ROOM,156.36,990,630000.0
2025-06,ALL,4 ROOM,156.69,935,635000.0
2025-07,ALL,4 ROOM,156.42,1124,625000.0
2025-08,ALL,4 ROOM,156.29,969,627000.0
2025-09,ALL,4 ROOM,156.58,964,640000.0
2025-10,ALL,4 ROOM,156.4,584,625000.0
2025-11,ALL,4 ROOM,156.4,731,625888.0
2025-12,ALL,4 ROOM,155.72,849,631000.0
2026-01,ALL,4 ROOM,155.81,1061,625000.0
2026-02,ALL,4 ROOM,156.61,725,620000.0
2026-03,ALL,4 ROOM,156.43,890,633500.0
2026-04,ALL,4 ROOM,155.94,841,638000.0
2026-05,ALL,4 ROOM,155.75,948,630000.0
2026-06,ALL,4 ROOM,155.66,914,620944.0
2026-07,ALL,4 ROOM,155.37,1155,625000.0
2026-08,ALL,4 ROOM,155.76,1155,628000.0
2026-09,ALL,4 ROOM,155.96,960,628000.0
2017-01,ALL,5 ROOM,100.0,256,476944.0
2017-02,ALL,5 ROOM,99.84,274,483500.0
2017-03,ALL,5 ROOM,99.65,453,477000.0
2017-04,ALL,5 ROOM,100.38,426,486444.0
2017-05,ALL,5 ROOM,100.12,488,480000.0
2017-06,ALL,5 ROOM,99.2,414,468000.0
2017-07,ALL,5 ROOM,99.88,418,468000.0
2017-08,ALL,5 ROOM,99.38,509,475000.0
2017-09,ALL,5 ROOM,99.64,430,474500.0
2017-10,ALL,5 ROOM,99.69,418,480000.0
2017-11,ALL,5 ROOM,100.29,491,485000.0
2017-12,ALL,5 ROOM,100.24,425,475000.0
2018-01,ALL,5 ROOM,99.27,264,485000.0
2018-02,ALL,5 ROOM,99.98,286,490000.0
2018-03,ALL,5 ROOM,99.93,497,485000.0
2018-04,ALL,5 ROOM,100.14,466,480000.0
2018-05,ALL,5 ROOM,100.61,462,480000.0
2018-06,ALL,5 ROOM,100.17,534,475000.0
2018-07,ALL,5 ROOM,100.21,675,471000.0
2018-08,ALL,5 ROOM,100.39,525,480000.0
2018-09,ALL,5 ROOM,99.13,499,460000.0
2018-10,ALL,5 ROOM,100.6,484,470000.0
2018-11,ALL,5 ROOM,100.4,443,465000.0
2018-12,ALL,5 ROOM,100.96,352,477444.0
2019-01,ALL,5 ROOM,100.31,366,470000.0
2019-02,ALL,5 ROOM,101.13,312,475000.0
2019-03,ALL,5 ROOM,100.71,401,488000.0
2019-04,ALL,5 ROOM,101.42,464,499000.0
2019-05,ALL,5 ROOM,100.93,506,475000.0
2019-06,ALL,5 ROOM,101.33,472,476500.0
2019-07,ALL,5 ROOM,101.24,556,484000.0
2019-08,ALL,5 ROOM,101.59,452,480000.0
2019-09,ALL,5 ROOM,101.79,459,480000.0
2019-10,ALL,5 ROOM,102.24,535,488000.0
2019-11,ALL,5 ROOM,101.91,473,490000.0
2019-12,ALL,5 ROOM,102.25,431,485000.0
2020-01,ALL,5 ROOM,101.48,469,493000.0
2020-02,ALL,5 ROOM,102.97,407,505000.0
2020-03,ALL,5 ROOM,102.33,473,500000.0
2020-04,ALL,5 ROOM,102.6,113,502000.0
2020-05,ALL,5 ROOM,102.77,106,505000.0
2020-06,ALL,5 ROOM,102.19,588,488000.0
2020-07,ALL,5 ROOM,103.0,599,508000.0
2020-08,ALL,5 ROOM,103.67,631,490000.0
2020-09,ALL,5 ROOM,105.65,643,510000.0
2020-10,ALL,5 ROOM,106.43,640,515000.0
2020-11,ALL,5 ROOM,107.16,618,525000.0
2020-12,ALL,5 ROOM,108.25,697,530000.0
2021-01,ALL,5 ROOM,109.43,651,535000.0
2021-02,ALL,5 ROOM,111.21,619,555000.0
2021-03,ALL,5 ROOM,111.83,621,548000.0
2021-04,ALL,5 ROOM,112.44,627,555000.0
2021-05,ALL,5 ROOM,114.12,524,560000.0
2021-06,ALL,5 ROOM,115.31,623,568000.0
2021-07,ALL,5 ROOM,116.41,737,575000.0
2021-08,ALL,5 ROOM,117.98,748,570000.0
2021-09,ALL,5 ROOM,118.09,670,575000.0
2021-10,ALL,5 ROOM,119.38,679,580000.0
2021-11,ALL,5 ROOM,120.82,681,590000.0
2021-12,ALL,5 ROOM,122.45,624,588000.0
2022-01,ALL,5 ROOM,123.12,630,588444.0
2022-02,ALL,5 ROOM,125.23,475,608000.0
2022-03,ALL,5 ROOM,124.8,557,600000.0
2022-04,ALL,5 ROOM,126.76,583,610000.0
2022-05,ALL,5 ROOM,127.24,543,608000.0
2022-06,ALL,5 ROOM,128.79,576,615000.0
2022-07,ALL,5 ROOM,129.93,588,630750.0
2022-08,ALL,5 ROOM,130.12,576,628000.0
2022-09,ALL,5 ROOM,133.05,689,633000.0
2022-10,ALL,5 ROOM,132.86,507,636000.0
2022-11,ALL,5 ROOM,133.96,498,635000.0
2022-12,ALL,5 ROOM,134.95,490,625000.0
2023-01,ALL,5 ROOM,134.96,586,640000.0
2023-02,ALL,5 ROOM,134.59,407,635000.0
2023-03,ALL,5 ROOM,135.35,510,640000.0
2023-04,ALL,5 ROOM,136.67,493,650000.0
2023-05,ALL,5 ROOM,137.1,534,651000.0
2023-06,ALL,5 ROOM,137.81,439,650000.0
2023-07,ALL,5 ROOM,138.94,499,655000.0
2023-08,ALL,5 ROOM,138.75,546,650000.0
2023-09,ALL,5 ROOM,139.3,440,650000.0
2023-10,ALL,5 ROOM,139.28,464,648444.0
2023-11,ALL,5 ROOM,140.05,458,655000.0
2023-12,ALL,5 ROOM,141.42,454,660000.0
2024-01,ALL,5 ROOM,143.14,606,680000.0
2024-02,ALL,5 ROOM,142.7,492,650000.0
2024-03,ALL,5 ROOM,144.0,503,668888.0
2024-04,ALL,5 ROOM,145.18,538,669444.0
2024-05,ALL,5 ROOM,146.89,555,683000.0
2024-06,ALL,5 ROOM,148.89,507,695000.0
2024-07,ALL,5 ROOM,148.53,693,690000.0
2024-08,ALL,5 ROOM,149.77,615,690000.0
2024-09,ALL,5 ROOM,151.48,523,700800.0
2024-10,ALL,5 ROOM,152.85,491,705000.0
2024-11,ALL,5 ROOM,153.3,472,718000.0
2024-12,ALL,5 ROOM,154.14,461,720000.0
2025-01,ALL,5 ROOM,155.2,525,715888.0
2025-02,ALL,5 ROOM,155.8,480,728000.0
2025-03,ALL,5 ROOM,156.07,431,735000.0
2025-04,ALL,5 ROOM,156.55,508,741500.0
2025-05,ALL,5 ROOM,157.51,535,738888.0
2025-06,ALL,5 ROOM,157.82,520,727444.0
2025-07,ALL,5 ROOM,157.91,583,740000.0
2025-08,ALL,5 ROOM,158.57,490,735000.0
2025-09,ALL,5 ROOM,158.33,532,749444.0
2025-10,ALL,5 ROOM,159.03,304,740000.0
2025-11,ALL,5 ROOM,158.88,357,748000.0
2025-12,ALL,5 ROOM,158.86,513,738000.0
2026-01,ALL,5 ROOM,160.01,505,745000.0
2026-02,ALL,5 ROOM,158.66,385,750000.0
2026-03,ALL,5 ROOM,158.39,485,750000.0
2026-04,ALL,5 ROOM,157.35,437,735000.0
2026-05,ALL,5 ROOM,157.97,484,740000.0
2026-06,ALL,5 ROOM,158.94,497,738000.0
2026-07,ALL,5 ROOM,157.42,675,730000.0
2026-08,ALL,5 ROOM,158.55,578,740000.0
2026-09,ALL,5 ROOM,159.12,567,758888.0
2017-01,ALL,EXECUTIVE,100.0,79,600000.0
2017-02,ALL,EXECUTIVE,97.65,104,587000.0
2017-03,ALL,EXECUTIVE,99.42,145,600000.0
2017-04,ALL,EXECUTIVE,98.71,127,592000.0
2017-05,ALL,EXECUTIVE,98.63,144,587500.0
2017-06,ALL,EXECUTIVE,100.33,154,610000.0
2017-07,ALL,EXECUTIVE,100.62,139,605000.0
2017-08,ALL,EXECUTIVE,100.37,152,620000.0
2017-09,ALL,EXECUTIVE,99.1,126,611500.0
2017-10,ALL,EXECUTIVE,98.26,159,590000.0
2017-11,ALL,EXECUTIVE,98.14,153,605000.0
2017-12,ALL,EXECUTIVE,100.02,142,603500.0
2018-01,ALL,EXECUTIVE,100.42,105,628000.0
2018-02,ALL,EXECUTIVE,99.64,113,605000.0
2018-03,ALL,EXECUTIVE,98.68,191,585000.0
2018-04,ALL,EXECUTIVE,98.5,178,610000.0
2018-05,ALL,EXECUTIVE,100.42,172,628000.0
2018-06,ALL,EXECUTIVE,99.48,154,590000.0
2018-07,ALL,EXECUTIVE,100.16,242,615000.0
2018-08,ALL,EXECUTIVE,102.0,172,630000.0
2018-09,ALL,EXECUTIVE,100.78,173,618000.0
2018-10,ALL,EXECUTIVE,98.08,134,606500.0
2018-11,ALL,EXECUTIVE,101.13,145,620000.0
2018-12,ALL,EXECUTIVE,98.38,97,600000.0
2019-01,ALL,EXECUTIVE,99.5,122,600000.0
2019-02,ALL,EXECUTIVE,100.2,91,600000.0
2019-03,ALL,EXECUTIVE,100.38,111,600888.0
2019-04,ALL,EXECUTIVE,98.61,141,585000.0
2019-05,ALL,EXECUTIVE,98.24,168,593500.0
2019-06,ALL,EXECUTIVE,99.36,136,585000.0
2019-07,ALL,EXECUTIVE,100.21,158,597500.0
2019-08,ALL,EXECUTIVE,98.29,160,571900.0
2019-09,ALL,EXECUTIVE,98.63,142,605500.0
2019-10,ALL,EXECUTIVE,99.26,167,602888.0
2019-11,ALL,EXECUTIVE,100.64,130,612000.0
2019-12,ALL,EXECUTIVE,101.31,143,590000.0
2020-01,ALL,EXECUTIVE,99.71,131,590000.0
2020-02,ALL,EXECUTIVE,101.19,113,606500.0
2020-03,ALL,EXECUTIVE,100.48,139,612000.0
2020-04,ALL,EXECUTIVE,97.75,38,587500.0
2020-05,ALL,EXECUTIVE,96.85,34,575000.0
2020-06,ALL,EXECUTIVE,99.22,182,581500.0
2020-07,ALL,EXECUTIVE,100.15,193,580000.0
2020-08,ALL,EXECUTIVE,101.24,215,615000.0
2020-09,ALL,EXECUTIVE,102.39,197,620000.0
2020-10,ALL,EXECUTIVE,104.11,232,632500.0
2020-11,ALL,EXECUTIVE,105.17,190,630000.0
2020-12,ALL,EXECUTIVE,105.54,218,650000.0
2021-01,ALL,EXECUTIVE,107.04,222,655000.0
2021-02,ALL,EXECUTIVE,107.37,162,660444.0
2021-03,ALL,EXECUTIVE,109.18,170,674000.0
2021-04,ALL,EXECUTIVE,110.84,175,690000.0
2021-05,ALL,EXECUTIVE,112.37,143,660000.0
2021-06,ALL,EXECUTIVE,112.99,191,685000.0
2021-07,ALL,EXECUTIVE,112.42,208,676500.0
2021-08,ALL,EXECUTIVE,114.97,210,690000.0
2021-09,ALL,EXECUTIVE,116.39,192,718000.0
2021-10,ALL,EXECUTIVE,117.65,190,700000.0
2021-11,ALL,EXECUTIVE,117.96,219,710000.0
2021-12,ALL,EXECUTIVE,120.08,177,720000.0
2022-01,ALL,EXECUTIVE,120.77,167,720000.0
2022-02,ALL,EXECUTIVE,122.13,136,777000.0
2022-03,ALL,EXECUTIVE,122.48,168,718444.0
2022-04,ALL,EXECUTIVE,123.74,169,740000.0
2022-05,ALL,EXECUTIVE,125.14,135,745000.0
2022-06,ALL,EXECUTIVE,125.54,156,755000.0
2022-07,ALL,EXECUTIVE,127.43,191,780000.0
2022-08,ALL,EXECUTIVE,127.43,164,780000.0
2022-09,ALL,EXECUTIVE,130.35,181,798000.0
2022-10,ALL,EXECUTIVE,130.16,134,758000.0
2022-11,ALL,EXECUTIVE,131.84,152,779000.0
2022-12,ALL,EXECUTIVE,130.84,132,789000.0
2023-01,ALL,EXECUTIVE,131.93,148,780000.0
2023-02,ALL,EXECUTIVE,132.79,116,797500.0
2023-03,ALL,EXECUTIVE,133.64,133,809000.0
2023-04,ALL,EXECUTIVE,133.66,140,819000.0
2023-05,ALL,EXECUTIVE,136.66,106,822500.0
2023-06,ALL,EXECUTIVE,136.68,97,808000.0
2023-07,ALL,EXECUTIVE,133.87,124,822500.0
2023-08,ALL,EXECUTIVE,136.2,150,829000.0
2023-09,ALL,EXECUTIVE,135.37,111,820000.0
2023-10,ALL,EXECUTIVE,136.69,116,840000.0
2023-11,ALL,EXECUTIVE,137.45,145,820888.0
2023-12,ALL,EXECUTIVE,137.01,116,796500.0
2024-01,ALL,EXECUTIVE,138.51,164,840000.0
2024-02,ALL,EXECUTIVE,140.18,137,825000.0
2024-03,ALL,EXECUTIVE,141.61,129,830000.0
2024-04,ALL,EXECUTIVE,142.1,135,858000.0
2024-05,ALL,EXECUTIVE,142.34,174,840000.0
2024-06,ALL,EXECUTIVE,143.34,145,868000.0
2024-07,ALL,EXECUTIVE,144.44,165,860000.0
2024-08,ALL,EXECUTIVE,147.1,188,869500.0
2024-09,ALL,EXECUTIVE,145.87,142,864044.0
2024-10,ALL,EXECUTIVE,148.41,138,897500.0
2024-11,ALL,EXECUTIVE,148.38,121,855000.0
2024-12,ALL,EXECUTIVE,150.16,128,874944.0
2025-01,ALL,EXECUTIVE,150.32,126,869444.0
2025-02,ALL,EXECUTIVE,151.14,130,900000.0
2025-03,ALL,EXECUTIVE,149.86,106,881400.0
2025-04,ALL,EXECUTIVE,154.08,139,920000.0
2025-05,ALL,EXECUTIVE,154.02,130,950444.0
2025-06,ALL,EXECUTIVE,152.59,145,888000.0
2025-07,ALL,EXECUTIVE,153.14,171,905000.0
2025-08,ALL,EXECUTIVE,152.43,122,880000.0
2025-09,ALL,EXECUTIVE,154.86,142,915000.0
2025-10,ALL,EXECUTIVE,153.64,60,870000.0
2025-11,ALL,EXECUTIVE,155.36,84,931500.0
2025-12,ALL,EXECUTIVE,156.33,115,935000.0
2026-01,ALL,EXECUTIVE,153.17,153,890000.0
2026-02,ALL,EXECUTIVE,152.48,107,900000.0
2026-03,ALL,EXECUTIVE,154.82,106,910000.0
2026-04,ALL,EXECUTIVE,153.89,121,925000.0
2026-05,ALL,EXECUTIVE,153.29,123,928888.0
2026-06,ALL,EXECUTIVE,153.71,131,910888.0
2026-07,ALL,EXECUTIVE,152.72,158,900000.0
2026-08,ALL,EXECUTIVE,155.46,170,925444.0
2026-09,ALL,EXECUTIVE,152.99,203,938000.0
