profile_id,town,flat_type,lease_band,mrt_band,storey_band,n_transactions_all,n_last12,median_price_last12
ANG MO KIO|2 ROOM|60-79|500m-1km|1-6,ANG MO KIO,2 ROOM,60-79,500m-1km,1-6,2,0.0,
ANG MO KIO|2 ROOM|60-79|500m-1km|7-12,ANG MO KIO,2 ROOM,60-79,500m-1km,7-12,4,0.0,
ANG MO KIO|2 ROOM|60-79|<500m|1-6,ANG MO KIO,2 ROOM,60-79,<500m,1-6,27,0.0,
ANG MO KIO|2 ROOM|60-79|<500m|7-12,ANG MO KIO,2 ROOM,60-79,<500m,7-12,15,0.0,
ANG MO KIO|2 ROOM|80+|<500m|13+,ANG MO KIO,2 ROOM,80+,<500m,13+,1,1.0,518000.0
ANG MO KIO|2 ROOM|<60|500m-1km|1-6,ANG MO KIO,2 ROOM,<60,500m-1km,1-6,10,1.0,277000.0
ANG MO KIO|2 ROOM|<60|500m-1km|7-12,ANG MO KIO,2 ROOM,<60,500m-1km,7-12,6,1.0,296000.0
ANG MO KIO|2 ROOM|<60|<500m|1-6,ANG MO KIO,2 ROOM,<60,<500m,1-6,59,11.0,330000.0
ANG MO KIO|2 ROOM|<60|<500m|7-12,ANG MO KIO,2 ROOM,<60,<500m,7-12,60,9.0,345000.0
ANG MO KIO|3 ROOM|60-79|500m-1km|1-6,ANG MO KIO,3 ROOM,60-79,500m-1km,1-6,287,0.0,
ANG MO KIO|3 ROOM|60-79|500m-1km|13+,ANG MO KIO,3 ROOM,60-79,500m-1km,13+,19,0.0,
ANG MO KIO|3 ROOM|60-79|500m-1km|7-12,ANG MO KIO,3 ROOM,60-79,500m-1km,7-12,260,0.0,
ANG MO KIO|3 ROOM|60-79|<500m|1-6,ANG MO KIO,3 ROOM,60-79,<500m,1-6,199,1.0,416000.0
ANG MO KIO|3 ROOM|60-79|<500m|13+,ANG MO KIO,3 ROOM,60-79,<500m,13+,5,0.0,
ANG MO KIO|3 ROOM|60-79|<500m|7-12,ANG MO KIO,3 ROOM,60-79,<500m,7-12,204,0.0,
ANG MO KIO|3 ROOM|60-79|>1km|1-6,ANG MO KIO,3 ROOM,60-79,>1km,1-6,52,0.0,
ANG MO KIO|3 ROOM|60-79|>1km|13+,ANG MO KIO,3 ROOM,60-79,>1km,13+,11,0.0,
ANG MO KIO|3 ROOM|60-79|>1km|7-12,ANG MO KIO,3 ROOM,60-79,>1km,7-12,61,0.0,
ANG MO KIO|3 ROOM|80+|500m-1km|1-6,ANG MO KIO,3 ROOM,80+,500m-1km,1-6,30,2.0,659000.0
ANG MO KIO|3 ROOM|80+|500m-1km|13+,ANG MO KIO,3 ROOM,80+,500m-1km,13+,80,7.0,700000.0
ANG MO KIO|3 ROOM|80+|500m-1km|7-12,ANG MO KIO,3 ROOM,80+,500m-1km,7-12,23,1.0,632000.0
ANG MO KIO|3 ROOM|80+|<500m|1-6,ANG MO KIO,3 ROOM,80+,<500m,1-6,14,2.0,710000.0
ANG MO KIO|3 ROOM|80+|<500m|13+,ANG MO KIO,3 ROOM,80+,<500m,13+,54,6.0,759500.0
ANG MO KIO|3 ROOM|80+|<500m|7-12,ANG MO KIO,3 ROOM,80+,<500m,7-12,24,3.0,710000.0
ANG MO KIO|3 ROOM|<60|500m-1km|1-6,ANG MO KIO,3 ROOM,<60,500m-1km,1-6,1003,94.0,410000.0
ANG MO KIO|3 ROOM|<60|500m-1km|13+,ANG MO KIO,3 ROOM,<60,500m-1km,13+,49,8.0,451500.0
ANG MO KIO|3 ROOM|<60|500m-1km|7-12,ANG MO KIO,3 ROOM,<60,500m-1km,7-12,998,116.0,430000.0
ANG MO KIO|3 ROOM|<60|<500m|1-6,ANG MO KIO,3 ROOM,<60,<500m,1-6,758,81.0,435000.0
ANG MO KIO|3 ROOM|<60|<500m|13+,ANG MO KIO,3 ROOM,<60,<500m,13+,17,1.0,400000.0
ANG MO KIO|3 ROOM|<60|<500m|7-12,ANG MO KIO,3 ROOM,<60,<500m,7-12,709,69.0,455000.0
ANG MO KIO|3 ROOM|<60|>1km|1-6,ANG MO KIO,3 ROOM,<60,>1km,1-6,142,16.0,399500.0
ANG MO KIO|3 ROOM|<60|>1km|13+,ANG MO KIO,3 ROOM,<60,>1km,13+,21,2.0,430000.0
ANG MO KIO|3 ROOM|<60|>1km|7-12,ANG MO KIO,3 ROOM,<60,>1km,7-12,121,12.0,447944.0
ANG MO KIO|4 ROOM|60-79|500m-1km|1-6,ANG MO KIO,4 ROOM,60-79,500m-1km,1-6,91,7.0,713000.0
ANG MO KIO|4 ROOM|60-79|500m-1km|13+,ANG MO KIO,4 ROOM,60-79,500m-1km,13+,46,8.0,844444.44
ANG MO KIO|4 ROOM|60-79|500m-1km|7-12,ANG MO KIO,4 ROOM,60-79,500m-1km,7-12,105,5.0,785000.0
ANG MO KIO|4 ROOM|60-79|<500m|1-6,ANG MO KIO,4 ROOM,60-79,<500m,1-6,88,8.0,725000.0
ANG MO KIO|4 ROOM|60-79|<500m|13+,ANG MO KIO,4 ROOM,60-79,<500m,13+,29,4.0,904000.0
ANG MO KIO|4 ROOM|60-79|<500m|7-12,ANG MO KIO,4 ROOM,60-79,<500m,7-12,100,2.0,756944.0
ANG MO KIO|4 ROOM|60-79|>1km|1-6,ANG MO KIO,4 ROOM,60-79,>1km,1-6,16,0.0,
ANG MO KIO|4 ROOM|60-79|>1km|13+,ANG MO KIO,4 ROOM,60-79,>1km,13+,3,0.0,
ANG MO KIO|4 ROOM|60-79|>1km|7-12,ANG MO KIO,4 ROOM,60-79,>1km,7-12,18,0.0,
ANG MO KIO|4 ROOM|80+|500m-1km|1-6,ANG MO KIO,4 ROOM,80+,500m-1km,1-6,79,5.0,888000.0
ANG MO KIO|4 ROOM|80+|500m-1km|13+,ANG MO KIO,4 ROOM,80+,500m-1km,13+,177,10.0,965500.0
ANG MO KIO|4 ROOM|80+|500m-1km|7-12,ANG MO KIO,4 ROOM,80+,500m-1km,7-12,78,4.0,927500.0
ANG MO KIO|4 ROOM|80+|<500m|1-6,ANG MO KIO,4 ROOM,80+,<500m,1-6,75,8.0,927500.0
ANG MO KIO|4 ROOM|80+|<500m|13+,ANG MO KIO,4 ROOM,80+,<500m,13+,268,46.0,1064944.0
ANG MO KIO|4 ROOM|80+|<500m|7-12,ANG MO KIO,4 ROOM,80+,<500m,7-12,94,18.0,993888.0
ANG MO KIO|4 ROOM|<60|500m-1km|1-6,ANG MO KIO,4 ROOM,<60,500m-1km,1-6,374,37.0,525888.0
ANG MO KIO|4 ROOM|<60|500m-1km|13+,ANG MO KIO,4 ROOM,<60,500m-1km,13+,20,2.0,558250.0
ANG MO KIO|4 ROOM|<60|500m-1km|7-12,ANG MO KIO,4 ROOM,<60,500m-1km,7-12,404,31.0,562000.0
ANG MO KIO|4 ROOM|<60|<500m|1-6,ANG MO KIO,4 ROOM,<60,<500m,1-6,298,37.0,543000.0
ANG MO KIO|4 ROOM|<60|<500m|13+,ANG MO KIO,4 ROOM,<60,<500m,13+,22,5.0,613000.0
ANG MO KIO|4 ROOM|<60|<500m|7-12,ANG MO KIO,4 ROOM,<60,<500m,7-12,355,34.0,585000.0
ANG MO KIO|4 ROOM|<60|>1km|1-6,ANG MO KIO,4 ROOM,<60,>1km,1-6,39,5.0,520000.0
ANG MO KIO|4 ROOM|<60|>1km|13+,ANG MO KIO,4 ROOM,<60,>1km,13+,5,2.0,555444.0
ANG MO KIO|4 ROOM|<60|>1km|7-12,ANG MO KIO,4 ROOM,<60,>1km,7-12,39,2.0,515000.0
ANG MO KIO|5 ROOM|60-79|500m-1km|1-6,ANG MO KIO,5 ROOM,60-79,500m-1km,1-6,29,2.0,924000.0
ANG MO KIO|5 ROOM|60-79|500m-1km|13+,ANG MO KIO,5 ROOM,60-79,500m-1km,13+,51,13.0,1000800.0
ANG MO KIO|5 ROOM|60-79|500m-1km|7-12,ANG MO KIO,5 ROOM,60-79,500m-1km,7-12,48,5.0,970000.0
ANG MO KIO|5 ROOM|60-79|<500m|1-6,ANG MO KIO,5 ROOM,60-79,<500m,1-6,80,6.0,947500.0
ANG MO KIO|5 ROOM|60-79|<500m|13+,ANG MO KIO,5 ROOM,60-79,<500m,13+,56,4.0,1004444.0
ANG MO KIO|5 ROOM|60-79|<500m|7-12,ANG MO KIO,5 ROOM,60-79,<500m,7-12,85,6.0,941500.0
ANG MO KIO|5 ROOM|60-79|>1km|1-6,ANG MO KIO,5 ROOM,60-79,>1km,1-6,5,0.0,
ANG MO KIO|5 ROOM|60-79|>1km|13+,ANG MO KIO,5 ROOM,60-79,>1km,13+,21,0.0,
ANG MO KIO|5 ROOM|60-79|>1km|7-12,ANG MO KIO,5 ROOM,60-79,>1km,7-12,5,0.0,
ANG MO KIO|5 ROOM|80+|500m-1km|1-6,ANG MO KIO,5 ROOM,80+,500m-1km,1-6,33,2.0,1140000.0
ANG MO KIO|5 ROOM|80+|500m-1km|13+,ANG MO KIO,5 ROOM,80+,500m-1km,13+,125,4.0,1295000.0
ANG MO KIO|5 ROOM|80+|500m-1km|7-12,ANG MO KIO,5 ROOM,80+,500m-1km,7-12,46,2.0,1242500.0
ANG MO KIO|5 ROOM|80+|<500m|1-6,ANG MO KIO,5 ROOM,80+,<500m,1-6,50,8.0,1120000.0
ANG MO KIO|5 ROOM|80+|<500m|13+,ANG MO KIO,5 ROOM,80+,<500m,13+,183,21.0,1250000.0
ANG MO KIO|5 ROOM|80+|<500m|7-12,ANG MO KIO,5 ROOM,80+,<500m,7-12,75,10.0,1162944.0
ANG MO KIO|5 ROOM|<60|500m-1km|1-6,ANG MO KIO,5 ROOM,<60,500m-1km,1-6,67,5.0,720000.0
ANG MO KIO|5 ROOM|<60|500m-1km|13+,ANG MO KIO,5 ROOM,<60,500m-1km,13+,75,9.0,808000.0
ANG MO KIO|5 ROOM|<60|500m-1km|7-12,ANG MO KIO,5 ROOM,<60,500m-1km,7-12,79,6.0,755000.0
ANG MO KIO|5 ROOM|<60|<500m|1-6,ANG MO KIO,5 ROOM,<60,<500m,1-6,84,6.0,735000.0
ANG MO KIO|5 ROOM|<60|<500m|13+,ANG MO KIO,5 ROOM,<60,<500m,13+,69,5.0,830000.0
ANG MO KIO|5 ROOM|<60|<500m|7-12,ANG MO KIO,5 ROOM,<60,<500m,7-12,87,8.0,787500.0
ANG MO KIO|5 ROOM|<60|>1km|1-6,ANG MO KIO,5 ROOM,<60,>1km,1-6,20,5.0,710000.0
ANG MO KIO|5 ROOM|<60|>1km|13+,ANG MO KIO,5 ROOM,<60,>1km,13+,57,7.0,760000.0
ANG MO KIO|5 ROOM|<60|>1km|7-12,ANG MO KIO,5 ROOM,<60,>1km,7-12,23,1.0,738000.0
ANG MO KIO|EXECUTIVE|60-79|500m-1km|1-6,ANG MO KIO,EXECUTIVE,60-79,500m-1km,1-6,18,0.0,
ANG MO KIO|EXECUTIVE|60-79|500m-1km|13+,ANG MO KIO,EXECUTIVE,60-79,500m-1km,13+,1,0.0,
ANG MO KIO|EXECUTIVE|60-79|500m-1km|7-12,ANG MO KIO,EXECUTIVE,60-79,500m-1km,7-12,14,0.0,
ANG MO KIO|EXECUTIVE|60-79|<500m|1-6,ANG MO KIO,EXECUTIVE,60-79,<500m,1-6,33,3.0,1201888.0
ANG MO KIO|EXECUTIVE|60-79|<500m|7-12,ANG MO KIO,EXECUTIVE,60-79,<500m,7-12,19,0.0,
ANG MO KIO|EXECUTIVE|60-79|>1km|13+,ANG MO KIO,EXECUTIVE,60-79,>1km,13+,1,0.0,
ANG MO KIO|EXECUTIVE|<60|500m-1km|1-6,ANG MO KIO,EXECUTIVE,<60,500m-1km,1-6,13,0.0,
ANG MO KIO|EXECUTIVE|<60|500m-1km|13+,ANG MO KIO,EXECUTIVE,<60,500m-1km,13+,1,0.0,
ANG MO KIO|EXECUTIVE|<60|500m-1km|7-12,ANG MO KIO,EXECUTIVE,<60,500m-1km,7-12,22,3.0,1090000.0
ANG MO KIO|EXECUTIVE|<60|<500m|1-6,ANG MO KIO,EXECUTIVE,<60,<500m,1-6,4,0.0,
ANG MO KIO|EXECUTIVE|<60|<500m|13+,ANG MO KIO,EXECUTIVE,<60,<500m,13+,1,0.0,
ANG MO KIO|EXECUTIVE|<60|<500m|7-12,ANG MO KIO,EXECUTIVE,<60,<500m,7-12,7,1.0,1350000.0
ANG MO KIO|EXECUTIVE|<60|>1km|1-6,ANG MO KIO,EXECUTIVE,<60,>1km,1-6,1,0.0,
ANG MO KIO|EXECUTIVE|<60|>1km|13+,ANG MO KIO,EXECUTIVE,<60,>1km,13+,2,0.0,
BEDOK|2 ROOM|60-79|500m-1km|1-6,BEDOK,2 ROOM,60-79,500m-1km,1-6,19,0.0,
BEDOK|2 ROOM|60-79|500m-1km|13+,BEDOK,2 ROOM,60-79,500m-1km,13+,4,0.0,
BEDOK|2 ROOM|60-79|500m-1km|7-12,BEDOK,2 ROOM,60-79,500m-1km,7-12,18,0.0,
BEDOK|2 ROOM|60-79|<500m|1-6,BEDOK,2 ROOM,60-79,<500m,1-6,17,0.0,
BEDOK|2 ROOM|60-79|<500m|7-12,BEDOK,2 ROOM,60-79,<500m,7-12,13,0.0,
BEDOK|2 ROOM|80+|500m-1km|1-6,BEDOK,2 ROOM,80+,500m-1km,1-6,8,0.0,
BEDOK|2 ROOM|80+|500m-1km|13+,BEDOK,2 ROOM,80+,500m-1km,13+,4,1.0,415000.0
BEDOK|2 ROOM|80+|500m-1km|7-12,BEDOK,2 ROOM,80+,500m-1km,7-12,8,1.0,420000.0
BEDOK|2 ROOM|<60|500m-1km|1-6,BEDOK,2 ROOM,<60,500m-1km,1-6,35,8.0,325000.0
BEDOK|2 ROOM|<60|500m-1km|13+,BEDOK,2 ROOM,<60,500m-1km,13+,5,1.0,340000.0
BEDOK|2 ROOM|<60|500m-1km|7-12,BEDOK,2 ROOM,<60,500m-1km,7-12,28,5.0,310000.0
BEDOK|2 ROOM|<60|<500m|1-6,BEDOK,2 ROOM,<60,<500m,1-6,8,3.0,330000.0
BEDOK|2 ROOM|<60|<500m|13+,BEDOK,2 ROOM,<60,<500m,13+,1,0.0,
BEDOK|2 ROOM|<60|<500m|7-12,BEDOK,2 ROOM,<60,<500m,7-12,7,3.0,300888.0
BEDOK|3 ROOM|60-79|500m-1km|1-6,BEDOK,3 ROOM,60-79,500m-1km,1-6,351,0.0,
BEDOK|3 ROOM|60-79|500m-1km|13+,BEDOK,3 ROOM,60-79,500m-1km,13+,41,0.0,
BEDOK|3 ROOM|60-79|500m-1km|7-12,BEDOK,3 ROOM,60-79,500m-1km,7-12,320,0.0,
BEDOK|3 ROOM|60-79|<500m|1-6,BEDOK,3 ROOM,60-79,<500m,1-6,330,5.0,450000.0
BEDOK|3 ROOM|60-79|<500m|13+,BEDOK,3 ROOM,60-79,<500m,13+,14,0.0,
BEDOK|3 ROOM|60-79|<500m|7-12,BEDOK,3 ROOM,60-79,<500m,7-12,182,5.0,459000.0
BEDOK|3 ROOM|80+|500m-1km|1-6,BEDOK,3 ROOM,80+,500m-1km,1-6,62,18.0,617500.0
BEDOK|3 ROOM|80+|500m-1km|13+,BEDOK,3 ROOM,80+,500m-1km,13+,46,6.0,666000.0
BEDOK|3 ROOM|80+|500m-1km|7-12,BEDOK,3 ROOM,80+,500m-1km,7-12,72,17.0,635000.0
BEDOK|3 ROOM|80+|<500m|1-6,BEDOK,3 ROOM,80+,<500m,1-6,34,5.0,662000.0
BEDOK|3 ROOM|80+|<500m|13+,BEDOK,3 ROOM,80+,<500m,13+,15,1.0,663000.0
BEDOK|3 ROOM|80+|<500m|7-12,BEDOK,3 ROOM,80+,<500m,7-12,25,1.0,660000.0
BEDOK|3 ROOM|<60|500m-1km|1-6,BEDOK,3 ROOM,<60,500m-1km,1-6,1151,145.0,400000.0
BEDOK|3 ROOM|<60|500m-1km|13+,BEDOK,3 ROOM,<60,500m-1km,13+,209,22.0,418444.0
BEDOK|3 ROOM|<60|500m-1km|7-12,BEDOK,3 ROOM,<60,500m-1km,7-12,1079,117.0,415000.0
BEDOK|3 ROOM|<60|<500m|1-6,BEDOK,3 ROOM,<60,<500m,1-6,594,77.0,413888.0
BEDOK|3 ROOM|<60|<500m|13+,BEDOK,3 ROOM,<60,<500m,13+,99,10.0,410000.0
BEDOK|3 ROOM|<60|<500m|7-12,BEDOK,3 ROOM,<60,<500m,7-12,522,69.0,420000.0
BEDOK|4 ROOM|60-79|500m-1km|1-6,BEDOK,4 ROOM,60-79,500m-1km,1-6,264,5.0,688888.0
BEDOK|4 ROOM|60-79|500m-1km|13+,BEDOK,4 ROOM,60-79,500m-1km,13+,45,6.0,804000.0
BEDOK|4 ROOM|60-79|500m-1km|7-12,BEDOK,4 ROOM,60-79,500m-1km,7-12,252,4.0,731500.0
BEDOK|4 ROOM|60-79|<500m|1-6,BEDOK,4 ROOM,60-79,<500m,1-6,420,41.0,700000.0
BEDOK|4 ROOM|60-79|<500m|13+,BEDOK,4 ROOM,60-79,<500m,13+,96,22.0,794000.0
BEDOK|4 ROOM|60-79|<500m|7-12,BEDOK,4 ROOM,60-79,<500m,7-12,370,32.0,720000.0
BEDOK|4 ROOM|80+|500m-1km|1-6,BEDOK,4 ROOM,80+,500m-1km,1-6,217,26.0,880000.0
BEDOK|4 ROOM|80+|500m-1km|13+,BEDOK,4 ROOM,80+,500m-1km,13+,204,48.0,950000.0
BEDOK|4 ROOM|80+|500m-1km|7-12,BEDOK,4 ROOM,80+,500m-1km,7-12,237,45.0,860000.0
BEDOK|4 ROOM|80+|<500m|1-6,BEDOK,4 ROOM,80+,<500m,1-6,115,4.0,835344.0
BEDOK|4 ROOM|80+|<500m|13+,BEDOK,4 ROOM,80+,<500m,13+,98,7.0,950000.0
BEDOK|4 ROOM|80+|<500m|7-12,BEDOK,4 ROOM,80+,<500m,7-12,119,5.0,940000.0
BEDOK|4 ROOM|<60|500m-1km|1-6,BEDOK,4 ROOM,<60,500m-1km,1-6,618,85.0,510888.0
BEDOK|4 ROOM|<60|500m-1km|13+,BEDOK,4 ROOM,<60,500m-1km,13+,178,16.0,515000.0
BEDOK|4 ROOM|<60|500m-1km|7-12,BEDOK,4 ROOM,<60,500m-1km,7-12,684,89.0,540000.0
BEDOK|4 ROOM|<60|<500m|1-6,BEDOK,4 ROOM,<60,<500m,1-6,217,38.0,540000.0
BEDOK|4 ROOM|<60|<500m|13+,BEDOK,4 ROOM,<60,<500m,13+,51,6.0,485000.0
BEDOK|4 ROOM|<60|<500m|7-12,BEDOK,4 ROOM,<60,<500m,7-12,211,32.0,550000.0
BEDOK|5 ROOM|60-79|500m-1km|1-6,BEDOK,5 ROOM,60-79,500m-1km,1-6,245,11.0,850000.0
BEDOK|5 ROOM|60-79|500m-1km|13+,BEDOK,5 ROOM,60-79,500m-1km,13+,79,5.0,895000.0
BEDOK|5 ROOM|60-79|500m-1km|7-12,BEDOK,5 ROOM,60-79,500m-1km,7-12,204,12.0,921944.0
BEDOK|5 ROOM|60-79|<500m|1-6,BEDOK,5 ROOM,60-79,<500m,1-6,233,24.0,809000.0
BEDOK|5 ROOM|60-79|<500m|13+,BEDOK,5 ROOM,60-79,<500m,13+,102,14.0,878444.0
BEDOK|5 ROOM|60-79|<500m|7-12,BEDOK,5 ROOM,60-79,<500m,7-12,189,19.0,870000.0
BEDOK|5 ROOM|80+|500m-1km|1-6,BEDOK,5 ROOM,80+,500m-1km,1-6,31,5.0,1280000.0
BEDOK|5 ROOM|80+|500m-1km|13+,BEDOK,5 ROOM,80+,500m-1km,13+,25,5.0,1400000.0
BEDOK|5 ROOM|80+|500m-1km|7-12,BEDOK,5 ROOM,80+,500m-1km,7-12,31,2.0,1414444.0
BEDOK|5 ROOM|80+|<500m|1-6,BEDOK,5 ROOM,80+,<500m,1-6,72,3.0,1056888.0
BEDOK|5 ROOM|80+|<500m|13+,BEDOK,5 ROOM,80+,<500m,13+,43,0.0,
BEDOK|5 ROOM|80+|<500m|7-12,BEDOK,5 ROOM,80+,<500m,7-12,65,3.0,1090000.0
BEDOK|5 ROOM|<60|500m-1km|1-6,BEDOK,5 ROOM,<60,500m-1km,1-6,258,28.0,657500.0
BEDOK|5 ROOM|<60|500m-1km|13+,BEDOK,5 ROOM,<60,500m-1km,13+,249,22.0,738000.0
BEDOK|5 ROOM|<60|500m-1km|7-12,BEDOK,5 ROOM,<60,500m-1km,7-12,279,33.0,700000.0
BEDOK|5 ROOM|<60|<500m|1-6,BEDOK,5 ROOM,<60,<500m,1-6,47,12.0,649000.0
BEDOK|5 ROOM|<60|<500m|13+,BEDOK,5 ROOM,<60,<500m,13+,62,7.0,730000.0
BEDOK|5 ROOM|<60|<500m|7-12,BEDOK,5 ROOM,<60,<500m,7-12,50,6.0,731000.0
BEDOK|EXECUTIVE|60-79|500m-1km|1-6,BEDOK,EXECUTIVE,60-79,500m-1km,1-6,142,9.0,970000.0
BEDOK|EXECUTIVE|60-79|500m-1km|13+,BEDOK,EXECUTIVE,60-79,500m-1km,13+,60,6.0,1071500.0
BEDOK|EXECUTIVE|60-79|500m-1km|7-12,BEDOK,EXECUTIVE,60-79,500m-1km,7-12,133,13.0,1030000.0
BEDOK|EXECUTIVE|60-79|<500m|1-6,BEDOK,EXECUTIVE,60-79,<500m,1-6,125,8.0,995000.0
BEDOK|EXECUTIVE|60-79|<500m|13+,BEDOK,EXECUTIVE,60-79,<500m,13+,10,0.0,
BEDOK|EXECUTIVE|60-79|<500m|7-12,BEDOK,EXECUTIVE,60-79,<500m,7-12,82,1.0,1220000.0
BEDOK|EXECUTIVE|<60|500m-1km|1-6,BEDOK,EXECUTIVE,<60,500m-1km,1-6,24,6.0,1000000.0
BEDOK|EXECUTIVE|<60|500m-1km|13+,BEDOK,EXECUTIVE,<60,500m-1km,13+,6,1.0,1030000.0
BEDOK|EXECUTIVE|<60|500m-1km|7-12,BEDOK,EXECUTIVE,<60,500m-1km,7-12,18,6.0,1100000.0
BEDOK|EXECUTIVE|<60|<500m|1-6,BEDOK,EXECUTIVE,<60,<500m,1-6,7,5.0,938000.0
BEDOK|EXECUTIVE|<60|<500m|13+,BEDOK,EXECUTIVE,<60,<500m,13+,3,0.0,
BEDOK|EXECUTIVE|<60|<500m|7-12,BEDOK,EXECUTIVE,<60,<500m,7-12,14,5.0,990000.0
BISHAN|3 ROOM|60-79|500m-1km|1-6,BISHAN,3 ROOM,60-79,500m-1km,1-6,57,4.0,551000.0
BISHAN|3 ROOM|60-79|500m-1km|7-12,BISHAN,3 ROOM,60-79,500m-1km,7-12,24,2.0,581000.0
BISHAN|3 ROOM|60-79|<500m|1-6,BISHAN,3 ROOM,60-79,<500m,1-6,120,3.0,545000.0
BISHAN|3 ROOM|60-79|<500m|13+,BISHAN,3 ROOM,60-79,<500m,13+,10,0.0,
BISHAN|3 ROOM|60-79|<500m|7-12,BISHAN,3 ROOM,60-79,<500m,7-12,106,4.0,574444.0
BISHAN|3 ROOM|<60|500m-1km|1-6,BISHAN,3 ROOM,<60,500m-1km,1-6,25,8.0,377000.0
BISHAN|3 ROOM|<60|500m-1km|7-12,BISHAN,3 ROOM,<60,500m-1km,7-12,34,2.0,368000.0
BISHAN|3 ROOM|<60|<500m|1-6,BISHAN,3 ROOM,<60,<500m,1-6,55,21.0,520000.0
BISHAN|3 ROOM|<60|<500m|13+,BISHAN,3 ROOM,<60,<500m,13+,2,2.0,563000.0
BISHAN|3 ROOM|<60|<500m|7-12,BISHAN,3 ROOM,<60,<500m,7-12,56,16.0,539000.0
BISHAN|4 ROOM|60-79|500m-1km|1-6,BISHAN,4 ROOM,60-79,500m-1km,1-6,447,42.0,767500.0
BISHAN|4 ROOM|60-79|500m-1km|13+,BISHAN,4 ROOM,60-79,500m-1km,13+,113,6.0,917500.0
BISHAN|4 ROOM|60-79|500m-1km|7-12,BISHAN,4 ROOM,60-79,500m-1km,7-12,365,36.0,755444.0
BISHAN|4 ROOM|60-79|<500m|1-6,BISHAN,4 ROOM,60-79,<500m,1-6,327,14.0,827500.0
BISHAN|4 ROOM|60-79|<500m|13+,BISHAN,4 ROOM,60-79,<500m,13+,20,0.0,
BISHAN|4 ROOM|60-79|<500m|7-12,BISHAN,4 ROOM,60-79,<500m,7-12,287,11.0,810000.0
BISHAN|4 ROOM|60-79|>1km|1-6,BISHAN,4 ROOM,60-79,>1km,1-6,137,13.0,785000.0
BISHAN|4 ROOM|60-79|>1km|13+,BISHAN,4 ROOM,60-79,>1km,13+,43,2.0,955000.0
BISHAN|4 ROOM|60-79|>1km|7-12,BISHAN,4 ROOM,60-79,>1km,7-12,101,12.0,870000.0
BISHAN|4 ROOM|80+|500m-1km|1-6,BISHAN,4 ROOM,80+,500m-1km,1-6,19,1.0,1090000.0
BISHAN|4 ROOM|80+|500m-1km|13+,BISHAN,4 ROOM,80+,500m-1km,13+,55,8.0,1250000.0
BISHAN|4 ROOM|80+|500m-1km|7-12,BISHAN,4 ROOM,80+,500m-1km,7-12,13,0.0,
BISHAN|4 ROOM|<60|500m-1km|1-6,BISHAN,4 ROOM,<60,500m-1km,1-6,10,5.0,660000.0
BISHAN|4 ROOM|<60|500m-1km|7-12,BISHAN,4 ROOM,<60,500m-1km,7-12,14,9.0,710000.0
BISHAN|4 ROOM|<60|<500m|1-6,BISHAN,4 ROOM,<60,<500m,1-6,44,14.0,716944.0
BISHAN|4 ROOM|<60|<500m|13+,BISHAN,4 ROOM,<60,<500m,13+,3,2.0,805000.0
BISHAN|4 ROOM|<60|<500m|7-12,BISHAN,4 ROOM,<60,<500m,7-12,31,16.0,740000.0
BISHAN|5 ROOM|60-79|500m-1km|1-6,BISHAN,5 ROOM,60-79,500m-1km,1-6,219,21.0,915000.0
BISHAN|5 ROOM|60-79|500m-1km|13+,BISHAN,5 ROOM,60-79,500m-1km,13+,170,9.0,1138000.0
BISHAN|5 ROOM|60-79|500m-1km|7-12,BISHAN,5 ROOM,60-79,500m-1km,7-12,210,15.0,955000.0
BISHAN|5 ROOM|60-79|<500m|1-6,BISHAN,5 ROOM,60-79,<500m,1-6,143,6.0,942500.0
BISHAN|5 ROOM|60-79|<500m|13+,BISHAN,5 ROOM,60-79,<500m,13+,112,6.0,1080000.0
BISHAN|5 ROOM|60-79|<500m|7-12,BISHAN,5 ROOM,60-79,<500m,7-12,139,12.0,992500.0
BISHAN|5 ROOM|60-79|>1km|1-6,BISHAN,5 ROOM,60-79,>1km,1-6,28,3.0,1080000.0
BISHAN|5 ROOM|60-79|>1km|13+,BISHAN,5 ROOM,60-79,>1km,13+,6,0.0,
BISHAN|5 ROOM|60-79|>1km|7-12,BISHAN,5 ROOM,60-79,>1km,7-12,35,2.0,1090000.0
BISHAN|5 ROOM|80+|500m-1km|1-6,BISHAN,5 ROOM,80+,500m-1km,1-6,28,2.0,1352900.0
BISHAN|5 ROOM|80+|500m-1km|13+,BISHAN,5 ROOM,80+,500m-1km,13+,107,8.0,1580000.0
BISHAN|5 ROOM|80+|500m-1km|7-12,BISHAN,5 ROOM,80+,500m-1km,7-12,19,0.0,
BISHAN|5 ROOM|<60|500m-1km|1-6,BISHAN,5 ROOM,<60,500m-1km,1-6,5,4.0,937500.0
BISHAN|5 ROOM|<60|500m-1km|13+,BISHAN,5 ROOM,<60,500m-1km,13+,1,1.0,880000.0
BISHAN|5 ROOM|<60|500m-1km|7-12,BISHAN,5 ROOM,<60,500m-1km,7-12,4,3.0,928888.0
BISHAN|5 ROOM|<60|<500m|1-6,BISHAN,5 ROOM,<60,<500m,1-6,8,7.0,905000.0
BISHAN|5 ROOM|<60|<500m|13+,BISHAN,5 ROOM,<60,<500m,13+,5,3.0,992000.0
BISHAN|5 ROOM|<60|<500m|7-12,BISHAN,5 ROOM,<60,<500m,7-12,12,7.0,950000.0
BISHAN|EXECUTIVE|60-79|500m-1km|1-6,BISHAN,EXECUTIVE,60-79,500m-1km,1-6,90,8.0,1200000.0
BISHAN|EXECUTIVE|60-79|500m-1km|13+,BISHAN,EXECUTIVE,60-79,500m-1km,13+,31,3.0,1580000.0
BISHAN|EXECUTIVE|60-79|500m-1km|7-12,BISHAN,EXECUTIVE,60-79,500m-1km,7-12,34,5.0,1320000.0
BISHAN|EXECUTIVE|60-79|<500m|1-6,BISHAN,EXECUTIVE,60-79,<500m,1-6,74,5.0,1200000.0
BISHAN|EXECUTIVE|60-79|<500m|13+,BISHAN,EXECUTIVE,60-79,<500m,13+,23,3.0,1550000.0
BISHAN|EXECUTIVE|60-79|<500m|7-12,BISHAN,EXECUTIVE,60-79,<500m,7-12,62,1.0,1398888.0
BISHAN|EXECUTIVE|60-79|>1km|1-6,BISHAN,EXECUTIVE,60-79,>1km,1-6,74,10.0,1264000.0
BISHAN|EXECUTIVE|60-79|>1km|13+,BISHAN,EXECUTIVE,60-79,>1km,13+,3,1.0,1350000.0
BISHAN|EXECUTIVE|60-79|>1km|7-12,BISHAN,EXECUTIVE,60-79,>1km,7-12,33,2.0,1320000.0
BISHAN|EXECUTIVE|<60|500m-1km|1-6,BISHAN,EXECUTIVE,<60,500m-1km,1-6,1,1.0,1160000.0
BISHAN|EXECUTIVE|<60|500m-1km|7-12,BISHAN,EXECUTIVE,<60,500m-1km,7-12,1,1.0,1295000.0
BISHAN|EXECUTIVE|<60|<500m|1-6,BISHAN,EXECUTIVE,<60,<500m,1-6,7,6.0,1259000.0
BISHAN|EXECUTIVE|<60|<500m|13+,BISHAN,EXECUTIVE,<60,<500m,13+,1,1.0,1410000.0
BISHAN|EXECUTIVE|<60|<500m|7-12,BISHAN,EXECUTIVE,<60,<500m,7-12,2,1.0,1420000.0
BUKIT BATOK|2 ROOM|80+|500m-1km|1-6,BUKIT BATOK,2 ROOM,80+,500m-1km,1-6,29,6.0,355000.0
BUKIT BATOK|2 ROOM|80+|500m-1km|13+,BUKIT BATOK,2 ROOM,80+,500m-1km,13+,40,9.0,390000.0
BUKIT BATOK|2 ROOM|80+|500m-1km|7-12,BUKIT BATOK,2 ROOM,80+,500m-1km,7-12,32,7.0,379000.0
BUKIT BATOK|2 ROOM|80+|>1km|1-6,BUKIT BATOK,2 ROOM,80+,>1km,1-6,84,21.0,365000.0
BUKIT BATOK|2 ROOM|80+|>1km|13+,BUKIT BATOK,2 ROOM,80+,>1km,13+,66,23.0,398000.0
BUKIT BATOK|2 ROOM|80+|>1km|7-12,BUKIT BATOK,2 ROOM,80+,>1km,7-12,83,22.0,384000.0
BUKIT BATOK|3 ROOM|60-79|500m-1km|1-6,BUKIT BATOK,3 ROOM,60-79,500m-1km,1-6,696,20.0,383000.0
BUKIT BATOK|3 ROOM|60-79|500m-1km|13+,BUKIT BATOK,3 ROOM,60-79,500m-1km,13+,14,0.0,
BUKIT BATOK|3 ROOM|60-79|500m-1km|7-12,BUKIT BATOK,3 ROOM,60-79,500m-1km,7-12,517,24.0,401500.0
BUKIT BATOK|3 ROOM|60-79|<500m|1-6,BUKIT BATOK,3 ROOM,60-79,<500m,1-6,446,29.0,400000.0
BUKIT BATOK|3 ROOM|60-79|<500m|13+,BUKIT BATOK,3 ROOM,60-79,<500m,13+,4,0.0,
BUKIT BATOK|3 ROOM|60-79|<500m|7-12,BUKIT BATOK,3 ROOM,60-79,<500m,7-12,363,17.0,415000.0
BUKIT BATOK|3 ROOM|60-79|>1km|1-6,BUKIT BATOK,3 ROOM,60-79,>1km,1-6,89,0.0,
BUKIT BATOK|3 ROOM|60-79|>1km|7-12,BUKIT BATOK,3 ROOM,60-79,>1km,7-12,70,1.0,410000.0
BUKIT BATOK|3 ROOM|80+|500m-1km|1-6,BUKIT BATOK,3 ROOM,80+,500m-1km,1-6,50,11.0,485000.0
BUKIT BATOK|3 ROOM|80+|500m-1km|13+,BUKIT BATOK,3 ROOM,80+,500m-1km,13+,99,19.0,540000.0
BUKIT BATOK|3 ROOM|80+|500m-1km|7-12,BUKIT BATOK,3 ROOM,80+,500m-1km,7-12,56,13.0,525000.0
BUKIT BATOK|3 ROOM|80+|<500m|1-6,BUKIT BATOK,3 ROOM,80+,<500m,1-6,13,2.0,532500.0
BUKIT BATOK|3 ROOM|80+|<500m|13+,BUKIT BATOK,3 ROOM,80+,<500m,13+,19,1.0,605000.0
BUKIT BATOK|3 ROOM|80+|<500m|7-12,BUKIT BATOK,3 ROOM,80+,<500m,7-12,6,0.0,
BUKIT BATOK|3 ROOM|80+|>1km|1-6,BUKIT BATOK,3 ROOM,80+,>1km,1-6,57,11.0,488888.0
BUKIT BATOK|3 ROOM|80+|>1km|13+,BUKIT BATOK,3 ROOM,80+,>1km,13+,45,15.0,535000.0
BUKIT BATOK|3 ROOM|80+|>1km|7-12,BUKIT BATOK,3 ROOM,80+,>1km,7-12,63,14.0,520444.0
BUKIT BATOK|3 ROOM|<60|500m-1km|1-6,BUKIT BATOK,3 ROOM,<60,500m-1km,1-6,147,59.0,400000.0
BUKIT BATOK|3 ROOM|<60|500m-1km|13+,BUKIT BATOK,3 ROOM,<60,500m-1km,13+,2,0.0,
BUKIT BATOK|3 ROOM|<60|500m-1km|7-12,BUKIT BATOK,3 ROOM,<60,500m-1km,7-12,106,33.0,410000.0
BUKIT BATOK|3 ROOM|<60|<500m|1-6,BUKIT BATOK,3 ROOM,<60,<500m,1-6,64,21.0,406888.0
BUKIT BATOK|3 ROOM|<60|<500m|13+,BUKIT BATOK,3 ROOM,<60,<500m,13+,3,2.0,444944.0
BUKIT BATOK|3 ROOM|<60|<500m|7-12,BUKIT BATOK,3 ROOM,<60,<500m,7-12,57,28.0,420000.0
BUKIT BATOK|3 ROOM|<60|>1km|1-6,BUKIT BATOK,3 ROOM,<60,>1km,1-6,12,3.0,400000.0
BUKIT BATOK|3 ROOM|<60|>1km|7-12,BUKIT BATOK,3 ROOM,<60,>1km,7-12,16,7.0,393000.0
BUKIT BATOK|4 ROOM|60-79|500m-1km|1-6,BUKIT BATOK,4 ROOM,60-79,500m-1km,1-6,454,26.0,509500.0
BUKIT BATOK|4 ROOM|60-79|500m-1km|13+,BUKIT BATOK,4 ROOM,60-79,500m-1km,13+,91,9.0,588888.0
BUKIT BATOK|4 ROOM|60-79|500m-1km|7-12,BUKIT BATOK,4 ROOM,60-79,500m-1km,7-12,381,18.0,532500.0
BUKIT BATOK|4 ROOM|60-79|<500m|1-6,BUKIT BATOK,4 ROOM,60-79,<500m,1-6,507,16.0,535000.0
BUKIT BATOK|4 ROOM|60-79|<500m|13+,BUKIT BATOK,4 ROOM,60-79,<500m,13+,49,12.0,599844.0
BUKIT BATOK|4 ROOM|60-79|<500m|7-12,BUKIT BATOK,4 ROOM,60-79,<500m,7-12,382,17.0,563000.0
BUKIT BATOK|4 ROOM|60-79|>1km|1-6,BUKIT BATOK,4 ROOM,60-79,>1km,1-6,154,5.0,550000.0
BUKIT BATOK|4 ROOM|60-79|>1km|13+,BUKIT BATOK,4 ROOM,60-79,>1km,13+,66,4.0,630000.0
BUKIT BATOK|4 ROOM|60-79|>1km|7-12,BUKIT BATOK,4 ROOM,60-79,>1km,7-12,123,9.0,610000.0
BUKIT BATOK|4 ROOM|80+|500m-1km|1-6,BUKIT BATOK,4 ROOM,80+,500m-1km,1-6,218,26.0,621944.0
BUKIT BATOK|4 ROOM|80+|500m-1km|13+,BUKIT BATOK,4 ROOM,80+,500m-1km,13+,507,76.0,769000.0
BUKIT BATOK|4 ROOM|80+|500m-1km|7-12,BUKIT BATOK,4 ROOM,80+,500m-1km,7-12,242,34.0,680000.0
BUKIT BATOK|4 ROOM|80+|<500m|1-6,BUKIT BATOK,4 ROOM,80+,<500m,1-6,24,0.0,
BUKIT BATOK|4 ROOM|80+|<500m|13+,BUKIT BATOK,4 ROOM,80+,<500m,13+,72,0.0,
BUKIT BATOK|4 ROOM|80+|<500m|7-12,BUKIT BATOK,4 ROOM,80+,<500m,7-12,20,0.0,
BUKIT BATOK|4 ROOM|80+|>1km|1-6,BUKIT BATOK,4 ROOM,80+,>1km,1-6,250,51.0,638000.0
BUKIT BATOK|4 ROOM|80+|>1km|13+,BUKIT BATOK,4 ROOM,80+,>1km,13+,176,50.0,695000.0
BUKIT BATOK|4 ROOM|80+|>1km|7-12,BUKIT BATOK,4 ROOM,80+,>1km,7-12,324,77.0,675000.0
BUKIT BATOK|4 ROOM|<60|500m-1km|1-6,BUKIT BATOK,4 ROOM,<60,500m-1km,1-6,87,37.0,498000.0
BUKIT BATOK|4 ROOM|<60|500m-1km|13+,BUKIT BATOK,4 ROOM,<60,500m-1km,13+,8,4.0,565000.0
BUKIT BATOK|4 ROOM|<60|500m-1km|7-12,BUKIT BATOK,4 ROOM,<60,500m-1km,7-12,63,35.0,505000.0
BUKIT BATOK|4 ROOM|<60|<500m|1-6,BUKIT BATOK,4 ROOM,<60,<500m,1-6,108,43.0,515000.0
BUKIT BATOK|4 ROOM|<60|<500m|13+,BUKIT BATOK,4 ROOM,<60,<500m,13+,3,0.0,
BUKIT BATOK|4 ROOM|<60|<500m|7-12,BUKIT BATOK,4 ROOM,<60,<500m,7-12,72,33.0,570000.0
BUKIT BATOK|4 ROOM|<60|>1km|1-6,BUKIT BATOK,4 ROOM,<60,>1km,1-6,7,2.0,469000.0
BUKIT BATOK|4 ROOM|<60|>1km|7-12,BUKIT BATOK,4 ROOM,<60,>1km,7-12,10,3.0,515000.0
BUKIT BATOK|5 ROOM|60-79|500m-1km|1-6,BUKIT BATOK,5 ROOM,60-79,500m-1km,1-6,111,4.0,626000.0
BUKIT BATOK|5 ROOM|60-79|500m-1km|13+,BUKIT BATOK,5 ROOM,60-79,500m-1km,13+,78,14.0,731500.0
BUKIT BATOK|5 ROOM|60-79|500m-1km|7-12,BUKIT BATOK,5 ROOM,60-79,500m-1km,7-12,127,4.0,728000.0
BUKIT BATOK|5 ROOM|60-79|<500m|1-6,BUKIT BATOK,5 ROOM,60-79,<500m,1-6,104,4.0,772500.0
BUKIT BATOK|5 ROOM|60-79|<500m|13+,BUKIT BATOK,5 ROOM,60-79,<500m,13+,98,8.0,749000.0
BUKIT BATOK|5 ROOM|60-79|<500m|7-12,BUKIT BATOK,5 ROOM,60-79,<500m,7-12,103,2.0,721000.0
BUKIT BATOK|5 ROOM|60-79|>1km|1-6,BUKIT BATOK,5 ROOM,60-79,>1km,1-6,40,4.0,715000.0
BUKIT BATOK|5 ROOM|60-79|>1km|13+,BUKIT BATOK,5 ROOM,60-79,>1km,13+,44,7.0,755888.0
BUKIT BATOK|5 ROOM|60-79|>1km|7-12,BUKIT BATOK,5 ROOM,60-79,>1km,7-12,50,3.0,750000.0
BUKIT BATOK|5 ROOM|80+|500m-1km|1-6,BUKIT BATOK,5 ROOM,80+,500m-1km,1-6,86,8.0,782500.0
BUKIT BATOK|5 ROOM|80+|500m-1km|13+,BUKIT BATOK,5 ROOM,80+,500m-1km,13+,304,43.0,940000.0
BUKIT BATOK|5 ROOM|80+|500m-1km|7-12,BUKIT BATOK,5 ROOM,80+,500m-1km,7-12,119,22.0,862500.0
BUKIT BATOK|5 ROOM|80+|<500m|1-6,BUKIT BATOK,5 ROOM,80+,<500m,1-6,11,0.0,
BUKIT BATOK|5 ROOM|80+|<500m|13+,BUKIT BATOK,5 ROOM,80+,<500m,13+,28,0.0,
BUKIT BATOK|5 ROOM|80+|<500m|7-12,BUKIT BATOK,5 ROOM,80+,<500m,7-12,15,0.0,
BUKIT BATOK|5 ROOM|80+|>1km|1-6,BUKIT BATOK,5 ROOM,80+,>1km,1-6,146,41.0,770000.0
BUKIT BATOK|5 ROOM|80+|>1km|13+,BUKIT BATOK,5 ROOM,80+,>1km,13+,109,37.0,840000.0
BUKIT BATOK|5 ROOM|80+|>1km|7-12,BUKIT BATOK,5 ROOM,80+,>1km,7-12,183,61.0,819000.0
BUKIT BATOK|5 ROOM|<60|500m-1km|1-6,BUKIT BATOK,5 ROOM,<60,500m-1km,1-6,5,2.0,616500.0
BUKIT BATOK|5 ROOM|<60|500m-1km|13+,BUKIT BATOK,5 ROOM,<60,500m-1km,13+,8,6.0,789444.0
BUKIT BATOK|5 ROOM|<60|500m-1km|7-12,BUKIT BATOK,5 ROOM,<60,500m-1km,7-12,10,5.0,625000.0
BUKIT BATOK|5 ROOM|<60|<500m|1-6,BUKIT BATOK,5 ROOM,<60,<500m,1-6,15,6.0,691500.0
BUKIT BATOK|5 ROOM|<60|<500m|13+,BUKIT BATOK,5 ROOM,<60,<500m,13+,23,10.0,780000.0
BUKIT BATOK|5 ROOM|<60|<500m|7-12,BUKIT BATOK,5 ROOM,<60,<500m,7-12,12,8.0,748500.0
BUKIT BATOK|EXECUTIVE|60-79|500m-1km|1-6,BUKIT BATOK,EXECUTIVE,60-79,500m-1km,1-6,108,3.0,805000.0
BUKIT BATOK|EXECUTIVE|60-79|500m-1km|13+,BUKIT BATOK,EXECUTIVE,60-79,500m-1km,13+,46,3.0,958000.0
BUKIT BATOK|EXECUTIVE|60-79|500m-1km|7-12,BUKIT BATOK,EXECUTIVE,60-79,500m-1km,7-12,81,4.0,918444.0
BUKIT BATOK|EXECUTIVE|60-79|<500m|1-6,BUKIT BATOK,EXECUTIVE,60-79,<500m,1-6,164,3.0,962000.0
BUKIT BATOK|EXECUTIVE|60-79|<500m|13+,BUKIT BATOK,EXECUTIVE,60-79,<500m,13+,31,0.0,
BUKIT BATOK|EXECUTIVE|60-79|<500m|7-12,BUKIT BATOK,EXECUTIVE,60-79,<500m,7-12,100,1.0,970000.0
BUKIT BATOK|EXECUTIVE|60-79|>1km|1-6,BUKIT BATOK,EXECUTIVE,60-79,>1km,1-6,56,4.0,865000.0
BUKIT BATOK|EXECUTIVE|60-79|>1km|13+,BUKIT BATOK,EXECUTIVE,60-79,>1km,13+,32,2.0,1002500.0
BUKIT BATOK|EXECUTIVE|60-79|>1km|7-12,BUKIT BATOK,EXECUTIVE,60-79,>1km,7-12,62,7.0,883000.0
BUKIT BATOK|EXECUTIVE|<60|500m-1km|1-6,BUKIT BATOK,EXECUTIVE,<60,500m-1km,1-6,13,4.0,816500.0
BUKIT BATOK|EXECUTIVE|<60|500m-1km|13+,BUKIT BATOK,EXECUTIVE,<60,500m-1km,13+,4,1.0,998000.0
BUKIT BATOK|EXECUTIVE|<60|500m-1km|7-12,BUKIT BATOK,EXECUTIVE,<60,500m-1km,7-12,9,4.0,877500.0
BUKIT BATOK|EXECUTIVE|<60|<500m|1-6,BUKIT BATOK,EXECUTIVE,<60,<500m,1-6,32,19.0,815000.0
BUKIT BATOK|EXECUTIVE|<60|<500m|13+,BUKIT BATOK,EXECUTIVE,<60,<500m,13+,9,4.0,945000.0
BUKIT BATOK|EXECUTIVE|<60|<500m|7-12,BUKIT BATOK,EXECUTIVE,<60,<500m,7-12,17,8.0,890000.0
BUKIT MERAH|2 ROOM|80+|500m-1km|1-6,BUKIT MERAH,2 ROOM,80+,500m-1km,1-6,7,2.0,501500.0
BUKIT MERAH|2 ROOM|80+|500m-1km|13+,BUKIT MERAH,2 ROOM,80+,500m-1km,13+,15,0.0,
BUKIT MERAH|2 ROOM|80+|500m-1km|7-12,BUKIT MERAH,2 ROOM,80+,500m-1km,7-12,15,3.0,520000.0
BUKIT MERAH|2 ROOM|<60|500m-1km|1-6,BUKIT MERAH,2 ROOM,<60,500m-1km,1-6,10,1.0,255000.0
BUKIT MERAH|2 ROOM|<60|500m-1km|13+,BUKIT MERAH,2 ROOM,<60,500m-1km,13+,4,2.0,271500.0
BUKIT MERAH|2 ROOM|<60|500m-1km|7-12,BUKIT MERAH,2 ROOM,<60,500m-1km,7-12,13,2.0,295000.0
BUKIT MERAH|2 ROOM|<60|<500m|1-6,BUKIT MERAH,2 ROOM,<60,<500m,1-6,118,16.0,282000.0
BUKIT MERAH|2 ROOM|<60|<500m|13+,BUKIT MERAH,2 ROOM,<60,<500m,13+,9,3.0,315000.0
BUKIT MERAH|2 ROOM|<60|<500m|7-12,BUKIT MERAH,2 ROOM,<60,<500m,7-12,95,10.0,292500.0
BUKIT MERAH|3 ROOM|60-79|500m-1km|1-6,BUKIT MERAH,3 ROOM,60-79,500m-1km,1-6,88,0.0,
BUKIT MERAH|3 ROOM|60-79|500m-1km|13+,BUKIT MERAH,3 ROOM,60-79,500m-1km,13+,20,0.0,
BUKIT MERAH|3 ROOM|60-79|500m-1km|7-12,BUKIT MERAH,3 ROOM,60-79,500m-1km,7-12,78,0.0,
BUKIT MERAH|3 ROOM|60-79|<500m|1-6,BUKIT MERAH,3 ROOM,60-79,<500m,1-6,40,1.0,718000.0
BUKIT MERAH|3 ROOM|60-79|<500m|13+,BUKIT MERAH,3 ROOM,60-79,<500m,13+,9,3.0,735000.0
BUKIT MERAH|3 ROOM|60-79|<500m|7-12,BUKIT MERAH,3 ROOM,60-79,<500m,7-12,41,0.0,
BUKIT MERAH|3 ROOM|60-79|>1km|1-6,BUKIT MERAH,3 ROOM,60-79,>1km,1-6,11,0.0,
BUKIT MERAH|3 ROOM|60-79|>1km|13+,BUKIT MERAH,3 ROOM,60-79,>1km,13+,9,0.0,
BUKIT MERAH|3 ROOM|60-79|>1km|7-12,BUKIT MERAH,3 ROOM,60-79,>1km,7-12,13,0.0,
BUKIT MERAH|3 ROOM|80+|500m-1km|1-6,BUKIT MERAH,3 ROOM,80+,500m-1km,1-6,37,2.0,719000.0
BUKIT MERAH|3 ROOM|80+|500m-1km|13+,BUKIT MERAH,3 ROOM,80+,500m-1km,13+,178,20.0,753444.0
BUKIT MERAH|3 ROOM|80+|500m-1km|7-12,BUKIT MERAH,3 ROOM,80+,500m-1km,7-12,44,6.0,727500.0
BUKIT MERAH|3 ROOM|80+|<500m|1-6,BUKIT MERAH,3 ROOM,80+,<500m,1-6,61,5.0,738000.0
BUKIT MERAH|3 ROOM|80+|<500m|13+,BUKIT MERAH,3 ROOM,80+,<500m,13+,270,18.0,836500.0
BUKIT MERAH|3 ROOM|80+|<500m|7-12,BUKIT MERAH,3 ROOM,80+,<500m,7-12,92,11.0,780000.0
BUKIT MERAH|3 ROOM|80+|>1km|1-6,BUKIT MERAH,3 ROOM,80+,>1km,1-6,7,2.0,590000.0
BUKIT MERAH|3 ROOM|80+|>1km|13+,BUKIT MERAH,3 ROOM,80+,>1km,13+,19,2.0,714444.0
BUKIT MERAH|3 ROOM|80+|>1km|7-12,BUKIT MERAH,3 ROOM,80+,>1km,7-12,18,2.0,683500.0
BUKIT MERAH|3 ROOM|<60|500m-1km|1-6,BUKIT MERAH,3 ROOM,<60,500m-1km,1-6,395,50.0,400000.0
BUKIT MERAH|3 ROOM|<60|500m-1km|13+,BUKIT MERAH,3 ROOM,<60,500m-1km,13+,108,10.0,469000.0
BUKIT MERAH|3 ROOM|<60|500m-1km|7-12,BUKIT MERAH,3 ROOM,<60,500m-1km,7-12,384,35.0,380000.0
BUKIT MERAH|3 ROOM|<60|<500m|1-6,BUKIT MERAH,3 ROOM,<60,<500m,1-6,571,51.0,439000.0
BUKIT MERAH|3 ROOM|<60|<500m|13+,BUKIT MERAH,3 ROOM,<60,<500m,13+,66,5.0,433800.0
BUKIT MERAH|3 ROOM|<60|<500m|7-12,BUKIT MERAH,3 ROOM,<60,<500m,7-12,370,38.0,434000.0
BUKIT MERAH|3 ROOM|<60|>1km|1-6,BUKIT MERAH,3 ROOM,<60,>1km,1-6,129,13.0,370000.0
BUKIT MERAH|3 ROOM|<60|>1km|13+,BUKIT MERAH,3 ROOM,<60,>1km,13+,61,9.0,405000.0
BUKIT MERAH|3 ROOM|<60|>1km|7-12,BUKIT MERAH,3 ROOM,<60,>1km,7-12,141,15.0,375000.0
BUKIT MERAH|4 ROOM|60-79|500m-1km|1-6,BUKIT MERAH,4 ROOM,60-79,500m-1km,1-6,158,7.0,781000.0
BUKIT MERAH|4 ROOM|60-79|500m-1km|13+,BUKIT MERAH,4 ROOM,60-79,500m-1km,13+,95,14.0,843444.0
BUKIT MERAH|4 ROOM|60-79|500m-1km|7-12,BUKIT MERAH,4 ROOM,60-79,500m-1km,7-12,162,5.0,866000.0
BUKIT MERAH|4 ROOM|60-79|<500m|1-6,BUKIT MERAH,4 ROOM,60-79,<500m,1-6,112,18.0,885000.0
BUKIT MERAH|4 ROOM|60-79|<500m|13+,BUKIT MERAH,4 ROOM,60-79,<500m,13+,170,45.0,1030000.0
BUKIT MERAH|4 ROOM|60-79|<500m|7-12,BUKIT MERAH,4 ROOM,60-79,<500m,7-12,124,28.0,977500.0
BUKIT MERAH|4 ROOM|60-79|>1km|1-6,BUKIT MERAH,4 ROOM,60-79,>1km,1-6,28,5.0,738000.0
BUKIT MERAH|4 ROOM|60-79|>1km|13+,BUKIT MERAH,4 ROOM,60-79,>1km,13+,40,12.0,779000.0
BUKIT MERAH|4 ROOM|60-79|>1km|7-12,BUKIT MERAH,4 ROOM,60-79,>1km,7-12,28,7.0,770000.0
BUKIT MERAH|4 ROOM|80+|500m-1km|1-6,BUKIT MERAH,4 ROOM,80+,500m-1km,1-6,98,10.0,915000.0
BUKIT MERAH|4 ROOM|80+|500m-1km|13+,BUKIT MERAH,4 ROOM,80+,500m-1km,13+,448,63.0,988000.0
BUKIT MERAH|4 ROOM|80+|500m-1km|7-12,BUKIT MERAH,4 ROOM,80+,500m-1km,7-12,147,13.0,945888.0
BUKIT MERAH|4 ROOM|80+|<500m|1-6,BUKIT MERAH,4 ROOM,80+,<500m,1-6,242,10.0,934444.0
BUKIT MERAH|4 ROOM|80+|<500m|13+,BUKIT MERAH,4 ROOM,80+,<500m,13+,750,50.0,1100000.0
BUKIT MERAH|4 ROOM|80+|<500m|7-12,BUKIT MERAH,4 ROOM,80+,<500m,7-12,234,7.0,1000000.0
BUKIT MERAH|4 ROOM|80+|>1km|1-6,BUKIT MERAH,4 ROOM,80+,>1km,1-6,38,1.0,788000.0
BUKIT MERAH|4 ROOM|80+|>1km|13+,BUKIT MERAH,4 ROOM,80+,>1km,13+,69,2.0,862500.0
BUKIT MERAH|4 ROOM|80+|>1km|7-12,BUKIT MERAH,4 ROOM,80+,>1km,7-12,58,5.0,840000.0
BUKIT MERAH|4 ROOM|<60|500m-1km|1-6,BUKIT MERAH,4 ROOM,<60,500m-1km,1-6,149,21.0,600008.0
BUKIT MERAH|4 ROOM|<60|500m-1km|13+,BUKIT MERAH,4 ROOM,<60,500m-1km,13+,53,9.0,653000.0
BUKIT MERAH|4 ROOM|<60|500m-1km|7-12,BUKIT MERAH,4 ROOM,<60,500m-1km,7-12,160,29.0,680000.0
BUKIT MERAH|4 ROOM|<60|<500m|1-6,BUKIT MERAH,4 ROOM,<60,<500m,1-6,95,12.0,595000.0
BUKIT MERAH|4 ROOM|<60|<500m|13+,BUKIT MERAH,4 ROOM,<60,<500m,13+,17,2.0,606000.0
BUKIT MERAH|4 ROOM|<60|<500m|7-12,BUKIT MERAH,4 ROOM,<60,<500m,7-12,92,11.0,610000.0
BUKIT MERAH|4 ROOM|<60|>1km|1-6,BUKIT MERAH,4 ROOM,<60,>1km,1-6,16,0.0,
BUKIT MERAH|4 ROOM|<60|>1km|13+,BUKIT MERAH,4 ROOM,<60,>1km,13+,5,0.0,
BUKIT MERAH|4 ROOM|<60|>1km|7-12,BUKIT MERAH,4 ROOM,<60,>1km,7-12,19,1.0,517000.0
BUKIT MERAH|5 ROOM|60-79|500m-1km|1-6,BUKIT MERAH,5 ROOM,60-79,500m-1km,1-6,92,5.0,880000.0
BUKIT MERAH|5 ROOM|60-79|500m-1km|13+,BUKIT MERAH,5 ROOM,60-79,500m-1km,13+,100,8.0,1010000.0
BUKIT MERAH|5 ROOM|60-79|500m-1km|7-12,BUKIT MERAH,5 ROOM,60-79,500m-1km,7-12,79,4.0,968444.0
BUKIT MERAH|5 ROOM|60-79|<500m|1-6,BUKIT MERAH,5 ROOM,60-79,<500m,1-6,98,14.0,1107500.0
BUKIT MERAH|5 ROOM|60-79|<500m|13+,BUKIT MERAH,5 ROOM,60-79,<500m,13+,205,33.0,1205000.0
BUKIT MERAH|5 ROOM|60-79|<500m|7-12,BUKIT MERAH,5 ROOM,60-79,<500m,7-12,107,16.0,1182500.0
BUKIT MERAH|5 ROOM|60-79|>1km|1-6,BUKIT MERAH,5 ROOM,60-79,>1km,1-6,21,1.0,780000.0
BUKIT MERAH|5 ROOM|60-79|>1km|13+,BUKIT MERAH,5 ROOM,60-79,>1km,13+,26,3.0,895000.0
BUKIT MERAH|5 ROOM|60-79|>1km|7-12,BUKIT MERAH,5 ROOM,60-79,>1km,7-12,16,2.0,900000.0
BUKIT MERAH|5 ROOM|80+|500m-1km|1-6,BUKIT MERAH,5 ROOM,80+,500m-1km,1-6,22,0.0,
BUKIT MERAH|5 ROOM|80+|500m-1km|13+,BUKIT MERAH,5 ROOM,80+,500m-1km,13+,79,5.0,1465888.0
BUKIT MERAH|5 ROOM|80+|500m-1km|7-12,BUKIT MERAH,5 ROOM,80+,500m-1km,7-12,26,2.0,1419000.0
BUKIT MERAH|5 ROOM|80+|<500m|1-6,BUKIT MERAH,5 ROOM,80+,<500m,1-6,93,3.0,1210000.0
BUKIT MERAH|5 ROOM|80+|<500m|13+,BUKIT MERAH,5 ROOM,80+,<500m,13+,274,7.0,1408888.0
BUKIT MERAH|5 ROOM|80+|<500m|7-12,BUKIT MERAH,5 ROOM,80+,<500m,7-12,95,3.0,1480888.0
BUKIT MERAH|5 ROOM|80+|>1km|1-6,BUKIT MERAH,5 ROOM,80+,>1km,1-6,23,0.0,
BUKIT MERAH|5 ROOM|80+|>1km|13+,BUKIT MERAH,5 ROOM,80+,>1km,13+,40,0.0,
BUKIT MERAH|5 ROOM|80+|>1km|7-12,BUKIT MERAH,5 ROOM,80+,>1km,7-12,20,0.0,
BUKIT MERAH|5 ROOM|<60|500m-1km|1-6,BUKIT MERAH,5 ROOM,<60,500m-1km,1-6,47,5.0,770000.0
BUKIT MERAH|5 ROOM|<60|500m-1km|13+,BUKIT MERAH,5 ROOM,<60,500m-1km,13+,91,17.0,828000.0
BUKIT MERAH|5 ROOM|<60|500m-1km|7-12,BUKIT MERAH,5 ROOM,<60,500m-1km,7-12,54,9.0,828000.0
BUKIT MERAH|5 ROOM|<60|<500m|1-6,BUKIT MERAH,5 ROOM,<60,<500m,1-6,71,8.0,906500.0
BUKIT MERAH|5 ROOM|<60|<500m|13+,BUKIT MERAH,5 ROOM,<60,<500m,13+,112,9.0,908888.0
BUKIT MERAH|5 ROOM|<60|<500m|7-12,BUKIT MERAH,5 ROOM,<60,<500m,7-12,71,10.0,989000.0
BUKIT MERAH|5 ROOM|<60|>1km|1-6,BUKIT MERAH,5 ROOM,<60,>1km,1-6,23,3.0,750000.0
BUKIT MERAH|5 ROOM|<60|>1km|13+,BUKIT MERAH,5 ROOM,<60,>1km,13+,38,5.0,750000.0
BUKIT MERAH|5 ROOM|<60|>1km|7-12,BUKIT MERAH,5 ROOM,<60,>1km,7-12,26,3.0,760000.0
BUKIT MERAH|EXECUTIVE|60-79|500m-1km|1-6,BUKIT MERAH,EXECUTIVE,60-79,500m-1km,1-6,1,0.0,
BUKIT MERAH|EXECUTIVE|<60|500m-1km|7-12,BUKIT MERAH,EXECUTIVE,<60,500m-1km,7-12,1,0.0,
BUKIT MERAH|EXECUTIVE|<60|<500m|1-6,BUKIT MERAH,EXECUTIVE,<60,<500m,1-6,1,0.0,
BUKIT PANJANG|2 ROOM|80+|500m-1km|1-6,BUKIT PANJANG,2 ROOM,80+,500m-1km,1-6,5,1.0,338000.0
BUKIT PANJANG|2 ROOM|80+|500m-1km|13+,BUKIT PANJANG,2 ROOM,80+,500m-1km,13+,28,2.0,411250.0
BUKIT PANJANG|2 ROOM|80+|500m-1km|7-12,BUKIT PANJANG,2 ROOM,80+,500m-1km,7-12,14,2.0,366500.0
BUKIT PANJANG|2 ROOM|80+|<500m|1-6,BUKIT PANJANG,2 ROOM,80+,<500m,1-6,5,1.0,380000.0
BUKIT PANJANG|2 ROOM|80+|<500m|13+,BUKIT PANJANG,2 ROOM,80+,<500m,13+,17,0.0,
BUKIT PANJANG|2 ROOM|80+|<500m|7-12,BUKIT PANJANG,2 ROOM,80+,<500m,7-12,5,1.0,410000.0
BUKIT PANJANG|2 ROOM|80+|>1km|1-6,BUKIT PANJANG,2 ROOM,80+,>1km,1-6,20,2.0,340000.0
BUKIT PANJANG|2 ROOM|80+|>1km|13+,BUKIT PANJANG,2 ROOM,80+,>1km,13+,26,0.0,
BUKIT PANJANG|2 ROOM|80+|>1km|7-12,BUKIT PANJANG,2 ROOM,80+,>1km,7-12,39,2.0,341944.0
BUKIT PANJANG|3 ROOM|60-79|500m-1km|1-6,BUKIT PANJANG,3 ROOM,60-79,500m-1km,1-6,207,16.0,414000.0
BUKIT PANJANG|3 ROOM|60-79|500m-1km|7-12,BUKIT PANJANG,3 ROOM,60-79,500m-1km,7-12,145,6.0,442500.0
BUKIT PANJANG|3 ROOM|60-79|>1km|1-6,BUKIT PANJANG,3 ROOM,60-79,>1km,1-6,126,18.0,425000.0
BUKIT PANJANG|3 ROOM|60-79|>1km|7-12,BUKIT PANJANG,3 ROOM,60-79,>1km,7-12,110,10.0,449000.0
BUKIT PANJANG|3 ROOM|80+|500m-1km|1-6,BUKIT PANJANG,3 ROOM,80+,500m-1km,1-6,11,2.0,490000.0
BUKIT PANJANG|3 ROOM|80+|500m-1km|13+,BUKIT PANJANG,3 ROOM,80+,500m-1km,13+,45,7.0,545000.0
BUKIT PANJANG|3 ROOM|80+|500m-1km|7-12,BUKIT PANJANG,3 ROOM,80+,500m-1km,7-12,24,4.0,512500.0
BUKIT PANJANG|3 ROOM|80+|<500m|1-6,BUKIT PANJANG,3 ROOM,80+,<500m,1-6,7,0.0,
BUKIT PANJANG|3 ROOM|80+|<500m|13+,BUKIT PANJANG,3 ROOM,80+,<500m,13+,13,1.0,543800.0
BUKIT PANJANG|3 ROOM|80+|<500m|7-12,BUKIT PANJANG,3 ROOM,80+,<500m,7-12,3,1.0,500000.0
BUKIT PANJANG|3 ROOM|80+|>1km|1-6,BUKIT PANJANG,3 ROOM,80+,>1km,1-6,111,9.0,460000.0
BUKIT PANJANG|3 ROOM|80+|>1km|13+,BUKIT PANJANG,3 ROOM,80+,>1km,13+,101,11.0,510000.0
BUKIT PANJANG|3 ROOM|80+|>1km|7-12,BUKIT PANJANG,3 ROOM,80+,>1km,7-12,140,18.0,494944.0
BUKIT PANJANG|3 ROOM|<60|500m-1km|1-6,BUKIT PANJANG,3 ROOM,<60,500m-1km,1-6,1,1.0,410000.0
BUKIT PANJANG|4 ROOM|60-79|500m-1km|1-6,BUKIT PANJANG,4 ROOM,60-79,500m-1km,1-6,390,42.0,534000.0
BUKIT PANJANG|4 ROOM|60-79|500m-1km|13+,BUKIT PANJANG,4 ROOM,60-79,500m-1km,13+,142,35.0,598000.0
BUKIT PANJANG|4 ROOM|60-79|500m-1km|7-12,BUKIT PANJANG,4 ROOM,60-79,500m-1km,7-12,311,28.0,552500.0
BUKIT PANJANG|4 ROOM|60-79|<500m|1-6,BUKIT PANJANG,4 ROOM,60-79,<500m,1-6,110,13.0,615000.0
BUKIT PANJANG|4 ROOM|60-79|<500m|13+,BUKIT PANJANG,4 ROOM,60-79,<500m,13+,163,20.0,760000.0
BUKIT PANJANG|4 ROOM|60-79|<500m|7-12,BUKIT PANJANG,4 ROOM,60-79,<500m,7-12,108,8.0,631000.0
BUKIT PANJANG|4 ROOM|60-79|>1km|1-6,BUKIT PANJANG,4 ROOM,60-79,>1km,1-6,473,59.0,510000.0
BUKIT PANJANG|4 ROOM|60-79|>1km|13+,BUKIT PANJANG,4 ROOM,60-79,>1km,13+,81,7.0,562888.0
BUKIT PANJANG|4 ROOM|60-79|>1km|7-12,BUKIT PANJANG,4 ROOM,60-79,>1km,7-12,436,39.0,523000.0
BUKIT PANJANG|4 ROOM|80+|500m-1km|1-6,BUKIT PANJANG,4 ROOM,80+,500m-1km,1-6,132,9.0,600000.0
BUKIT PANJANG|4 ROOM|80+|500m-1km|13+,BUKIT PANJANG,4 ROOM,80+,500m-1km,13+,420,26.0,667444.0
BUKIT PANJANG|4 ROOM|80+|500m-1km|7-12,BUKIT PANJANG,4 ROOM,80+,500m-1km,7-12,168,7.0,636888.0
BUKIT PANJANG|4 ROOM|80+|<500m|1-6,BUKIT PANJANG,4 ROOM,80+,<500m,1-6,47,1.0,615000.0
BUKIT PANJANG|4 ROOM|80+|<500m|13+,BUKIT PANJANG,4 ROOM,80+,<500m,13+,101,5.0,685000.0
BUKIT PANJANG|4 ROOM|80+|<500m|7-12,BUKIT PANJANG,4 ROOM,80+,<500m,7-12,47,2.0,647500.0
BUKIT PANJANG|4 ROOM|80+|>1km|1-6,BUKIT PANJANG,4 ROOM,80+,>1km,1-6,265,19.0,590000.0
BUKIT PANJANG|4 ROOM|80+|>1km|13+,BUKIT PANJANG,4 ROOM,80+,>1km,13+,247,21.0,625000.0
BUKIT PANJANG|4 ROOM|80+|>1km|7-12,BUKIT PANJANG,4 ROOM,80+,>1km,7-12,341,30.0,613500.0
BUKIT PANJANG|4 ROOM|<60|500m-1km|7-12,BUKIT PANJANG,4 ROOM,<60,500m-1km,7-12,1,1.0,538000.0
BUKIT PANJANG|4 ROOM|<60|>1km|1-6,BUKIT PANJANG,4 ROOM,<60,>1km,1-6,1,1.0,455000.0
BUKIT PANJANG|4 ROOM|<60|>1km|7-12,BUKIT PANJANG,4 ROOM,<60,>1km,7-12,2,2.0,498444.0
BUKIT PANJANG|5 ROOM|60-79|500m-1km|1-6,BUKIT PANJANG,5 ROOM,60-79,500m-1km,1-6,213,18.0,620000.0
BUKIT PANJANG|5 ROOM|60-79|500m-1km|13+,BUKIT PANJANG,5 ROOM,60-79,500m-1km,13+,204,28.0,716500.0
BUKIT PANJANG|5 ROOM|60-79|500m-1km|7-12,BUKIT PANJANG,5 ROOM,60-79,500m-1km,7-12,199,24.0,689000.0
BUKIT PANJANG|5 ROOM|60-79|<500m|1-6,BUKIT PANJANG,5 ROOM,60-79,<500m,1-6,75,6.0,637944.0
BUKIT PANJANG|5 ROOM|60-79|<500m|13+,BUKIT PANJANG,5 ROOM,60-79,<500m,13+,197,28.0,916944.0
BUKIT PANJANG|5 ROOM|60-79|<500m|7-12,BUKIT PANJANG,5 ROOM,60-79,<500m,7-12,74,8.0,750000.0
BUKIT PANJANG|5 ROOM|60-79|>1km|1-6,BUKIT PANJANG,5 ROOM,60-79,>1km,1-6,216,19.0,600000.0
BUKIT PANJANG|5 ROOM|60-79|>1km|13+,BUKIT PANJANG,5 ROOM,60-79,>1km,13+,88,12.0,662500.0
BUKIT PANJANG|5 ROOM|60-79|>1km|7-12,BUKIT PANJANG,5 ROOM,60-79,>1km,7-12,263,28.0,642500.0
BUKIT PANJANG|5 ROOM|80+|500m-1km|1-6,BUKIT PANJANG,5 ROOM,80+,500m-1km,1-6,75,1.0,665000.0
BUKIT PANJANG|5 ROOM|80+|500m-1km|13+,BUKIT PANJANG,5 ROOM,80+,500m-1km,13+,243,10.0,804444.0
BUKIT PANJANG|5 ROOM|80+|500m-1km|7-12,BUKIT PANJANG,5 ROOM,80+,500m-1km,7-12,101,7.0,753888.0
BUKIT PANJANG|5 ROOM|80+|<500m|1-6,BUKIT PANJANG,5 ROOM,80+,<500m,1-6,34,0.0,
BUKIT PANJANG|5 ROOM|80+|<500m|13+,BUKIT PANJANG,5 ROOM,80+,<500m,13+,103,0.0,
BUKIT PANJANG|5 ROOM|80+|<500m|7-12,BUKIT PANJANG,5 ROOM,80+,<500m,7-12,48,0.0,
BUKIT PANJANG|5 ROOM|80+|>1km|1-6,BUKIT PANJANG,5 ROOM,80+,>1km,1-6,120,7.0,695888.0
BUKIT PANJANG|5 ROOM|80+|>1km|13+,BUKIT PANJANG,5 ROOM,80+,>1km,13+,116,6.0,757500.0
BUKIT PANJANG|5 ROOM|80+|>1km|7-12,BUKIT PANJANG,5 ROOM,80+,>1km,7-12,144,11.0,740000.0
BUKIT PANJANG|EXECUTIVE|60-79|500m-1km|1-6,BUKIT PANJANG,EXECUTIVE,60-79,500m-1km,1-6,165,16.0,842500.0
BUKIT PANJANG|EXECUTIVE|60-79|500m-1km|13+,BUKIT PANJANG,EXECUTIVE,60-79,500m-1km,13+,70,12.0,929000.0
BUKIT PANJANG|EXECUTIVE|60-79|500m-1km|7-12,BUKIT PANJANG,EXECUTIVE,60-79,500m-1km,7-12,112,6.0,876500.0
BUKIT PANJANG|EXECUTIVE|60-79|<500m|1-6,BUKIT PANJANG,EXECUTIVE,60-79,<500m,1-6,35,3.0,940000.0
BUKIT PANJANG|EXECUTIVE|60-79|<500m|13+,BUKIT PANJANG,EXECUTIVE,60-79,<500m,13+,35,5.0,1000000.0
BUKIT PANJANG|EXECUTIVE|60-79|<500m|7-12,BUKIT PANJANG,EXECUTIVE,60-79,<500m,7-12,49,4.0,927500.0
BUKIT PANJANG|EXECUTIVE|60-79|>1km|1-6,BUKIT PANJANG,EXECUTIVE,60-79,>1km,1-6,114,17.0,705888.0
BUKIT PANJANG|EXECUTIVE|60-79|>1km|13+,BUKIT PANJANG,EXECUTIVE,60-79,>1km,13+,36,6.0,755000.0
BUKIT PANJANG|EXECUTIVE|60-79|>1km|7-12,BUKIT PANJANG,EXECUTIVE,60-79,>1km,7-12,84,8.0,725000.0
BUKIT PANJANG|EXECUTIVE|80+|500m-1km|1-6,BUKIT PANJANG,EXECUTIVE,80+,500m-1km,1-6,24,0.0,
BUKIT PANJANG|EXECUTIVE|80+|500m-1km|13+,BUKIT PANJANG,EXECUTIVE,80+,500m-1km,13+,16,0.0,
BUKIT PANJANG|EXECUTIVE|80+|500m-1km|7-12,BUKIT PANJANG,EXECUTIVE,80+,500m-1km,7-12,15,0.0,
BUKIT PANJANG|EXECUTIVE|80+|<500m|1-6,BUKIT PANJANG,EXECUTIVE,80+,<500m,1-6,12,0.0,
BUKIT PANJANG|EXECUTIVE|80+|<500m|13+,BUKIT PANJANG,EXECUTIVE,80+,<500m,13+,29,0.0,
BUKIT PANJANG|EXECUTIVE|80+|<500m|7-12,BUKIT PANJANG,EXECUTIVE,80+,<500m,7-12,18,0.0,
BUKIT PANJANG|EXECUTIVE|80+|>1km|1-6,BUKIT PANJANG,EXECUTIVE,80+,>1km,1-6,22,0.0,
BUKIT PANJANG|EXECUTIVE|80+|>1km|13+,BUKIT PANJANG,EXECUTIVE,80+,>1km,13+,15,0.0,
BUKIT PANJANG|EXECUTIVE|80+|>1km|7-12,BUKIT PANJANG,EXECUTIVE,80+,>1km,7-12,25,0.0,
BUKIT TIMAH|3 ROOM|60-79|<500m|1-6,BUKIT TIMAH,3 ROOM,60-79,<500m,1-6,5,0.0,
BUKIT TIMAH|3 ROOM|<60|<500m|1-6,BUKIT TIMAH,3 ROOM,<60,<500m,1-6,27,1.0,460000.0
BUKIT TIMAH|3 ROOM|<60|<500m|13+,BUKIT TIMAH,3 ROOM,<60,<500m,13+,7,1.0,455000.0
BUKIT TIMAH|3 ROOM|<60|<500m|7-12,BUKIT TIMAH,3 ROOM,<60,<500m,7-12,68,7.0,500000.0
BUKIT TIMAH|4 ROOM|60-79|<500m|1-6,BUKIT TIMAH,4 ROOM,60-79,<500m,1-6,59,5.0,930000.0
BUKIT TIMAH|4 ROOM|60-79|<500m|13+,BUKIT TIMAH,4 ROOM,60-79,<500m,13+,14,2.0,974000.0
BUKIT TIMAH|4 ROOM|60-79|<500m|7-12,BUKIT TIMAH,4 ROOM,60-79,<500m,7-12,68,8.0,944000.0
BUKIT TIMAH|4 ROOM|<60|<500m|1-6,BUKIT TIMAH,4 ROOM,<60,<500m,1-6,30,0.0,
BUKIT TIMAH|4 ROOM|<60|<500m|7-12,BUKIT TIMAH,4 ROOM,<60,<500m,7-12,43,1.0,680000.0
BUKIT TIMAH|5 ROOM|60-79|<500m|1-6,BUKIT TIMAH,5 ROOM,60-79,<500m,1-6,44,7.0,1050000.0
BUKIT TIMAH|5 ROOM|60-79|<500m|13+,BUKIT TIMAH,5 ROOM,60-79,<500m,13+,9,0.0,
BUKIT TIMAH|5 ROOM|60-79|<500m|7-12,BUKIT TIMAH,5 ROOM,60-79,<500m,7-12,60,10.0,1211444.0
BUKIT TIMAH|5 ROOM|<60|<500m|1-6,BUKIT TIMAH,5 ROOM,<60,<500m,1-6,8,1.0,925000.0
BUKIT TIMAH|5 ROOM|<60|<500m|13+,BUKIT TIMAH,5 ROOM,<60,<500m,13+,17,5.0,1020000.0
BUKIT TIMAH|5 ROOM|<60|<500m|7-12,BUKIT TIMAH,5 ROOM,<60,<500m,7-12,12,1.0,990000.0
BUKIT TIMAH|EXECUTIVE|60-79|<500m|1-6,BUKIT TIMAH,EXECUTIVE,60-79,<500m,1-6,79,6.0,1340000.0
BUKIT TIMAH|EXECUTIVE|60-79|<500m|13+,BUKIT TIMAH,EXECUTIVE,60-79,<500m,13+,6,0.0,
BUKIT TIMAH|EXECUTIVE|60-79|<500m|7-12,BUKIT TIMAH,EXECUTIVE,60-79,<500m,7-12,32,3.0,1420000.0
CENTRAL AREA|2 ROOM|60-79|500m-1km|1-6,CENTRAL AREA,2 ROOM,60-79,500m-1km,1-6,3,0.0,
CENTRAL AREA|2 ROOM|60-79|500m-1km|7-12,CENTRAL AREA,2 ROOM,60-79,500m-1km,7-12,6,0.0,
CENTRAL AREA|2 ROOM|60-79|<500m|1-6,CENTRAL AREA,2 ROOM,60-79,<500m,1-6,1,0.0,
CENTRAL AREA|2 ROOM|60-79|<500m|7-12,CENTRAL AREA,2 ROOM,60-79,<500m,7-12,3,0.0,
CENTRAL AREA|2 ROOM|<60|500m-1km|1-6,CENTRAL AREA,2 ROOM,<60,500m-1km,1-6,2,0.0,
CENTRAL AREA|2 ROOM|<60|500m-1km|7-12,CENTRAL AREA,2 ROOM,<60,500m-1km,7-12,9,1.0,340000.0
CENTRAL AREA|2 ROOM|<60|<500m|1-6,CENTRAL AREA,2 ROOM,<60,<500m,1-6,14,3.0,298000.0
CENTRAL AREA|2 ROOM|<60|<500m|13+,CENTRAL AREA,2 ROOM,<60,<500m,13+,6,0.0,
CENTRAL AREA|2 ROOM|<60|<500m|7-12,CENTRAL AREA,2 ROOM,<60,<500m,7-12,32,2.0,375000.0
CENTRAL AREA|3 ROOM|60-79|<500m|1-6,CENTRAL AREA,3 ROOM,60-79,<500m,1-6,62,0.0,
CENTRAL AREA|3 ROOM|60-79|<500m|13+,CENTRAL AREA,3 ROOM,60-79,<500m,13+,44,0.0,
CENTRAL AREA|3 ROOM|60-79|<500m|7-12,CENTRAL AREA,3 ROOM,60-79,<500m,7-12,74,0.0,
CENTRAL AREA|3 ROOM|<60|500m-1km|1-6,CENTRAL AREA,3 ROOM,<60,500m-1km,1-6,2,0.0,
CENTRAL AREA|3 ROOM|<60|500m-1km|7-12,CENTRAL AREA,3 ROOM,<60,500m-1km,7-12,6,1.0,450000.0
CENTRAL AREA|3 ROOM|<60|<500m|1-6,CENTRAL AREA,3 ROOM,<60,<500m,1-6,120,18.0,546000.0
CENTRAL AREA|3 ROOM|<60|<500m|13+,CENTRAL AREA,3 ROOM,<60,<500m,13+,233,12.0,571500.0
CENTRAL AREA|3 ROOM|<60|<500m|7-12,CENTRAL AREA,3 ROOM,<60,<500m,7-12,223,34.0,543000.0
CENTRAL AREA|4 ROOM|60-79|<500m|1-6,CENTRAL AREA,4 ROOM,60-79,<500m,1-6,34,2.0,681500.0
CENTRAL AREA|4 ROOM|60-79|<500m|13+,CENTRAL AREA,4 ROOM,60-79,<500m,13+,61,0.0,
CENTRAL AREA|4 ROOM|60-79|<500m|7-12,CENTRAL AREA,4 ROOM,60-79,<500m,7-12,48,3.0,705000.0
CENTRAL AREA|4 ROOM|80+|<500m|1-6,CENTRAL AREA,4 ROOM,80+,<500m,1-6,53,3.0,1200000.0
CENTRAL AREA|4 ROOM|80+|<500m|13+,CENTRAL AREA,4 ROOM,80+,<500m,13+,312,29.0,1430000.0
CENTRAL AREA|4 ROOM|80+|<500m|7-12,CENTRAL AREA,4 ROOM,80+,<500m,7-12,60,3.0,1178000.0
CENTRAL AREA|4 ROOM|<60|<500m|1-6,CENTRAL AREA,4 ROOM,<60,<500m,1-6,30,7.0,770000.0
CENTRAL AREA|4 ROOM|<60|<500m|13+,CENTRAL AREA,4 ROOM,<60,<500m,13+,100,19.0,802000.0
CENTRAL AREA|4 ROOM|<60|<500m|7-12,CENTRAL AREA,4 ROOM,<60,<500m,7-12,62,9.0,780000.0
CENTRAL AREA|5 ROOM|60-79|<500m|1-6,CENTRAL AREA,5 ROOM,60-79,<500m,1-6,8,3.0,815000.0
CENTRAL AREA|5 ROOM|60-79|<500m|13+,CENTRAL AREA,5 ROOM,60-79,<500m,13+,20,2.0,783500.0
CENTRAL AREA|5 ROOM|60-79|<500m|7-12,CENTRAL AREA,5 ROOM,60-79,<500m,7-12,7,2.0,787500.0
CENTRAL AREA|5 ROOM|80+|<500m|1-6,CENTRAL AREA,5 ROOM,80+,<500m,1-6,24,1.0,1350000.0
CENTRAL AREA|5 ROOM|80+|<500m|13+,CENTRAL AREA,5 ROOM,80+,<500m,13+,171,12.0,1530000.0
CENTRAL AREA|5 ROOM|80+|<500m|7-12,CENTRAL AREA,5 ROOM,80+,<500m,7-12,29,4.0,1497500.0
CENTRAL AREA|5 ROOM|<60|<500m|1-6,CENTRAL AREA,5 ROOM,<60,<500m,1-6,1,0.0,
CENTRAL AREA|5 ROOM|<60|<500m|13+,CENTRAL AREA,5 ROOM,<60,<500m,13+,14,4.0,1124000.0
CENTRAL AREA|5 ROOM|<60|<500m|7-12,CENTRAL AREA,5 ROOM,<60,<500m,7-12,1,0.0,
CENTRAL AREA|EXECUTIVE|60-79|<500m|7-12,CENTRAL AREA,EXECUTIVE,60-79,<500m,7-12,2,0.0,
CHOA CHU KANG|2 ROOM|80+|500m-1km|1-6,CHOA CHU KANG,2 ROOM,80+,500m-1km,1-6,31,3.0,330000.0
CHOA CHU KANG|2 ROOM|80+|500m-1km|13+,CHOA CHU KANG,2 ROOM,80+,500m-1km,13+,25,2.0,356444.0
CHOA CHU KANG|2 ROOM|80+|500m-1km|7-12,CHOA CHU KANG,2 ROOM,80+,500m-1km,7-12,32,2.0,340000.0
CHOA CHU KANG|2 ROOM|80+|<500m|13+,CHOA CHU KANG,2 ROOM,80+,<500m,13+,5,5.0,425000.0
CHOA CHU KANG|2 ROOM|80+|<500m|7-12,CHOA CHU KANG,2 ROOM,80+,<500m,7-12,1,1.0,430000.0
CHOA CHU KANG|2 ROOM|80+|>1km|1-6,CHOA CHU KANG,2 ROOM,80+,>1km,1-6,4,1.0,358000.0
CHOA CHU KANG|2 ROOM|80+|>1km|13+,CHOA CHU KANG,2 ROOM,80+,>1km,13+,4,0.0,
CHOA CHU KANG|2 ROOM|80+|>1km|7-12,CHOA CHU KANG,2 ROOM,80+,>1km,7-12,2,0.0,
CHOA CHU KANG|3 ROOM|60-79|500m-1km|1-6,CHOA CHU KANG,3 ROOM,60-79,500m-1km,1-6,85,3.0,410000.0
CHOA CHU KANG|3 ROOM|60-79|500m-1km|13+,CHOA CHU KANG,3 ROOM,60-79,500m-1km,13+,6,0.0,
CHOA CHU KANG|3 ROOM|60-79|500m-1km|7-12,CHOA CHU KANG,3 ROOM,60-79,500m-1km,7-12,94,8.0,425500.0
CHOA CHU KANG|3 ROOM|60-79|<500m|1-6,CHOA CHU KANG,3 ROOM,60-79,<500m,1-6,2,0.0,
CHOA CHU KANG|3 ROOM|80+|500m-1km|1-6,CHOA CHU KANG,3 ROOM,80+,500m-1km,1-6,36,6.0,462500.0
CHOA CHU KANG|3 ROOM|80+|500m-1km|13+,CHOA CHU KANG,3 ROOM,80+,500m-1km,13+,48,4.0,483500.0
CHOA CHU KANG|3 ROOM|80+|500m-1km|7-12,CHOA CHU KANG,3 ROOM,80+,500m-1km,7-12,61,7.0,490000.0
CHOA CHU KANG|3 ROOM|80+|<500m|1-6,CHOA CHU KANG,3 ROOM,80+,<500m,1-6,24,2.0,457500.0
CHOA CHU KANG|3 ROOM|80+|<500m|13+,CHOA CHU KANG,3 ROOM,80+,<500m,13+,6,1.0,522000.0
CHOA CHU KANG|3 ROOM|80+|<500m|7-12,CHOA CHU KANG,3 ROOM,80+,<500m,7-12,31,3.0,540000.0
CHOA CHU KANG|3 ROOM|80+|>1km|1-6,CHOA CHU KANG,3 ROOM,80+,>1km,1-6,64,3.0,485000.0
CHOA CHU KANG|3 ROOM|80+|>1km|13+,CHOA CHU KANG,3 ROOM,80+,>1km,13+,41,2.0,487500.0
CHOA CHU KANG|3 ROOM|80+|>1km|7-12,CHOA CHU KANG,3 ROOM,80+,>1km,7-12,86,9.0,505000.0
CHOA CHU KANG|3 ROOM|<60|500m-1km|1-6,CHOA CHU KANG,3 ROOM,<60,500m-1km,1-6,40,6.0,406500.0
CHOA CHU KANG|3 ROOM|<60|500m-1km|7-12,CHOA CHU KANG,3 ROOM,<60,500m-1km,7-12,60,9.0,393000.0
CHOA CHU KANG|3 ROOM|<60|<500m|1-6,CHOA CHU KANG,3 ROOM,<60,<500m,1-6,19,4.0,347500.0
CHOA CHU KANG|3 ROOM|<60|<500m|7-12,CHOA CHU KANG,3 ROOM,<60,<500m,7-12,16,3.0,360000.0
CHOA CHU KANG|4 ROOM|60-79|500m-1km|1-6,CHOA CHU KANG,4 ROOM,60-79,500m-1km,1-6,774,71.0,530000.0
CHOA CHU KANG|4 ROOM|60-79|500m-1km|13+,CHOA CHU KANG,4 ROOM,60-79,500m-1km,13+,186,19.0,538800.0
CHOA CHU KANG|4 ROOM|60-79|500m-1km|7-12,CHOA CHU KANG,4 ROOM,60-79,500m-1km,7-12,661,63.0,543000.0
CHOA CHU KANG|4 ROOM|60-79|<500m|1-6,CHOA CHU KANG,4 ROOM,60-79,<500m,1-6,640,73.0,545000.0
CHOA CHU KANG|4 ROOM|60-79|<500m|13+,CHOA CHU KANG,4 ROOM,60-79,<500m,13+,133,15.0,580000.0
CHOA CHU KANG|4 ROOM|60-79|<500m|7-12,CHOA CHU KANG,4 ROOM,60-79,<500m,7-12,543,54.0,570000.0
CHOA CHU KANG|4 ROOM|60-79|>1km|1-6,CHOA CHU KANG,4 ROOM,60-79,>1km,1-6,117,14.0,505000.0
CHOA CHU KANG|4 ROOM|60-79|>1km|13+,CHOA CHU KANG,4 ROOM,60-79,>1km,13+,73,11.0,553500.0
CHOA CHU KANG|4 ROOM|60-79|>1km|7-12,CHOA CHU KANG,4 ROOM,60-79,>1km,7-12,102,12.0,525000.0
CHOA CHU KANG|4 ROOM|80+|500m-1km|1-6,CHOA CHU KANG,4 ROOM,80+,500m-1km,1-6,162,9.0,585000.0
CHOA CHU KANG|4 ROOM|80+|500m-1km|13+,CHOA CHU KANG,4 ROOM,80+,500m-1km,13+,240,16.0,655250.0
CHOA CHU KANG|4 ROOM|80+|500m-1km|7-12,CHOA CHU KANG,4 ROOM,80+,500m-1km,7-12,213,16.0,635000.0
CHOA CHU KANG|4 ROOM|80+|<500m|1-6,CHOA CHU KANG,4 ROOM,80+,<500m,1-6,67,2.0,611500.0
CHOA CHU KANG|4 ROOM|80+|<500m|13+,CHOA CHU KANG,4 ROOM,80+,<500m,13+,24,1.0,645000.0
CHOA CHU KANG|4 ROOM|80+|<500m|7-12,CHOA CHU KANG,4 ROOM,80+,<500m,7-12,57,3.0,618000.0
CHOA CHU KANG|4 ROOM|80+|>1km|1-6,CHOA CHU KANG,4 ROOM,80+,>1km,1-6,384,35.0,570000.0
CHOA CHU KANG|4 ROOM|80+|>1km|13+,CHOA CHU KANG,4 ROOM,80+,>1km,13+,268,27.0,610888.0
CHOA CHU KANG|4 ROOM|80+|>1km|7-12,CHOA CHU KANG,4 ROOM,80+,>1km,7-12,491,38.0,600000.0
CHOA CHU KANG|4 ROOM|<60|500m-1km|1-6,CHOA CHU KANG,4 ROOM,<60,500m-1km,1-6,59,10.0,447500.0
CHOA CHU KANG|4 ROOM|<60|500m-1km|13+,CHOA CHU KANG,4 ROOM,<60,500m-1km,13+,6,0.0,
CHOA CHU KANG|4 ROOM|<60|500m-1km|7-12,CHOA CHU KANG,4 ROOM,<60,500m-1km,7-12,59,7.0,450000.0
CHOA CHU KANG|4 ROOM|<60|<500m|1-6,CHOA CHU KANG,4 ROOM,<60,<500m,1-6,1,0.0,
CHOA CHU KANG|4 ROOM|<60|<500m|7-12,CHOA CHU KANG,4 ROOM,<60,<500m,7-12,2,1.0,455000.0
CHOA CHU KANG|5 ROOM|60-79|500m-1km|1-6,CHOA CHU KANG,5 ROOM,60-79,500m-1km,1-6,465,52.0,611000.0
CHOA CHU KANG|5 ROOM|60-79|500m-1km|13+,CHOA CHU KANG,5 ROOM,60-79,500m-1km,13+,202,25.0,600000.0
CHOA CHU KANG|5 ROOM|60-79|500m-1km|7-12,CHOA CHU KANG,5 ROOM,60-79,500m-1km,7-12,432,45.0,650000.0
CHOA CHU KANG|5 ROOM|60-79|<500m|1-6,CHOA CHU KANG,5 ROOM,60-79,<500m,1-6,416,55.0,668000.0
CHOA CHU KANG|5 ROOM|60-79|<500m|13+,CHOA CHU KANG,5 ROOM,60-79,<500m,13+,110,17.0,710000.0
CHOA CHU KANG|5 ROOM|60-79|<500m|7-12,CHOA CHU KANG,5 ROOM,60-79,<500m,7-12,427,34.0,699444.0
CHOA CHU KANG|5 ROOM|60-79|>1km|1-6,CHOA CHU KANG,5 ROOM,60-79,>1km,1-6,79,6.0,584000.0
CHOA CHU KANG|5 ROOM|60-79|>1km|13+,CHOA CHU KANG,5 ROOM,60-79,>1km,13+,51,5.0,688888.0
CHOA CHU KANG|5 ROOM|60-79|>1km|7-12,CHOA CHU KANG,5 ROOM,60-79,>1km,7-12,86,8.0,640500.0
CHOA CHU KANG|5 ROOM|80+|500m-1km|1-6,CHOA CHU KANG,5 ROOM,80+,500m-1km,1-6,185,2.0,657500.0
CHOA CHU KANG|5 ROOM|80+|500m-1km|13+,CHOA CHU KANG,5 ROOM,80+,500m-1km,13+,231,9.0,755000.0
CHOA CHU KANG|5 ROOM|80+|500m-1km|7-12,CHOA CHU KANG,5 ROOM,80+,500m-1km,7-12,204,6.0,751944.0
CHOA CHU KANG|5 ROOM|80+|<500m|1-6,CHOA CHU KANG,5 ROOM,80+,<500m,1-6,9,0.0,
CHOA CHU KANG|5 ROOM|80+|<500m|13+,CHOA CHU KANG,5 ROOM,80+,<500m,13+,10,0.0,
CHOA CHU KANG|5 ROOM|80+|<500m|7-12,CHOA CHU KANG,5 ROOM,80+,<500m,7-12,14,0.0,
CHOA CHU KANG|5 ROOM|80+|>1km|1-6,CHOA CHU KANG,5 ROOM,80+,>1km,1-6,233,20.0,675000.0
CHOA CHU KANG|5 ROOM|80+|>1km|13+,CHOA CHU KANG,5 ROOM,80+,>1km,13+,171,17.0,735000.0
CHOA CHU KANG|5 ROOM|80+|>1km|7-12,CHOA CHU KANG,5 ROOM,80+,>1km,7-12,288,35.0,710000.0
CHOA CHU KANG|5 ROOM|<60|500m-1km|1-6,CHOA CHU KANG,5 ROOM,<60,500m-1km,1-6,3,0.0,
CHOA CHU KANG|5 ROOM|<60|500m-1km|13+,CHOA CHU KANG,5 ROOM,<60,500m-1km,13+,17,2.0,659000.0
CHOA CHU KANG|5 ROOM|<60|500m-1km|7-12,CHOA CHU KANG,5 ROOM,<60,500m-1km,7-12,6,1.0,590000.0
CHOA CHU KANG|5 ROOM|<60|<500m|1-6,CHOA CHU KANG,5 ROOM,<60,<500m,1-6,6,0.0,
CHOA CHU KANG|5 ROOM|<60|<500m|13+,CHOA CHU KANG,5 ROOM,<60,<500m,13+,31,1.0,561000.0
CHOA CHU KANG|5 ROOM|<60|<500m|7-12,CHOA CHU KANG,5 ROOM,<60,<500m,7-12,8,1.0,540000.0
CHOA CHU KANG|EXECUTIVE|60-79|500m-1km|1-6,CHOA CHU KANG,EXECUTIVE,60-79,500m-1km,1-6,274,21.0,820000.0
CHOA CHU KANG|EXECUTIVE|60-79|500m-1km|13+,CHOA CHU KANG,EXECUTIVE,60-79,500m-1km,13+,52,7.0,788000.0
CHOA CHU KANG|EXECUTIVE|60-79|500m-1km|7-12,CHOA CHU KANG,EXECUTIVE,60-79,500m-1km,7-12,229,16.0,842500.0
CHOA CHU KANG|EXECUTIVE|60-79|<500m|1-6,CHOA CHU KANG,EXECUTIVE,60-79,<500m,1-6,192,13.0,830000.0
CHOA CHU KANG|EXECUTIVE|60-79|<500m|13+,CHOA CHU KANG,EXECUTIVE,60-79,<500m,13+,49,9.0,865000.0
CHOA CHU KANG|EXECUTIVE|60-79|<500m|7-12,CHOA CHU KANG,EXECUTIVE,60-79,<500m,7-12,168,17.0,868000.0
CHOA CHU KANG|EXECUTIVE|60-79|>1km|1-6,CHOA CHU KANG,EXECUTIVE,60-79,>1km,1-6,27,2.0,710000.0
CHOA CHU KANG|EXECUTIVE|60-79|>1km|13+,CHOA CHU KANG,EXECUTIVE,60-79,>1km,13+,12,2.0,762156.55
CHOA CHU KANG|EXECUTIVE|60-79|>1km|7-12,CHOA CHU KANG,EXECUTIVE,60-79,>1km,7-12,12,1.0,720000.0
CHOA CHU KANG|EXECUTIVE|80+|500m-1km|1-6,CHOA CHU KANG,EXECUTIVE,80+,500m-1km,1-6,9,0.0,
CHOA CHU KANG|EXECUTIVE|80+|500m-1km|13+,CHOA CHU KANG,EXECUTIVE,80+,500m-1km,13+,11,0.0,
CHOA CHU KANG|EXECUTIVE|80+|500m-1km|7-12,CHOA CHU KANG,EXECUTIVE,80+,500m-1km,7-12,17,0.0,
CHOA CHU KANG|EXECUTIVE|80+|<500m|1-6,CHOA CHU KANG,EXECUTIVE,80+,<500m,1-6,4,0.0,
CHOA CHU KANG|EXECUTIVE|80+|<500m|13+,CHOA CHU KANG,EXECUTIVE,80+,<500m,13+,4,0.0,
CHOA CHU KANG|EXECUTIVE|80+|<500m|7-12,CHOA CHU KANG,EXECUTIVE,80+,<500m,7-12,3,0.0,
CHOA CHU KANG|EXECUTIVE|80+|>1km|1-6,CHOA CHU KANG,EXECUTIVE,80+,>1km,1-6,6,0.0,
CHOA CHU KANG|EXECUTIVE|80+|>1km|13+,CHOA CHU KANG,EXECUTIVE,80+,>1km,13+,1,0.0,
CHOA CHU KANG|EXECUTIVE|80+|>1km|7-12,CHOA CHU KANG,EXECUTIVE,80+,>1km,7-12,5,0.0,
CLEMENTI|2 ROOM|80+|500m-1km|1-6,CLEMENTI,2 ROOM,80+,500m-1km,1-6,7,2.0,441500.0
CLEMENTI|2 ROOM|80+|500m-1km|13+,CLEMENTI,2 ROOM,80+,500m-1km,13+,24,1.0,415000.0
CLEMENTI|2 ROOM|80+|500m-1km|7-12,CLEMENTI,2 ROOM,80+,500m-1km,7-12,9,0.0,
CLEMENTI|2 ROOM|80+|<500m|7-12,CLEMENTI,2 ROOM,80+,<500m,7-12,1,0.0,
CLEMENTI|2 ROOM|<60|500m-1km|1-6,CLEMENTI,2 ROOM,<60,500m-1km,1-6,4,2.0,307500.0
CLEMENTI|2 ROOM|<60|500m-1km|7-12,CLEMENTI,2 ROOM,<60,500m-1km,7-12,7,0.0,
CLEMENTI|3 ROOM|60-79|500m-1km|1-6,CLEMENTI,3 ROOM,60-79,500m-1km,1-6,95,1.0,520000.0
CLEMENTI|3 ROOM|60-79|500m-1km|13+,CLEMENTI,3 ROOM,60-79,500m-1km,13+,9,0.0,
CLEMENTI|3 ROOM|60-79|500m-1km|7-12,CLEMENTI,3 ROOM,60-79,500m-1km,7-12,91,0.0,
CLEMENTI|3 ROOM|60-79|<500m|1-6,CLEMENTI,3 ROOM,60-79,<500m,1-6,40,0.0,
CLEMENTI|3 ROOM|60-79|<500m|13+,CLEMENTI,3 ROOM,60-79,<500m,13+,2,0.0,
CLEMENTI|3 ROOM|60-79|<500m|7-12,CLEMENTI,3 ROOM,60-79,<500m,7-12,43,0.0,
CLEMENTI|3 ROOM|60-79|>1km|1-6,CLEMENTI,3 ROOM,60-79,>1km,1-6,101,0.0,
CLEMENTI|3 ROOM|60-79|>1km|13+,CLEMENTI,3 ROOM,60-79,>1km,13+,1,0.0,
CLEMENTI|3 ROOM|60-79|>1km|7-12,CLEMENTI,3 ROOM,60-79,>1km,7-12,100,0.0,
CLEMENTI|3 ROOM|80+|500m-1km|1-6,CLEMENTI,3 ROOM,80+,500m-1km,1-6,21,3.0,650000.0
CLEMENTI|3 ROOM|80+|500m-1km|13+,CLEMENTI,3 ROOM,80+,500m-1km,13+,129,7.0,710000.0
CLEMENTI|3 ROOM|80+|500m-1km|7-12,CLEMENTI,3 ROOM,80+,500m-1km,7-12,45,0.0,
CLEMENTI|3 ROOM|80+|<500m|1-6,CLEMENTI,3 ROOM,80+,<500m,1-6,11,0.0,
CLEMENTI|3 ROOM|80+|<500m|13+,CLEMENTI,3 ROOM,80+,<500m,13+,109,16.0,736444.0
CLEMENTI|3 ROOM|80+|<500m|7-12,CLEMENTI,3 ROOM,80+,<500m,7-12,27,5.0,695888.0
CLEMENTI|3 ROOM|<60|500m-1km|1-6,CLEMENTI,3 ROOM,<60,500m-1km,1-6,337,28.0,415000.0
CLEMENTI|3 ROOM|<60|500m-1km|13+,CLEMENTI,3 ROOM,<60,500m-1km,13+,17,2.0,401500.0
CLEMENTI|3 ROOM|<60|500m-1km|7-12,CLEMENTI,3 ROOM,<60,500m-1km,7-12,321,36.0,395000.0
CLEMENTI|3 ROOM|<60|<500m|1-6,CLEMENTI,3 ROOM,<60,<500m,1-6,304,27.0,450000.0
CLEMENTI|3 ROOM|<60|<500m|13+,CLEMENTI,3 ROOM,<60,<500m,13+,12,2.0,480000.0
CLEMENTI|3 ROOM|<60|<500m|7-12,CLEMENTI,3 ROOM,<60,<500m,7-12,275,39.0,450000.0
CLEMENTI|3 ROOM|<60|>1km|1-6,CLEMENTI,3 ROOM,<60,>1km,1-6,182,20.0,389000.0
CLEMENTI|3 ROOM|<60|>1km|13+,CLEMENTI,3 ROOM,<60,>1km,13+,4,1.0,395000.0
CLEMENTI|3 ROOM|<60|>1km|7-12,CLEMENTI,3 ROOM,<60,>1km,7-12,162,19.0,408000.0
CLEMENTI|4 ROOM|60-79|500m-1km|1-6,CLEMENTI,4 ROOM,60-79,500m-1km,1-6,39,0.0,
CLEMENTI|4 ROOM|60-79|500m-1km|13+,CLEMENTI,4 ROOM,60-79,500m-1km,13+,5,0.0,
CLEMENTI|4 ROOM|60-79|500m-1km|7-12,CLEMENTI,4 ROOM,60-79,500m-1km,7-12,36,0.0,
CLEMENTI|4 ROOM|60-79|<500m|1-6,CLEMENTI,4 ROOM,60-79,<500m,1-6,30,5.0,781000.0
CLEMENTI|4 ROOM|60-79|<500m|13+,CLEMENTI,4 ROOM,60-79,<500m,13+,25,4.0,885444.0
CLEMENTI|4 ROOM|60-79|<500m|7-12,CLEMENTI,4 ROOM,60-79,<500m,7-12,29,7.0,890000.0
CLEMENTI|4 ROOM|60-79|>1km|1-6,CLEMENTI,4 ROOM,60-79,>1km,1-6,65,0.0,
CLEMENTI|4 ROOM|60-79|>1km|13+,CLEMENTI,4 ROOM,60-79,>1km,13+,9,0.0,
CLEMENTI|4 ROOM|60-79|>1km|7-12,CLEMENTI,4 ROOM,60-79,>1km,7-12,57,0.0,
CLEMENTI|4 ROOM|80+|500m-1km|1-6,CLEMENTI,4 ROOM,80+,500m-1km,1-6,63,3.0,840000.0
CLEMENTI|4 ROOM|80+|500m-1km|13+,CLEMENTI,4 ROOM,80+,500m-1km,13+,230,22.0,976944.0
CLEMENTI|4 ROOM|80+|500m-1km|7-12,CLEMENTI,4 ROOM,80+,500m-1km,7-12,89,10.0,927500.0
CLEMENTI|4 ROOM|80+|<500m|1-6,CLEMENTI,4 ROOM,80+,<500m,1-6,64,4.0,905000.0
CLEMENTI|4 ROOM|80+|<500m|13+,CLEMENTI,4 ROOM,80+,<500m,13+,343,43.0,1140000.0
CLEMENTI|4 ROOM|80+|<500m|7-12,CLEMENTI,4 ROOM,80+,<500m,7-12,97,7.0,1130000.0
CLEMENTI|4 ROOM|<60|500m-1km|1-6,CLEMENTI,4 ROOM,<60,500m-1km,1-6,176,13.0,540000.0
CLEMENTI|4 ROOM|<60|500m-1km|13+,CLEMENTI,4 ROOM,<60,500m-1km,13+,27,4.0,628000.0
CLEMENTI|4 ROOM|<60|500m-1km|7-12,CLEMENTI,4 ROOM,<60,500m-1km,7-12,185,20.0,560500.0
CLEMENTI|4 ROOM|<60|<500m|1-6,CLEMENTI,4 ROOM,<60,<500m,1-6,98,9.0,630000.0
CLEMENTI|4 ROOM|<60|<500m|13+,CLEMENTI,4 ROOM,<60,<500m,13+,12,1.0,668000.0
CLEMENTI|4 ROOM|<60|<500m|7-12,CLEMENTI,4 ROOM,<60,<500m,7-12,130,17.0,625000.0
CLEMENTI|4 ROOM|<60|>1km|1-6,CLEMENTI,4 ROOM,<60,>1km,1-6,76,11.0,534000.0
CLEMENTI|4 ROOM|<60|>1km|13+,CLEMENTI,4 ROOM,<60,>1km,13+,11,5.0,740000.0
CLEMENTI|4 ROOM|<60|>1km|7-12,CLEMENTI,4 ROOM,<60,>1km,7-12,82,11.0,532000.0
CLEMENTI|5 ROOM|60-79|500m-1km|1-6,CLEMENTI,5 ROOM,60-79,500m-1km,1-6,21,1.0,828000.0
CLEMENTI|5 ROOM|60-79|500m-1km|13+,CLEMENTI,5 ROOM,60-79,500m-1km,13+,5,0.0,
CLEMENTI|5 ROOM|60-79|500m-1km|7-12,CLEMENTI,5 ROOM,60-79,500m-1km,7-12,17,1.0,950000.0
CLEMENTI|5 ROOM|60-79|<500m|1-6,CLEMENTI,5 ROOM,60-79,<500m,1-6,8,0.0,
CLEMENTI|5 ROOM|60-79|<500m|13+,CLEMENTI,5 ROOM,60-79,<500m,13+,15,3.0,980000.0
CLEMENTI|5 ROOM|60-79|<500m|7-12,CLEMENTI,5 ROOM,60-79,<500m,7-12,3,0.0,
CLEMENTI|5 ROOM|60-79|>1km|1-6,CLEMENTI,5 ROOM,60-79,>1km,1-6,20,0.0,
CLEMENTI|5 ROOM|60-79|>1km|13+,CLEMENTI,5 ROOM,60-79,>1km,13+,8,0.0,
CLEMENTI|5 ROOM|60-79|>1km|7-12,CLEMENTI,5 ROOM,60-79,>1km,7-12,16,0.0,
CLEMENTI|5 ROOM|80+|500m-1km|1-6,CLEMENTI,5 ROOM,80+,500m-1km,1-6,8,1.0,1000000.0
CLEMENTI|5 ROOM|80+|500m-1km|13+,CLEMENTI,5 ROOM,80+,500m-1km,13+,87,12.0,1198000.0
CLEMENTI|5 ROOM|80+|500m-1km|7-12,CLEMENTI,5 ROOM,80+,500m-1km,7-12,28,1.0,1200000.0
CLEMENTI|5 ROOM|80+|<500m|1-6,CLEMENTI,5 ROOM,80+,<500m,1-6,21,4.0,1125000.0
CLEMENTI|5 ROOM|80+|<500m|13+,CLEMENTI,5 ROOM,80+,<500m,13+,120,25.0,1470000.0
CLEMENTI|5 ROOM|80+|<500m|7-12,CLEMENTI,5 ROOM,80+,<500m,7-12,29,6.0,1387500.0
CLEMENTI|5 ROOM|<60|500m-1km|1-6,CLEMENTI,5 ROOM,<60,500m-1km,1-6,38,4.0,775500.0
CLEMENTI|5 ROOM|<60|500m-1km|13+,CLEMENTI,5 ROOM,<60,500m-1km,13+,33,4.0,859000.0
CLEMENTI|5 ROOM|<60|500m-1km|7-12,CLEMENTI,5 ROOM,<60,500m-1km,7-12,46,4.0,790044.0
CLEMENTI|5 ROOM|<60|<500m|1-6,CLEMENTI,5 ROOM,<60,<500m,1-6,26,2.0,710000.0
CLEMENTI|5 ROOM|<60|<500m|13+,CLEMENTI,5 ROOM,<60,<500m,13+,53,3.0,808000.0
CLEMENTI|5 ROOM|<60|<500m|7-12,CLEMENTI,5 ROOM,<60,<500m,7-12,31,1.0,790000.0
CLEMENTI|5 ROOM|<60|>1km|1-6,CLEMENTI,5 ROOM,<60,>1km,1-6,20,2.0,795000.0
CLEMENTI|5 ROOM|<60|>1km|13+,CLEMENTI,5 ROOM,<60,>1km,13+,24,4.0,764444.0
CLEMENTI|5 ROOM|<60|>1km|7-12,CLEMENTI,5 ROOM,<60,>1km,7-12,22,4.0,795500.0
CLEMENTI|EXECUTIVE|60-79|500m-1km|1-6,CLEMENTI,EXECUTIVE,60-79,500m-1km,1-6,33,0.0,
CLEMENTI|EXECUTIVE|60-79|500m-1km|13+,CLEMENTI,EXECUTIVE,60-79,500m-1km,13+,8,0.0,
CLEMENTI|EXECUTIVE|60-79|500m-1km|7-12,CLEMENTI,EXECUTIVE,60-79,500m-1km,7-12,17,0.0,
CLEMENTI|EXECUTIVE|60-79|>1km|1-6,CLEMENTI,EXECUTIVE,60-79,>1km,1-6,39,0.0,
CLEMENTI|EXECUTIVE|60-79|>1km|13+,CLEMENTI,EXECUTIVE,60-79,>1km,13+,6,0.0,
CLEMENTI|EXECUTIVE|60-79|>1km|7-12,CLEMENTI,EXECUTIVE,60-79,>1km,7-12,24,0.0,
CLEMENTI|EXECUTIVE|<60|500m-1km|1-6,CLEMENTI,EXECUTIVE,<60,500m-1km,1-6,3,0.0,
CLEMENTI|EXECUTIVE|<60|500m-1km|7-12,CLEMENTI,EXECUTIVE,<60,500m-1km,7-12,6,0.0,
CLEMENTI|EXECUTIVE|<60|<500m|1-6,CLEMENTI,EXECUTIVE,<60,<500m,1-6,3,0.0,
CLEMENTI|EXECUTIVE|<60|<500m|7-12,CLEMENTI,EXECUTIVE,<60,<500m,7-12,2,0.0,
CLEMENTI|EXECUTIVE|<60|>1km|1-6,CLEMENTI,EXECUTIVE,<60,>1km,1-6,16,7.0,1060000.0
CLEMENTI|EXECUTIVE|<60|>1km|13+,CLEMENTI,EXECUTIVE,<60,>1km,13+,1,0.0,
CLEMENTI|EXECUTIVE|<60|>1km|7-12,CLEMENTI,EXECUTIVE,<60,>1km,7-12,6,1.0,1135000.0
GEYLANG|2 ROOM|60-79|<500m|1-6,GEYLANG,2 ROOM,60-79,<500m,1-6,9,0.0,
GEYLANG|2 ROOM|60-79|<500m|7-12,GEYLANG,2 ROOM,60-79,<500m,7-12,9,0.0,
GEYLANG|2 ROOM|<60|500m-1km|1-6,GEYLANG,2 ROOM,<60,500m-1km,1-6,4,2.0,329000.0
GEYLANG|2 ROOM|<60|500m-1km|7-12,GEYLANG,2 ROOM,<60,500m-1km,7-12,4,1.0,320000.0
GEYLANG|2 ROOM|<60|<500m|1-6,GEYLANG,2 ROOM,<60,<500m,1-6,94,8.0,289000.0
GEYLANG|2 ROOM|<60|<500m|7-12,GEYLANG,2 ROOM,<60,<500m,7-12,71,10.0,285144.0
GEYLANG|3 ROOM|60-79|500m-1km|1-6,GEYLANG,3 ROOM,60-79,500m-1km,1-6,60,0.0,
GEYLANG|3 ROOM|60-79|500m-1km|13+,GEYLANG,3 ROOM,60-79,500m-1km,13+,23,0.0,
GEYLANG|3 ROOM|60-79|500m-1km|7-12,GEYLANG,3 ROOM,60-79,500m-1km,7-12,45,0.0,
GEYLANG|3 ROOM|60-79|<500m|1-6,GEYLANG,3 ROOM,60-79,<500m,1-6,132,10.0,486500.0
GEYLANG|3 ROOM|60-79|<500m|13+,GEYLANG,3 ROOM,60-79,<500m,13+,11,3.0,675000.0
GEYLANG|3 ROOM|60-79|<500m|7-12,GEYLANG,3 ROOM,60-79,<500m,7-12,80,3.0,685000.0
GEYLANG|3 ROOM|80+|<500m|1-6,GEYLANG,3 ROOM,80+,<500m,1-6,102,14.0,705944.0
GEYLANG|3 ROOM|80+|<500m|13+,GEYLANG,3 ROOM,80+,<500m,13+,117,19.0,760000.0
GEYLANG|3 ROOM|80+|<500m|7-12,GEYLANG,3 ROOM,80+,<500m,7-12,87,14.0,720000.0
GEYLANG|3 ROOM|<60|500m-1km|1-6,GEYLANG,3 ROOM,<60,500m-1km,1-6,147,16.0,390000.0
GEYLANG|3 ROOM|<60|500m-1km|13+,GEYLANG,3 ROOM,<60,500m-1km,13+,22,4.0,418500.0
GEYLANG|3 ROOM|<60|500m-1km|7-12,GEYLANG,3 ROOM,<60,500m-1km,7-12,169,32.0,400000.0
GEYLANG|3 ROOM|<60|<500m|1-6,GEYLANG,3 ROOM,<60,<500m,1-6,915,112.0,334000.0
GEYLANG|3 ROOM|<60|<500m|13+,GEYLANG,3 ROOM,<60,<500m,13+,45,7.0,403888.0
GEYLANG|3 ROOM|<60|<500m|7-12,GEYLANG,3 ROOM,<60,<500m,7-12,762,83.0,350000.0
GEYLANG|4 ROOM|60-79|500m-1km|1-6,GEYLANG,4 ROOM,60-79,500m-1km,1-6,102,3.0,655000.0
GEYLANG|4 ROOM|60-79|500m-1km|13+,GEYLANG,4 ROOM,60-79,500m-1km,13+,4,0.0,
GEYLANG|4 ROOM|60-79|500m-1km|7-12,GEYLANG,4 ROOM,60-79,500m-1km,7-12,104,5.0,666000.0
GEYLANG|4 ROOM|60-79|<500m|1-6,GEYLANG,4 ROOM,60-79,<500m,1-6,340,20.0,842500.0
GEYLANG|4 ROOM|60-79|<500m|13+,GEYLANG,4 ROOM,60-79,<500m,13+,92,12.0,950000.0
GEYLANG|4 ROOM|60-79|<500m|7-12,GEYLANG,4 ROOM,60-79,<500m,7-12,302,14.0,930000.0
GEYLANG|4 ROOM|80+|500m-1km|1-6,GEYLANG,4 ROOM,80+,500m-1km,1-6,17,2.0,847944.0
GEYLANG|4 ROOM|80+|500m-1km|13+,GEYLANG,4 ROOM,80+,500m-1km,13+,54,7.0,980000.0
GEYLANG|4 ROOM|80+|500m-1km|7-12,GEYLANG,4 ROOM,80+,500m-1km,7-12,33,2.0,956500.0
GEYLANG|4 ROOM|80+|<500m|1-6,GEYLANG,4 ROOM,80+,<500m,1-6,148,11.0,925000.0
GEYLANG|4 ROOM|80+|<500m|13+,GEYLANG,4 ROOM,80+,<500m,13+,216,15.0,1018000.0
GEYLANG|4 ROOM|80+|<500m|7-12,GEYLANG,4 ROOM,80+,<500m,7-12,202,24.0,998500.0
GEYLANG|4 ROOM|<60|500m-1km|1-6,GEYLANG,4 ROOM,<60,500m-1km,1-6,72,12.0,522500.0
GEYLANG|4 ROOM|<60|500m-1km|13+,GEYLANG,4 ROOM,<60,500m-1km,13+,17,2.0,647500.0
GEYLANG|4 ROOM|<60|500m-1km|7-12,GEYLANG,4 ROOM,<60,500m-1km,7-12,95,21.0,580000.0
GEYLANG|4 ROOM|<60|<500m|1-6,GEYLANG,4 ROOM,<60,<500m,1-6,153,39.0,575000.0
GEYLANG|4 ROOM|<60|<500m|13+,GEYLANG,4 ROOM,<60,<500m,13+,37,7.0,635000.0
GEYLANG|4 ROOM|<60|<500m|7-12,GEYLANG,4 ROOM,<60,<500m,7-12,172,32.0,632944.0
GEYLANG|5 ROOM|60-79|500m-1km|1-6,GEYLANG,5 ROOM,60-79,500m-1km,1-6,47,1.0,788000.0
GEYLANG|5 ROOM|60-79|500m-1km|13+,GEYLANG,5 ROOM,60-79,500m-1km,13+,5,1.0,1017000.0
GEYLANG|5 ROOM|60-79|500m-1km|7-12,GEYLANG,5 ROOM,60-79,500m-1km,7-12,28,2.0,762944.0
GEYLANG|5 ROOM|60-79|<500m|1-6,GEYLANG,5 ROOM,60-79,<500m,1-6,127,14.0,932500.0
GEYLANG|5 ROOM|60-79|<500m|13+,GEYLANG,5 ROOM,60-79,<500m,13+,79,9.0,1310000.0
GEYLANG|5 ROOM|60-79|<500m|7-12,GEYLANG,5 ROOM,60-79,<500m,7-12,91,7.0,1220000.0
GEYLANG|5 ROOM|80+|<500m|1-6,GEYLANG,5 ROOM,80+,<500m,1-6,22,0.0,
GEYLANG|5 ROOM|80+|<500m|13+,GEYLANG,5 ROOM,80+,<500m,13+,20,0.0,
GEYLANG|5 ROOM|80+|<500m|7-12,GEYLANG,5 ROOM,80+,<500m,7-12,19,0.0,
GEYLANG|5 ROOM|<60|500m-1km|1-6,GEYLANG,5 ROOM,<60,500m-1km,1-6,28,7.0,753000.0
GEYLANG|5 ROOM|<60|500m-1km|13+,GEYLANG,5 ROOM,<60,500m-1km,13+,40,2.0,923444.0
GEYLANG|5 ROOM|<60|500m-1km|7-12,GEYLANG,5 ROOM,<60,500m-1km,7-12,30,5.0,918000.0
GEYLANG|5 ROOM|<60|<500m|1-6,GEYLANG,5 ROOM,<60,<500m,1-6,69,7.0,915000.0
GEYLANG|5 ROOM|<60|<500m|13+,GEYLANG,5 ROOM,<60,<500m,13+,42,9.0,820000.0
GEYLANG|5 ROOM|<60|<500m|7-12,GEYLANG,5 ROOM,<60,<500m,7-12,61,12.0,817500.0
GEYLANG|EXECUTIVE|60-79|500m-1km|1-6,GEYLANG,EXECUTIVE,60-79,500m-1km,1-6,34,0.0,
GEYLANG|EXECUTIVE|60-79|500m-1km|13+,GEYLANG,EXECUTIVE,60-79,500m-1km,13+,4,0.0,
GEYLANG|EXECUTIVE|60-79|500m-1km|7-12,GEYLANG,EXECUTIVE,60-79,500m-1km,7-12,26,0.0,
GEYLANG|EXECUTIVE|60-79|<500m|1-6,GEYLANG,EXECUTIVE,60-79,<500m,1-6,54,2.0,1049444.0
GEYLANG|EXECUTIVE|60-79|<500m|13+,GEYLANG,EXECUTIVE,60-79,<500m,13+,45,0.0,
GEYLANG|EXECUTIVE|60-79|<500m|7-12,GEYLANG,EXECUTIVE,60-79,<500m,7-12,42,0.0,
GEYLANG|EXECUTIVE|<60|500m-1km|1-6,GEYLANG,EXECUTIVE,<60,500m-1km,1-6,4,2.0,896500.0
GEYLANG|EXECUTIVE|<60|500m-1km|7-12,GEYLANG,EXECUTIVE,<60,500m-1km,7-12,2,1.0,1098000.0
GEYLANG|EXECUTIVE|<60|<500m|1-6,GEYLANG,EXECUTIVE,<60,<500m,1-6,2,2.0,1010000.0
GEYLANG|EXECUTIVE|<60|<500m|13+,GEYLANG,EXECUTIVE,<60,<500m,13+,4,4.0,1099000.0
GEYLANG|EXECUTIVE|<60|<500m|7-12,GEYLANG,EXECUTIVE,<60,<500m,7-12,1,1.0,1090000.0
HOUGANG|2 ROOM|80+|>1km|1-6,HOUGANG,2 ROOM,80+,>1km,1-6,65,13.0,375000.0
HOUGANG|2 ROOM|80+|>1km|13+,HOUGANG,2 ROOM,80+,>1km,13+,73,9.0,402000.0
HOUGANG|2 ROOM|80+|>1km|7-12,HOUGANG,2 ROOM,80+,>1km,7-12,91,16.0,385694.0
HOUGANG|3 ROOM|60-79|500m-1km|1-6,HOUGANG,3 ROOM,60-79,500m-1km,1-6,500,25.0,438000.0
HOUGANG|3 ROOM|60-79|500m-1km|13+,HOUGANG,3 ROOM,60-79,500m-1km,13+,18,0.0,
HOUGANG|3 ROOM|60-79|500m-1km|7-12,HOUGANG,3 ROOM,60-79,500m-1km,7-12,341,6.0,465400.0
HOUGANG|3 ROOM|60-79|<500m|1-6,HOUGANG,3 ROOM,60-79,<500m,1-6,101,4.0,465444.0
HOUGANG|3 ROOM|60-79|<500m|13+,HOUGANG,3 ROOM,60-79,<500m,13+,2,0.0,
HOUGANG|3 ROOM|60-79|<500m|7-12,HOUGANG,3 ROOM,60-79,<500m,7-12,54,4.0,502000.0
HOUGANG|3 ROOM|60-79|>1km|1-6,HOUGANG,3 ROOM,60-79,>1km,1-6,135,4.0,436500.0
HOUGANG|3 ROOM|60-79|>1km|13+,HOUGANG,3 ROOM,60-79,>1km,13+,10,0.0,
HOUGANG|3 ROOM|60-79|>1km|7-12,HOUGANG,3 ROOM,60-79,>1km,7-12,121,5.0,455000.0
HOUGANG|3 ROOM|80+|500m-1km|1-6,HOUGANG,3 ROOM,80+,500m-1km,1-6,35,2.0,555000.0
HOUGANG|3 ROOM|80+|500m-1km|13+,HOUGANG,3 ROOM,80+,500m-1km,13+,41,8.0,623000.0
HOUGANG|3 ROOM|80+|500m-1km|7-12,HOUGANG,3 ROOM,80+,500m-1km,7-12,39,6.0,606500.0
HOUGANG|3 ROOM|80+|<500m|1-6,HOUGANG,3 ROOM,80+,<500m,1-6,8,1.0,603000.0
HOUGANG|3 ROOM|80+|<500m|13+,HOUGANG,3 ROOM,80+,<500m,13+,7,0.0,
HOUGANG|3 ROOM|80+|<500m|7-12,HOUGANG,3 ROOM,80+,<500m,7-12,13,3.0,640000.0
HOUGANG|3 ROOM|80+|>1km|1-6,HOUGANG,3 ROOM,80+,>1km,1-6,124,11.0,515000.0
HOUGANG|3 ROOM|80+|>1km|13+,HOUGANG,3 ROOM,80+,>1km,13+,107,15.0,550000.0
HOUGANG|3 ROOM|80+|>1km|7-12,HOUGANG,3 ROOM,80+,>1km,7-12,158,18.0,539000.0
HOUGANG|3 ROOM|<60|500m-1km|1-6,HOUGANG,3 ROOM,<60,500m-1km,1-6,334,56.0,425000.0
HOUGANG|3 ROOM|<60|500m-1km|13+,HOUGANG,3 ROOM,<60,500m-1km,13+,27,4.0,425000.0
HOUGANG|3 ROOM|<60|500m-1km|7-12,HOUGANG,3 ROOM,<60,500m-1km,7-12,313,53.0,445000.0
HOUGANG|3 ROOM|<60|<500m|1-6,HOUGANG,3 ROOM,<60,<500m,1-6,42,10.0,450000.0
HOUGANG|3 ROOM|<60|<500m|13+,HOUGANG,3 ROOM,<60,<500m,13+,1,0.0,
HOUGANG|3 ROOM|<60|<500m|7-12,HOUGANG,3 ROOM,<60,<500m,7-12,19,5.0,452000.0
HOUGANG|3 ROOM|<60|>1km|1-6,HOUGANG,3 ROOM,<60,>1km,1-6,11,6.0,423444.0
HOUGANG|3 ROOM|<60|>1km|7-12,HOUGANG,3 ROOM,<60,>1km,7-12,13,7.0,445000.0
HOUGANG|4 ROOM|60-79|500m-1km|1-6,HOUGANG,4 ROOM,60-79,500m-1km,1-6,886,53.0,595000.0
HOUGANG|4 ROOM|60-79|500m-1km|13+,HOUGANG,4 ROOM,60-79,500m-1km,13+,116,5.0,640000.0
HOUGANG|4 ROOM|60-79|500m-1km|7-12,HOUGANG,4 ROOM,60-79,500m-1km,7-12,738,34.0,640000.0
HOUGANG|4 ROOM|60-79|<500m|1-6,HOUGANG,4 ROOM,60-79,<500m,1-6,408,25.0,630000.0
HOUGANG|4 ROOM|60-79|<500m|13+,HOUGANG,4 ROOM,60-79,<500m,13+,60,2.0,607500.0
HOUGANG|4 ROOM|60-79|<500m|7-12,HOUGANG,4 ROOM,60-79,<500m,7-12,331,14.0,651500.0
HOUGANG|4 ROOM|60-79|>1km|1-6,HOUGANG,4 ROOM,60-79,>1km,1-6,381,36.0,570000.0
HOUGANG|4 ROOM|60-79|>1km|13+,HOUGANG,4 ROOM,60-79,>1km,13+,104,17.0,606000.0
HOUGANG|4 ROOM|60-79|>1km|7-12,HOUGANG,4 ROOM,60-79,>1km,7-12,394,44.0,610000.0
HOUGANG|4 ROOM|80+|500m-1km|1-6,HOUGANG,4 ROOM,80+,500m-1km,1-6,117,12.0,733444.0
HOUGANG|4 ROOM|80+|500m-1km|13+,HOUGANG,4 ROOM,80+,500m-1km,13+,150,17.0,810000.0
HOUGANG|4 ROOM|80+|500m-1km|7-12,HOUGANG,4 ROOM,80+,500m-1km,7-12,152,20.0,780000.0
HOUGANG|4 ROOM|80+|<500m|1-6,HOUGANG,4 ROOM,80+,<500m,1-6,14,1.0,750000.0
HOUGANG|4 ROOM|80+|<500m|13+,HOUGANG,4 ROOM,80+,<500m,13+,7,1.0,850000.0
HOUGANG|4 ROOM|80+|<500m|7-12,HOUGANG,4 ROOM,80+,<500m,7-12,11,1.0,795000.0
HOUGANG|4 ROOM|80+|>1km|1-6,HOUGANG,4 ROOM,80+,>1km,1-6,364,43.0,625000.0
HOUGANG|4 ROOM|80+|>1km|13+,HOUGANG,4 ROOM,80+,>1km,13+,429,43.0,688888.0
HOUGANG|4 ROOM|80+|>1km|7-12,HOUGANG,4 ROOM,80+,>1km,7-12,470,59.0,675000.0
HOUGANG|4 ROOM|<60|500m-1km|1-6,HOUGANG,4 ROOM,<60,500m-1km,1-6,165,64.0,537500.0
HOUGANG|4 ROOM|<60|500m-1km|13+,HOUGANG,4 ROOM,<60,500m-1km,13+,12,5.0,520000.0
HOUGANG|4 ROOM|<60|500m-1km|7-12,HOUGANG,4 ROOM,<60,500m-1km,7-12,128,34.0,557500.0
HOUGANG|4 ROOM|<60|<500m|1-6,HOUGANG,4 ROOM,<60,<500m,1-6,27,18.0,579000.0
HOUGANG|4 ROOM|<60|<500m|13+,HOUGANG,4 ROOM,<60,<500m,13+,6,3.0,600000.0
HOUGANG|4 ROOM|<60|<500m|7-12,HOUGANG,4 ROOM,<60,<500m,7-12,33,11.0,660000.0
HOUGANG|4 ROOM|<60|>1km|1-6,HOUGANG,4 ROOM,<60,>1km,1-6,16,9.0,532000.0
HOUGANG|4 ROOM|<60|>1km|13+,HOUGANG,4 ROOM,<60,>1km,13+,1,0.0,
HOUGANG|4 ROOM|<60|>1km|7-12,HOUGANG,4 ROOM,<60,>1km,7-12,16,9.0,595000.0
HOUGANG|5 ROOM|60-79|500m-1km|1-6,HOUGANG,5 ROOM,60-79,500m-1km,1-6,304,18.0,726500.0
HOUGANG|5 ROOM|60-79|500m-1km|13+,HOUGANG,5 ROOM,60-79,500m-1km,13+,113,9.0,830000.0
HOUGANG|5 ROOM|60-79|500m-1km|7-12,HOUGANG,5 ROOM,60-79,500m-1km,7-12,267,11.0,765000.0
HOUGANG|5 ROOM|60-79|<500m|1-6,HOUGANG,5 ROOM,60-79,<500m,1-6,183,11.0,765000.0
HOUGANG|5 ROOM|60-79|<500m|13+,HOUGANG,5 ROOM,60-79,<500m,13+,36,3.0,938000.0
HOUGANG|5 ROOM|60-79|<500m|7-12,HOUGANG,5 ROOM,60-79,<500m,7-12,175,15.0,838888.0
HOUGANG|5 ROOM|60-79|>1km|1-6,HOUGANG,5 ROOM,60-79,>1km,1-6,242,25.0,670088.0
HOUGANG|5 ROOM|60-79|>1km|13+,HOUGANG,5 ROOM,60-79,>1km,13+,141,16.0,789900.0
HOUGANG|5 ROOM|60-79|>1km|7-12,HOUGANG,5 ROOM,60-79,>1km,7-12,258,26.0,740000.0
HOUGANG|5 ROOM|80+|500m-1km|1-6,HOUGANG,5 ROOM,80+,500m-1km,1-6,54,6.0,882500.0
HOUGANG|5 ROOM|80+|500m-1km|13+,HOUGANG,5 ROOM,80+,500m-1km,13+,67,13.0,1073888.0
HOUGANG|5 ROOM|80+|500m-1km|7-12,HOUGANG,5 ROOM,80+,500m-1km,7-12,77,10.0,989000.0
HOUGANG|5 ROOM|80+|>1km|1-6,HOUGANG,5 ROOM,80+,>1km,1-6,161,9.0,850000.0
HOUGANG|5 ROOM|80+|>1km|13+,HOUGANG,5 ROOM,80+,>1km,13+,170,11.0,900888.0
HOUGANG|5 ROOM|80+|>1km|7-12,HOUGANG,5 ROOM,80+,>1km,7-12,198,7.0,828000.0
HOUGANG|5 ROOM|<60|500m-1km|1-6,HOUGANG,5 ROOM,<60,500m-1km,1-6,57,16.0,700000.0
HOUGANG|5 ROOM|<60|500m-1km|13+,HOUGANG,5 ROOM,<60,500m-1km,13+,16,2.0,780000.0
HOUGANG|5 ROOM|<60|500m-1km|7-12,HOUGANG,5 ROOM,<60,500m-1km,7-12,47,15.0,723000.0
HOUGANG|5 ROOM|<60|<500m|1-6,HOUGANG,5 ROOM,<60,<500m,1-6,24,8.0,754000.0
HOUGANG|5 ROOM|<60|<500m|13+,HOUGANG,5 ROOM,<60,<500m,13+,2,1.0,763000.0
HOUGANG|5 ROOM|<60|<500m|7-12,HOUGANG,5 ROOM,<60,<500m,7-12,22,5.0,870000.0
HOUGANG|5 ROOM|<60|>1km|1-6,HOUGANG,5 ROOM,<60,>1km,1-6,1,1.0,888000.0
HOUGANG|5 ROOM|<60|>1km|13+,HOUGANG,5 ROOM,<60,>1km,13+,1,0.0,
HOUGANG|5 ROOM|<60|>1km|7-12,HOUGANG,5 ROOM,<60,>1km,7-12,2,2.0,747944.0
HOUGANG|EXECUTIVE|60-79|500m-1km|1-6,HOUGANG,EXECUTIVE,60-79,500m-1km,1-6,231,9.0,978000.0
HOUGANG|EXECUTIVE|60-79|500m-1km|13+,HOUGANG,EXECUTIVE,60-79,500m-1km,13+,33,3.0,908000.0
HOUGANG|EXECUTIVE|60-79|500m-1km|7-12,HOUGANG,EXECUTIVE,60-79,500m-1km,7-12,173,11.0,966000.0
HOUGANG|EXECUTIVE|60-79|<500m|1-6,HOUGANG,EXECUTIVE,60-79,<500m,1-6,245,23.0,1000000.0
HOUGANG|EXECUTIVE|60-79|<500m|13+,HOUGANG,EXECUTIVE,60-79,<500m,13+,14,0.0,
HOUGANG|EXECUTIVE|60-79|<500m|7-12,HOUGANG,EXECUTIVE,60-79,<500m,7-12,153,12.0,1086500.0
HOUGANG|EXECUTIVE|60-79|>1km|1-6,HOUGANG,EXECUTIVE,60-79,>1km,1-6,161,9.0,909940.0
HOUGANG|EXECUTIVE|60-79|>1km|13+,HOUGANG,EXECUTIVE,60-79,>1km,13+,24,1.0,990000.0
HOUGANG|EXECUTIVE|60-79|>1km|7-12,HOUGANG,EXECUTIVE,60-79,>1km,7-12,89,15.0,881888.0
HOUGANG|EXECUTIVE|80+|500m-1km|1-6,HOUGANG,EXECUTIVE,80+,500m-1km,1-6,2,0.0,
HOUGANG|EXECUTIVE|80+|500m-1km|13+,HOUGANG,EXECUTIVE,80+,500m-1km,13+,4,0.0,
HOUGANG|EXECUTIVE|80+|500m-1km|7-12,HOUGANG,EXECUTIVE,80+,500m-1km,7-12,3,0.0,
HOUGANG|EXECUTIVE|80+|>1km|1-6,HOUGANG,EXECUTIVE,80+,>1km,1-6,16,0.0,
HOUGANG|EXECUTIVE|80+|>1km|13+,HOUGANG,EXECUTIVE,80+,>1km,13+,4,0.0,
HOUGANG|EXECUTIVE|80+|>1km|7-12,HOUGANG,EXECUTIVE,80+,>1km,7-12,13,0.0,
HOUGANG|EXECUTIVE|<60|500m-1km|1-6,HOUGANG,EXECUTIVE,<60,500m-1km,1-6,33,10.0,960000.0
HOUGANG|EXECUTIVE|<60|500m-1km|13+,HOUGANG,EXECUTIVE,<60,500m-1km,13+,5,3.0,918000.0
HOUGANG|EXECUTIVE|<60|500m-1km|7-12,HOUGANG,EXECUTIVE,<60,500m-1km,7-12,29,11.0,983888.0
HOUGANG|EXECUTIVE|<60|<500m|1-6,HOUGANG,EXECUTIVE,<60,<500m,1-6,4,3.0,948000.0
HOUGANG|EXECUTIVE|<60|<500m|7-12,HOUGANG,EXECUTIVE,<60,<500m,7-12,3,3.0,1055000.0
HOUGANG|EXECUTIVE|<60|>1km|1-6,HOUGANG,EXECUTIVE,<60,>1km,1-6,9,7.0,938000.0
HOUGANG|EXECUTIVE|<60|>1km|7-12,HOUGANG,EXECUTIVE,<60,>1km,7-12,5,3.0,890000.0
JURONG EAST|2 ROOM|80+|500m-1km|1-6,JURONG EAST,2 ROOM,80+,500m-1km,1-6,25,3.0,340000.0
JURONG EAST|2 ROOM|80+|500m-1km|13+,JURONG EAST,2 ROOM,80+,500m-1km,13+,21,2.0,358000.0
JURONG EAST|2 ROOM|80+|500m-1km|7-12,JURONG EAST,2 ROOM,80+,500m-1km,7-12,21,3.0,352000.0
JURONG EAST|2 ROOM|80+|>1km|1-6,JURONG EAST,2 ROOM,80+,>1km,1-6,5,1.0,350000.0
JURONG EAST|2 ROOM|80+|>1km|13+,JURONG EAST,2 ROOM,80+,>1km,13+,18,1.0,368888.0
JURONG EAST|2 ROOM|80+|>1km|7-12,JURONG EAST,2 ROOM,80+,>1km,7-12,6,1.0,355000.0
JURONG EAST|3 ROOM|60-79|500m-1km|1-6,JURONG EAST,3 ROOM,60-79,500m-1km,1-6,235,0.0,
JURONG EAST|3 ROOM|60-79|500m-1km|13+,JURONG EAST,3 ROOM,60-79,500m-1km,13+,10,0.0,
JURONG EAST|3 ROOM|60-79|500m-1km|7-12,JURONG EAST,3 ROOM,60-79,500m-1km,7-12,177,0.0,
JURONG EAST|3 ROOM|60-79|<500m|1-6,JURONG EAST,3 ROOM,60-79,<500m,1-6,134,1.0,410000.0
JURONG EAST|3 ROOM|60-79|<500m|13+,JURONG EAST,3 ROOM,60-79,<500m,13+,8,0.0,
JURONG EAST|3 ROOM|60-79|<500m|7-12,JURONG EAST,3 ROOM,60-79,<500m,7-12,57,0.0,
JURONG EAST|3 ROOM|60-79|>1km|1-6,JURONG EAST,3 ROOM,60-79,>1km,1-6,32,0.0,
JURONG EAST|3 ROOM|60-79|>1km|13+,JURONG EAST,3 ROOM,60-79,>1km,13+,5,0.0,
JURONG EAST|3 ROOM|60-79|>1km|7-12,JURONG EAST,3 ROOM,60-79,>1km,7-12,25,0.0,
JURONG EAST|3 ROOM|80+|500m-1km|1-6,JURONG EAST,3 ROOM,80+,500m-1km,1-6,28,3.0,470000.0
JURONG EAST|3 ROOM|80+|500m-1km|13+,JURONG EAST,3 ROOM,80+,500m-1km,13+,28,4.0,499944.0
JURONG EAST|3 ROOM|80+|500m-1km|7-12,JURONG EAST,3 ROOM,80+,500m-1km,7-12,31,4.0,491500.0
JURONG EAST|3 ROOM|80+|>1km|1-6,JURONG EAST,3 ROOM,80+,>1km,1-6,21,5.0,458000.0
JURONG EAST|3 ROOM|80+|>1km|13+,JURONG EAST,3 ROOM,80+,>1km,13+,111,12.0,515944.0
JURONG EAST|3 ROOM|80+|>1km|7-12,JURONG EAST,3 ROOM,80+,>1km,7-12,24,2.0,494500.0
JURONG EAST|3 ROOM|<60|500m-1km|1-6,JURONG EAST,3 ROOM,<60,500m-1km,1-6,192,36.0,405444.0
JURONG EAST|3 ROOM|<60|500m-1km|13+,JURONG EAST,3 ROOM,<60,500m-1km,13+,13,2.0,412500.0
JURONG EAST|3 ROOM|<60|500m-1km|7-12,JURONG EAST,3 ROOM,<60,500m-1km,7-12,167,39.0,410000.0
JURONG EAST|3 ROOM|<60|<500m|1-6,JURONG EAST,3 ROOM,<60,<500m,1-6,102,22.0,400000.0
JURONG EAST|3 ROOM|<60|<500m|13+,JURONG EAST,3 ROOM,<60,<500m,13+,7,1.0,458000.0
JURONG EAST|3 ROOM|<60|<500m|7-12,JURONG EAST,3 ROOM,<60,<500m,7-12,76,20.0,412500.0
JURONG EAST|3 ROOM|<60|>1km|1-6,JURONG EAST,3 ROOM,<60,>1km,1-6,116,12.0,347500.0
JURONG EAST|3 ROOM|<60|>1km|13+,JURONG EAST,3 ROOM,<60,>1km,13+,26,3.0,355000.0
JURONG EAST|3 ROOM|<60|>1km|7-12,JURONG EAST,3 ROOM,<60,>1km,7-12,86,11.0,370000.0
JURONG EAST|4 ROOM|60-79|500m-1km|1-6,JURONG EAST,4 ROOM,60-79,500m-1km,1-6,238,12.0,577500.0
JURONG EAST|4 ROOM|60-79|500m-1km|13+,JURONG EAST,4 ROOM,60-79,500m-1km,13+,70,16.0,645000.0
JURONG EAST|4 ROOM|60-79|500m-1km|7-12,JURONG EAST,4 ROOM,60-79,500m-1km,7-12,183,11.0,600000.0
JURONG EAST|4 ROOM|60-79|<500m|1-6,JURONG EAST,4 ROOM,60-79,<500m,1-6,69,0.0,
JURONG EAST|4 ROOM|60-79|<500m|13+,JURONG EAST,4 ROOM,60-79,<500m,13+,7,0.0,
JURONG EAST|4 ROOM|60-79|<500m|7-12,JURONG EAST,4 ROOM,60-79,<500m,7-12,60,1.0,532500.0
JURONG EAST|4 ROOM|60-79|>1km|1-6,JURONG EAST,4 ROOM,60-79,>1km,1-6,72,4.0,498000.0
JURONG EAST|4 ROOM|60-79|>1km|13+,JURONG EAST,4 ROOM,60-79,>1km,13+,19,6.0,535000.0
JURONG EAST|4 ROOM|60-79|>1km|7-12,JURONG EAST,4 ROOM,60-79,>1km,7-12,67,3.0,530000.0
JURONG EAST|4 ROOM|80+|500m-1km|1-6,JURONG EAST,4 ROOM,80+,500m-1km,1-6,16,0.0,
JURONG EAST|4 ROOM|80+|500m-1km|13+,JURONG EAST,4 ROOM,80+,500m-1km,13+,8,0.0,
JURONG EAST|4 ROOM|80+|500m-1km|7-12,JURONG EAST,4 ROOM,80+,500m-1km,7-12,14,0.0,
JURONG EAST|4 ROOM|80+|>1km|1-6,JURONG EAST,4 ROOM,80+,>1km,1-6,48,3.0,558888.0
JURONG EAST|4 ROOM|80+|>1km|13+,JURONG EAST,4 ROOM,80+,>1km,13+,199,18.0,649444.0
JURONG EAST|4 ROOM|80+|>1km|7-12,JURONG EAST,4 ROOM,80+,>1km,7-12,41,3.0,597000.0
JURONG EAST|4 ROOM|<60|500m-1km|1-6,JURONG EAST,4 ROOM,<60,500m-1km,1-6,80,23.0,515000.0
JURONG EAST|4 ROOM|<60|500m-1km|13+,JURONG EAST,4 ROOM,<60,500m-1km,13+,4,0.0,
JURONG EAST|4 ROOM|<60|500m-1km|7-12,JURONG EAST,4 ROOM,<60,500m-1km,7-12,72,14.0,539000.0
JURONG EAST|4 ROOM|<60|<500m|1-6,JURONG EAST,4 ROOM,<60,<500m,1-6,43,7.0,510000.0
JURONG EAST|4 ROOM|<60|<500m|7-12,JURONG EAST,4 ROOM,<60,<500m,7-12,44,9.0,540000.0
JURONG EAST|4 ROOM|<60|>1km|1-6,JURONG EAST,4 ROOM,<60,>1km,1-6,51,8.0,460000.0
JURONG EAST|4 ROOM|<60|>1km|13+,JURONG EAST,4 ROOM,<60,>1km,13+,1,1.0,472888.0
JURONG EAST|4 ROOM|<60|>1km|7-12,JURONG EAST,4 ROOM,<60,>1km,7-12,53,4.0,482500.0
JURONG EAST|5 ROOM|60-79|500m-1km|1-6,JURONG EAST,5 ROOM,60-79,500m-1km,1-6,173,12.0,722500.0
JURONG EAST|5 ROOM|60-79|500m-1km|13+,JURONG EAST,5 ROOM,60-79,500m-1km,13+,145,17.0,818000.0
JURONG EAST|5 ROOM|60-79|500m-1km|7-12,JURONG EAST,5 ROOM,60-79,500m-1km,7-12,180,12.0,790444.0
JURONG EAST|5 ROOM|60-79|<500m|1-6,JURONG EAST,5 ROOM,60-79,<500m,1-6,37,0.0,
JURONG EAST|5 ROOM|60-79|<500m|13+,JURONG EAST,5 ROOM,60-79,<500m,13+,49,2.0,869000.0
JURONG EAST|5 ROOM|60-79|<500m|7-12,JURONG EAST,5 ROOM,60-79,<500m,7-12,70,1.0,723000.0
JURONG EAST|5 ROOM|60-79|>1km|1-6,JURONG EAST,5 ROOM,60-79,>1km,1-6,24,1.0,623000.0
JURONG EAST|5 ROOM|60-79|>1km|13+,JURONG EAST,5 ROOM,60-79,>1km,13+,16,3.0,723000.0
JURONG EAST|5 ROOM|60-79|>1km|7-12,JURONG EAST,5 ROOM,60-79,>1km,7-12,25,3.0,688000.0
JURONG EAST|5 ROOM|80+|500m-1km|1-6,JURONG EAST,5 ROOM,80+,500m-1km,1-6,4,0.0,
JURONG EAST|5 ROOM|80+|500m-1km|13+,JURONG EAST,5 ROOM,80+,500m-1km,13+,18,0.0,
JURONG EAST|5 ROOM|80+|500m-1km|7-12,JURONG EAST,5 ROOM,80+,500m-1km,7-12,12,0.0,
JURONG EAST|5 ROOM|80+|>1km|1-6,JURONG EAST,5 ROOM,80+,>1km,1-6,16,1.0,700000.0
JURONG EAST|5 ROOM|80+|>1km|13+,JURONG EAST,5 ROOM,80+,>1km,13+,33,2.0,764000.0
JURONG EAST|5 ROOM|80+|>1km|7-12,JURONG EAST,5 ROOM,80+,>1km,7-12,13,0.0,
JURONG EAST|5 ROOM|<60|500m-1km|1-6,JURONG EAST,5 ROOM,<60,500m-1km,1-6,46,8.0,630000.0
JURONG EAST|5 ROOM|<60|500m-1km|13+,JURONG EAST,5 ROOM,<60,500m-1km,13+,28,5.0,725000.0
JURONG EAST|5 ROOM|<60|500m-1km|7-12,JURONG EAST,5 ROOM,<60,500m-1km,7-12,54,13.0,648000.0
JURONG EAST|5 ROOM|<60|<500m|1-6,JURONG EAST,5 ROOM,<60,<500m,1-6,35,6.0,667500.0
JURONG EAST|5 ROOM|<60|<500m|13+,JURONG EAST,5 ROOM,<60,<500m,13+,35,9.0,695000.0
JURONG EAST|5 ROOM|<60|<500m|7-12,JURONG EAST,5 ROOM,<60,<500m,7-12,29,5.0,650000.0
JURONG EAST|5 ROOM|<60|>1km|1-6,JURONG EAST,5 ROOM,<60,>1km,1-6,43,6.0,512500.0
JURONG EAST|5 ROOM|<60|>1km|13+,JURONG EAST,5 ROOM,<60,>1km,13+,31,3.0,600000.0
JURONG EAST|5 ROOM|<60|>1km|7-12,JURONG EAST,5 ROOM,<60,>1km,7-12,42,2.0,549000.0
JURONG EAST|EXECUTIVE|60-79|500m-1km|1-6,JURONG EAST,EXECUTIVE,60-79,500m-1km,1-6,174,6.0,931500.0
JURONG EAST|EXECUTIVE|60-79|500m-1km|13+,JURONG EAST,EXECUTIVE,60-79,500m-1km,13+,61,7.0,1052000.0
JURONG EAST|EXECUTIVE|60-79|500m-1km|7-12,JURONG EAST,EXECUTIVE,60-79,500m-1km,7-12,133,9.0,1018000.0
JURONG EAST|EXECUTIVE|60-79|<500m|1-6,JURONG EAST,EXECUTIVE,60-79,<500m,1-6,5,0.0,
JURONG EAST|EXECUTIVE|60-79|<500m|7-12,JURONG EAST,EXECUTIVE,60-79,<500m,7-12,2,0.0,
JURONG EAST|EXECUTIVE|60-79|>1km|1-6,JURONG EAST,EXECUTIVE,60-79,>1km,1-6,29,0.0,
JURONG EAST|EXECUTIVE|60-79|>1km|13+,JURONG EAST,EXECUTIVE,60-79,>1km,13+,1,0.0,
JURONG EAST|EXECUTIVE|60-79|>1km|7-12,JURONG EAST,EXECUTIVE,60-79,>1km,7-12,21,0.0,
JURONG EAST|EXECUTIVE|80+|500m-1km|1-6,JURONG EAST,EXECUTIVE,80+,500m-1km,1-6,4,0.0,
JURONG EAST|EXECUTIVE|80+|500m-1km|13+,JURONG EAST,EXECUTIVE,80+,500m-1km,13+,9,0.0,
JURONG EAST|EXECUTIVE|80+|500m-1km|7-12,JURONG EAST,EXECUTIVE,80+,500m-1km,7-12,5,0.0,
JURONG EAST|EXECUTIVE|<60|500m-1km|1-6,JURONG EAST,EXECUTIVE,<60,500m-1km,1-6,12,6.0,768600.0
JURONG EAST|EXECUTIVE|<60|500m-1km|13+,JURONG EAST,EXECUTIVE,<60,500m-1km,13+,2,1.0,868000.0
JURONG EAST|EXECUTIVE|<60|500m-1km|7-12,JURONG EAST,EXECUTIVE,<60,500m-1km,7-12,13,5.0,800000.0
JURONG EAST|EXECUTIVE|<60|>1km|1-6,JURONG EAST,EXECUTIVE,<60,>1km,1-6,2,1.0,850000.0
JURONG WEST|2 ROOM|60-79|500m-1km|1-6,JURONG WEST,2 ROOM,60-79,500m-1km,1-6,2,0.0,
JURONG WEST|2 ROOM|60-79|500m-1km|7-12,JURONG WEST,2 ROOM,60-79,500m-1km,7-12,1,0.0,
JURONG WEST|2 ROOM|80+|<500m|1-6,JURONG WEST,2 ROOM,80+,<500m,1-6,22,1.0,325000.0
JURONG WEST|2 ROOM|80+|<500m|13+,JURONG WEST,2 ROOM,80+,<500m,13+,1,0.0,
JURONG WEST|2 ROOM|80+|<500m|7-12,JURONG WEST,2 ROOM,80+,<500m,7-12,22,4.0,387000.0
JURONG WEST|2 ROOM|80+|>1km|1-6,JURONG WEST,2 ROOM,80+,>1km,1-6,50,6.0,360000.0
JURONG WEST|2 ROOM|80+|>1km|13+,JURONG WEST,2 ROOM,80+,>1km,13+,54,6.0,361500.0
JURONG WEST|2 ROOM|80+|>1km|7-12,JURONG WEST,2 ROOM,80+,>1km,7-12,68,9.0,365000.0
JURONG WEST|2 ROOM|<60|500m-1km|1-6,JURONG WEST,2 ROOM,<60,500m-1km,1-6,21,0.0,
JURONG WEST|2 ROOM|<60|500m-1km|7-12,JURONG WEST,2 ROOM,<60,500m-1km,7-12,5,1.0,300000.0
JURONG WEST|2 ROOM|<60|>1km|1-6,JURONG WEST,2 ROOM,<60,>1km,1-6,4,0.0,
JURONG WEST|2 ROOM|<60|>1km|7-12,JURONG WEST,2 ROOM,<60,>1km,7-12,1,0.0,
JURONG WEST|3 ROOM|60-79|500m-1km|1-6,JURONG WEST,3 ROOM,60-79,500m-1km,1-6,324,3.0,400000.0
JURONG WEST|3 ROOM|60-79|500m-1km|13+,JURONG WEST,3 ROOM,60-79,500m-1km,13+,7,0.0,
JURONG WEST|3 ROOM|60-79|500m-1km|7-12,JURONG WEST,3 ROOM,60-79,500m-1km,7-12,239,5.0,402000.0
JURONG WEST|3 ROOM|60-79|<500m|1-6,JURONG WEST,3 ROOM,60-79,<500m,1-6,86,0.0,
JURONG WEST|3 ROOM|60-79|<500m|13+,JURONG WEST,3 ROOM,60-79,<500m,13+,12,0.0,
JURONG WEST|3 ROOM|60-79|<500m|7-12,JURONG WEST,3 ROOM,60-79,<500m,7-12,98,0.0,
JURONG WEST|3 ROOM|60-79|>1km|1-6,JURONG WEST,3 ROOM,60-79,>1km,1-6,64,12.0,389000.0
JURONG WEST|3 ROOM|60-79|>1km|7-12,JURONG WEST,3 ROOM,60-79,>1km,7-12,86,4.0,400000.0
JURONG WEST|3 ROOM|80+|500m-1km|1-6,JURONG WEST,3 ROOM,80+,500m-1km,1-6,47,3.0,460000.0
JURONG WEST|3 ROOM|80+|500m-1km|13+,JURONG WEST,3 ROOM,80+,500m-1km,13+,50,7.0,513888.0
JURONG WEST|3 ROOM|80+|500m-1km|7-12,JURONG WEST,3 ROOM,80+,500m-1km,7-12,38,5.0,488888.0
JURONG WEST|3 ROOM|80+|<500m|1-6,JURONG WEST,3 ROOM,80+,<500m,1-6,19,3.0,520000.0
JURONG WEST|3 ROOM|80+|<500m|13+,JURONG WEST,3 ROOM,80+,<500m,13+,20,4.0,603444.0
JURONG WEST|3 ROOM|80+|<500m|7-12,JURONG WEST,3 ROOM,80+,<500m,7-12,16,4.0,589444.0
JURONG WEST|3 ROOM|80+|>1km|1-6,JURONG WEST,3 ROOM,80+,>1km,1-6,111,13.0,485000.0
JURONG WEST|3 ROOM|80+|>1km|13+,JURONG WEST,3 ROOM,80+,>1km,13+,117,12.0,516444.0
JURONG WEST|3 ROOM|80+|>1km|7-12,JURONG WEST,3 ROOM,80+,>1km,7-12,123,18.0,510000.0
JURONG WEST|3 ROOM|<60|500m-1km|1-6,JURONG WEST,3 ROOM,<60,500m-1km,1-6,419,73.0,368000.0
JURONG WEST|3 ROOM|<60|500m-1km|13+,JURONG WEST,3 ROOM,<60,500m-1km,13+,255,19.0,320888.0
JURONG WEST|3 ROOM|<60|500m-1km|7-12,JURONG WEST,3 ROOM,<60,500m-1km,7-12,389,53.0,400000.0
JURONG WEST|3 ROOM|<60|<500m|1-6,JURONG WEST,3 ROOM,<60,<500m,1-6,45,14.0,417500.0
JURONG WEST|3 ROOM|<60|<500m|13+,JURONG WEST,3 ROOM,<60,<500m,13+,6,1.0,435000.0
JURONG WEST|3 ROOM|<60|<500m|7-12,JURONG WEST,3 ROOM,<60,<500m,7-12,48,12.0,444000.0
JURONG WEST|3 ROOM|<60|>1km|1-6,JURONG WEST,3 ROOM,<60,>1km,1-6,228,20.0,330000.0
JURONG WEST|3 ROOM|<60|>1km|13+,JURONG WEST,3 ROOM,<60,>1km,13+,66,5.0,350000.0
JURONG WEST|3 ROOM|<60|>1km|7-12,JURONG WEST,3 ROOM,<60,>1km,7-12,153,12.0,306500.0
JURONG WEST|4 ROOM|60-79|500m-1km|1-6,JURONG WEST,4 ROOM,60-79,500m-1km,1-6,825,46.0,510000.0
JURONG WEST|4 ROOM|60-79|500m-1km|13+,JURONG WEST,4 ROOM,60-79,500m-1km,13+,90,12.0,561444.0
JURONG WEST|4 ROOM|60-79|500m-1km|7-12,JURONG WEST,4 ROOM,60-79,500m-1km,7-12,680,56.0,536500.0
JURONG WEST|4 ROOM|60-79|<500m|1-6,JURONG WEST,4 ROOM,60-79,<500m,1-6,483,53.0,525000.0
JURONG WEST|4 ROOM|60-79|<500m|13+,JURONG WEST,4 ROOM,60-79,<500m,13+,167,14.0,582500.0
JURONG WEST|4 ROOM|60-79|<500m|7-12,JURONG WEST,4 ROOM,60-79,<500m,7-12,442,62.0,559444.0
JURONG WEST|4 ROOM|60-79|>1km|1-6,JURONG WEST,4 ROOM,60-79,>1km,1-6,548,53.0,503000.0
JURONG WEST|4 ROOM|60-79|>1km|13+,JURONG WEST,4 ROOM,60-79,>1km,13+,84,12.0,526500.0
JURONG WEST|4 ROOM|60-79|>1km|7-12,JURONG WEST,4 ROOM,60-79,>1km,7-12,475,46.0,507500.0
JURONG WEST|4 ROOM|80+|500m-1km|1-6,JURONG WEST,4 ROOM,80+,500m-1km,1-6,161,12.0,581944.0
JURONG WEST|4 ROOM|80+|500m-1km|13+,JURONG WEST,4 ROOM,80+,500m-1km,13+,149,12.0,667500.0
JURONG WEST|4 ROOM|80+|500m-1km|7-12,JURONG WEST,4 ROOM,80+,500m-1km,7-12,166,11.0,638000.0
JURONG WEST|4 ROOM|80+|<500m|1-6,JURONG WEST,4 ROOM,80+,<500m,1-6,191,9.0,530000.0
JURONG WEST|4 ROOM|80+|<500m|13+,JURONG WEST,4 ROOM,80+,<500m,13+,112,3.0,750888.0
JURONG WEST|4 ROOM|80+|<500m|7-12,JURONG WEST,4 ROOM,80+,<500m,7-12,188,4.0,580000.0
JURONG WEST|4 ROOM|80+|>1km|1-6,JURONG WEST,4 ROOM,80+,>1km,1-6,288,20.0,601500.0
JURONG WEST|4 ROOM|80+|>1km|13+,JURONG WEST,4 ROOM,80+,>1km,13+,245,26.0,651444.0
JURONG WEST|4 ROOM|80+|>1km|7-12,JURONG WEST,4 ROOM,80+,>1km,7-12,285,32.0,633944.0
JURONG WEST|4 ROOM|<60|500m-1km|1-6,JURONG WEST,4 ROOM,<60,500m-1km,1-6,120,43.0,495000.0
JURONG WEST|4 ROOM|<60|500m-1km|13+,JURONG WEST,4 ROOM,<60,500m-1km,13+,1,0.0,
JURONG WEST|4 ROOM|<60|500m-1km|7-12,JURONG WEST,4 ROOM,<60,500m-1km,7-12,109,28.0,515000.0
JURONG WEST|4 ROOM|<60|<500m|1-6,JURONG WEST,4 ROOM,<60,<500m,1-6,22,3.0,595000.0
JURONG WEST|4 ROOM|<60|<500m|13+,JURONG WEST,4 ROOM,<60,<500m,13+,7,4.0,612944.0
JURONG WEST|4 ROOM|<60|<500m|7-12,JURONG WEST,4 ROOM,<60,<500m,7-12,28,7.0,580000.0
JURONG WEST|4 ROOM|<60|>1km|1-6,JURONG WEST,4 ROOM,<60,>1km,1-6,27,7.0,465000.0
JURONG WEST|4 ROOM|<60|>1km|13+,JURONG WEST,4 ROOM,<60,>1km,13+,2,1.0,500000.0
JURONG WEST|4 ROOM|<60|>1km|7-12,JURONG WEST,4 ROOM,<60,>1km,7-12,48,14.0,518000.0
JURONG WEST|5 ROOM|60-79|500m-1km|1-6,JURONG WEST,5 ROOM,60-79,500m-1km,1-6,426,30.0,590000.0
JURONG WEST|5 ROOM|60-79|500m-1km|13+,JURONG WEST,5 ROOM,60-79,500m-1km,13+,174,18.0,650000.0
JURONG WEST|5 ROOM|60-79|500m-1km|7-12,JURONG WEST,5 ROOM,60-79,500m-1km,7-12,394,34.0,635500.0
JURONG WEST|5 ROOM|60-79|<500m|1-6,JURONG WEST,5 ROOM,60-79,<500m,1-6,404,57.0,622000.0
JURONG WEST|5 ROOM|60-79|<500m|13+,JURONG WEST,5 ROOM,60-79,<500m,13+,216,20.0,673500.0
JURONG WEST|5 ROOM|60-79|<500m|7-12,JURONG WEST,5 ROOM,60-79,<500m,7-12,394,47.0,668000.0
JURONG WEST|5 ROOM|60-79|>1km|1-6,JURONG WEST,5 ROOM,60-79,>1km,1-6,379,38.0,576500.0
JURONG WEST|5 ROOM|60-79|>1km|13+,JURONG WEST,5 ROOM,60-79,>1km,13+,109,22.0,610000.0
JURONG WEST|5 ROOM|60-79|>1km|7-12,JURONG WEST,5 ROOM,60-79,>1km,7-12,354,33.0,588000.0
JURONG WEST|5 ROOM|80+|500m-1km|1-6,JURONG WEST,5 ROOM,80+,500m-1km,1-6,156,14.0,665000.0
JURONG WEST|5 ROOM|80+|500m-1km|13+,JURONG WEST,5 ROOM,80+,500m-1km,13+,146,9.0,628000.0
JURONG WEST|5 ROOM|80+|500m-1km|7-12,JURONG WEST,5 ROOM,80+,500m-1km,7-12,194,11.0,630000.0
JURONG WEST|5 ROOM|80+|<500m|1-6,JURONG WEST,5 ROOM,80+,<500m,1-6,256,6.0,631500.0
JURONG WEST|5 ROOM|80+|<500m|13+,JURONG WEST,5 ROOM,80+,<500m,13+,216,3.0,648000.0
JURONG WEST|5 ROOM|80+|<500m|7-12,JURONG WEST,5 ROOM,80+,<500m,7-12,301,2.0,619000.0
JURONG WEST|5 ROOM|80+|>1km|1-6,JURONG WEST,5 ROOM,80+,>1km,1-6,186,11.0,688000.0
JURONG WEST|5 ROOM|80+|>1km|13+,JURONG WEST,5 ROOM,80+,>1km,13+,176,14.0,779444.0
JURONG WEST|5 ROOM|80+|>1km|7-12,JURONG WEST,5 ROOM,80+,>1km,7-12,219,11.0,738000.0
JURONG WEST|5 ROOM|<60|500m-1km|1-6,JURONG WEST,5 ROOM,<60,500m-1km,1-6,67,13.0,605000.0
JURONG WEST|5 ROOM|<60|500m-1km|13+,JURONG WEST,5 ROOM,<60,500m-1km,13+,39,4.0,627500.0
JURONG WEST|5 ROOM|<60|500m-1km|7-12,JURONG WEST,5 ROOM,<60,500m-1km,7-12,52,7.0,660000.0
JURONG WEST|5 ROOM|<60|<500m|1-6,JURONG WEST,5 ROOM,<60,<500m,1-6,3,1.0,620888.0
JURONG WEST|5 ROOM|<60|>1km|1-6,JURONG WEST,5 ROOM,<60,>1km,1-6,48,19.0,645000.0
JURONG WEST|5 ROOM|<60|>1km|7-12,JURONG WEST,5 ROOM,<60,>1km,7-12,24,7.0,675000.0
JURONG WEST|EXECUTIVE|60-79|500m-1km|1-6,JURONG WEST,EXECUTIVE,60-79,500m-1km,1-6,233,19.0,795000.0
JURONG WEST|EXECUTIVE|60-79|500m-1km|13+,JURONG WEST,EXECUTIVE,60-79,500m-1km,13+,79,11.0,765888.0
JURONG WEST|EXECUTIVE|60-79|500m-1km|7-12,JURONG WEST,EXECUTIVE,60-79,500m-1km,7-12,184,20.0,803000.0
JURONG WEST|EXECUTIVE|60-79|<500m|1-6,JURONG WEST,EXECUTIVE,60-79,<500m,1-6,104,9.0,765000.0
JURONG WEST|EXECUTIVE|60-79|<500m|13+,JURONG WEST,EXECUTIVE,60-79,<500m,13+,57,2.0,821500.0
JURONG WEST|EXECUTIVE|60-79|<500m|7-12,JURONG WEST,EXECUTIVE,60-79,<500m,7-12,117,10.0,789444.0
JURONG WEST|EXECUTIVE|60-79|>1km|1-6,JURONG WEST,EXECUTIVE,60-79,>1km,1-6,276,11.0,725000.0
JURONG WEST|EXECUTIVE|60-79|>1km|13+,JURONG WEST,EXECUTIVE,60-79,>1km,13+,44,4.0,810000.0
JURONG WEST|EXECUTIVE|60-79|>1km|7-12,JURONG WEST,EXECUTIVE,60-79,>1km,7-12,200,10.0,785000.0
JURONG WEST|EXECUTIVE|80+|500m-1km|1-6,JURONG WEST,EXECUTIVE,80+,500m-1km,1-6,46,0.0,
JURONG WEST|EXECUTIVE|80+|500m-1km|13+,JURONG WEST,EXECUTIVE,80+,500m-1km,13+,38,0.0,
JURONG WEST|EXECUTIVE|80+|500m-1km|7-12,JURONG WEST,EXECUTIVE,80+,500m-1km,7-12,60,0.0,
JURONG WEST|EXECUTIVE|80+|<500m|1-6,JURONG WEST,EXECUTIVE,80+,<500m,1-6,31,0.0,
JURONG WEST|EXECUTIVE|80+|<500m|13+,JURONG WEST,EXECUTIVE,80+,<500m,13+,17,0.0,
JURONG WEST|EXECUTIVE|80+|<500m|7-12,JURONG WEST,EXECUTIVE,80+,<500m,7-12,38,0.0,
JURONG WEST|EXECUTIVE|80+|>1km|1-6,JURONG WEST,EXECUTIVE,80+,>1km,1-6,24,0.0,
JURONG WEST|EXECUTIVE|80+|>1km|13+,JURONG WEST,EXECUTIVE,80+,>1km,13+,7,0.0,
JURONG WEST|EXECUTIVE|80+|>1km|7-12,JURONG WEST,EXECUTIVE,80+,>1km,7-12,18,0.0,
JURONG WEST|EXECUTIVE|<60|<500m|1-6,JURONG WEST,EXECUTIVE,<60,<500m,1-6,11,6.0,841500.0
JURONG WEST|EXECUTIVE|<60|<500m|13+,JURONG WEST,EXECUTIVE,<60,<500m,13+,4,0.0,
JURONG WEST|EXECUTIVE|<60|<500m|7-12,JURONG WEST,EXECUTIVE,<60,<500m,7-12,7,3.0,869888.0
JURONG WEST|EXECUTIVE|<60|>1km|1-6,JURONG WEST,EXECUTIVE,<60,>1km,1-6,14,9.0,725500.0
JURONG WEST|EXECUTIVE|<60|>1km|7-12,JURONG WEST,EXECUTIVE,<60,>1km,7-12,20,6.0,773500.0
KALLANG/WHAMPOA|2 ROOM|60-79|<500m|1-6,KALLANG/WHAMPOA,2 ROOM,60-79,<500m,1-6,6,0.0,
KALLANG/WHAMPOA|2 ROOM|60-79|<500m|13+,KALLANG/WHAMPOA,2 ROOM,60-79,<500m,13+,6,0.0,
KALLANG/WHAMPOA|2 ROOM|60-79|<500m|7-12,KALLANG/WHAMPOA,2 ROOM,60-79,<500m,7-12,5,0.0,
KALLANG/WHAMPOA|2 ROOM|<60|<500m|1-6,KALLANG/WHAMPOA,2 ROOM,<60,<500m,1-6,48,6.0,327500.0
KALLANG/WHAMPOA|2 ROOM|<60|<500m|13+,KALLANG/WHAMPOA,2 ROOM,<60,<500m,13+,4,2.0,362500.0
KALLANG/WHAMPOA|2 ROOM|<60|<500m|7-12,KALLANG/WHAMPOA,2 ROOM,<60,<500m,7-12,43,4.0,321500.0
KALLANG/WHAMPOA|3 ROOM|60-79|500m-1km|1-6,KALLANG/WHAMPOA,3 ROOM,60-79,500m-1km,1-6,32,1.0,513888.0
KALLANG/WHAMPOA|3 ROOM|60-79|500m-1km|13+,KALLANG/WHAMPOA,3 ROOM,60-79,500m-1km,13+,6,0.0,
KALLANG/WHAMPOA|3 ROOM|60-79|500m-1km|7-12,KALLANG/WHAMPOA,3 ROOM,60-79,500m-1km,7-12,21,0.0,
KALLANG/WHAMPOA|3 ROOM|60-79|<500m|1-6,KALLANG/WHAMPOA,3 ROOM,60-79,<500m,1-6,166,8.0,545444.0
KALLANG/WHAMPOA|3 ROOM|60-79|<500m|13+,KALLANG/WHAMPOA,3 ROOM,60-79,<500m,13+,42,2.0,674000.0
KALLANG/WHAMPOA|3 ROOM|60-79|<500m|7-12,KALLANG/WHAMPOA,3 ROOM,60-79,<500m,7-12,160,3.0,675000.0
KALLANG/WHAMPOA|3 ROOM|80+|500m-1km|1-6,KALLANG/WHAMPOA,3 ROOM,80+,500m-1km,1-6,26,4.0,584444.0
KALLANG/WHAMPOA|3 ROOM|80+|500m-1km|13+,KALLANG/WHAMPOA,3 ROOM,80+,500m-1km,13+,115,16.0,677500.0
KALLANG/WHAMPOA|3 ROOM|80+|500m-1km|7-12,KALLANG/WHAMPOA,3 ROOM,80+,500m-1km,7-12,38,4.0,667500.0
KALLANG/WHAMPOA|3 ROOM|80+|<500m|1-6,KALLANG/WHAMPOA,3 ROOM,80+,<500m,1-6,65,8.0,733000.0
KALLANG/WHAMPOA|3 ROOM|80+|<500m|13+,KALLANG/WHAMPOA,3 ROOM,80+,<500m,13+,168,15.0,845000.0
KALLANG/WHAMPOA|3 ROOM|80+|<500m|7-12,KALLANG/WHAMPOA,3 ROOM,80+,<500m,7-12,66,8.0,792000.0
KALLANG/WHAMPOA|3 ROOM|<60|500m-1km|1-6,KALLANG/WHAMPOA,3 ROOM,<60,500m-1km,1-6,322,32.0,366500.0
KALLANG/WHAMPOA|3 ROOM|<60|500m-1km|13+,KALLANG/WHAMPOA,3 ROOM,<60,500m-1km,13+,90,5.0,370000.0
KALLANG/WHAMPOA|3 ROOM|<60|500m-1km|7-12,KALLANG/WHAMPOA,3 ROOM,<60,500m-1km,7-12,299,31.0,385000.0
KALLANG/WHAMPOA|3 ROOM|<60|<500m|1-6,KALLANG/WHAMPOA,3 ROOM,<60,<500m,1-6,594,64.0,411000.0
KALLANG/WHAMPOA|3 ROOM|<60|<500m|13+,KALLANG/WHAMPOA,3 ROOM,<60,<500m,13+,213,31.0,460000.0
KALLANG/WHAMPOA|3 ROOM|<60|<500m|7-12,KALLANG/WHAMPOA,3 ROOM,<60,<500m,7-12,629,69.0,460000.0
KALLANG/WHAMPOA|4 ROOM|60-79|500m-1km|1-6,KALLANG/WHAMPOA,4 ROOM,60-79,500m-1km,1-6,111,7.0,680000.0
KALLANG/WHAMPOA|4 ROOM|60-79|500m-1km|13+,KALLANG/WHAMPOA,4 ROOM,60-79,500m-1km,13+,23,2.0,840000.0
KALLANG/WHAMPOA|4 ROOM|60-79|500m-1km|7-12,KALLANG/WHAMPOA,4 ROOM,60-79,500m-1km,7-12,90,5.0,730000.0
KALLANG/WHAMPOA|4 ROOM|60-79|<500m|1-6,KALLANG/WHAMPOA,4 ROOM,60-79,<500m,1-6,245,19.0,840000.0
KALLANG/WHAMPOA|4 ROOM|60-79|<500m|13+,KALLANG/WHAMPOA,4 ROOM,60-79,<500m,13+,96,25.0,930000.0
KALLANG/WHAMPOA|4 ROOM|60-79|<500m|7-12,KALLANG/WHAMPOA,4 ROOM,60-79,<500m,7-12,198,22.0,852500.0
KALLANG/WHAMPOA|4 ROOM|60-79|>1km|1-6,KALLANG/WHAMPOA,4 ROOM,60-79,>1km,1-6,5,1.0,720000.0
KALLANG/WHAMPOA|4 ROOM|60-79|>1km|7-12,KALLANG/WHAMPOA,4 ROOM,60-79,>1km,7-12,2,0.0,
KALLANG/WHAMPOA|4 ROOM|80+|500m-1km|1-6,KALLANG/WHAMPOA,4 ROOM,80+,500m-1km,1-6,109,8.0,819444.0
KALLANG/WHAMPOA|4 ROOM|80+|500m-1km|13+,KALLANG/WHAMPOA,4 ROOM,80+,500m-1km,13+,248,24.0,937500.0
KALLANG/WHAMPOA|4 ROOM|80+|500m-1km|7-12,KALLANG/WHAMPOA,4 ROOM,80+,500m-1km,7-12,110,4.0,923000.0
KALLANG/WHAMPOA|4 ROOM|80+|<500m|1-6,KALLANG/WHAMPOA,4 ROOM,80+,<500m,1-6,171,19.0,986888.0
KALLANG/WHAMPOA|4 ROOM|80+|<500m|13+,KALLANG/WHAMPOA,4 ROOM,80+,<500m,13+,637,74.0,1140000.0
KALLANG/WHAMPOA|4 ROOM|80+|<500m|7-12,KALLANG/WHAMPOA,4 ROOM,80+,<500m,7-12,153,10.0,1067944.0
KALLANG/WHAMPOA|4 ROOM|<60|500m-1km|1-6,KALLANG/WHAMPOA,4 ROOM,<60,500m-1km,1-6,82,10.0,555500.0
KALLANG/WHAMPOA|4 ROOM|<60|500m-1km|13+,KALLANG/WHAMPOA,4 ROOM,<60,500m-1km,13+,104,14.0,539444.0
KALLANG/WHAMPOA|4 ROOM|<60|500m-1km|7-12,KALLANG/WHAMPOA,4 ROOM,<60,500m-1km,7-12,93,9.0,650000.0
KALLANG/WHAMPOA|4 ROOM|<60|<500m|1-6,KALLANG/WHAMPOA,4 ROOM,<60,<500m,1-6,107,18.0,602500.0
KALLANG/WHAMPOA|4 ROOM|<60|<500m|13+,KALLANG/WHAMPOA,4 ROOM,<60,<500m,13+,40,8.0,655000.0
KALLANG/WHAMPOA|4 ROOM|<60|<500m|7-12,KALLANG/WHAMPOA,4 ROOM,<60,<500m,7-12,125,18.0,647750.0
KALLANG/WHAMPOA|5 ROOM|60-79|500m-1km|1-6,KALLANG/WHAMPOA,5 ROOM,60-79,500m-1km,1-6,65,5.0,890000.0
KALLANG/WHAMPOA|5 ROOM|60-79|500m-1km|13+,KALLANG/WHAMPOA,5 ROOM,60-79,500m-1km,13+,71,5.0,860000.0
KALLANG/WHAMPOA|5 ROOM|60-79|500m-1km|7-12,KALLANG/WHAMPOA,5 ROOM,60-79,500m-1km,7-12,80,11.0,925000.0
KALLANG/WHAMPOA|5 ROOM|60-79|<500m|1-6,KALLANG/WHAMPOA,5 ROOM,60-79,<500m,1-6,93,7.0,970000.0
KALLANG/WHAMPOA|5 ROOM|60-79|<500m|13+,KALLANG/WHAMPOA,5 ROOM,60-79,<500m,13+,79,13.0,1160000.0
KALLANG/WHAMPOA|5 ROOM|60-79|<500m|7-12,KALLANG/WHAMPOA,5 ROOM,60-79,<500m,7-12,112,13.0,1045000.0
KALLANG/WHAMPOA|5 ROOM|60-79|>1km|1-6,KALLANG/WHAMPOA,5 ROOM,60-79,>1km,1-6,3,1.0,895000.0
KALLANG/WHAMPOA|5 ROOM|60-79|>1km|7-12,KALLANG/WHAMPOA,5 ROOM,60-79,>1km,7-12,1,0.0,
KALLANG/WHAMPOA|5 ROOM|80+|500m-1km|1-6,KALLANG/WHAMPOA,5 ROOM,80+,500m-1km,1-6,3,0.0,
KALLANG/WHAMPOA|5 ROOM|80+|500m-1km|13+,KALLANG/WHAMPOA,5 ROOM,80+,500m-1km,13+,43,0.0,
KALLANG/WHAMPOA|5 ROOM|80+|500m-1km|7-12,KALLANG/WHAMPOA,5 ROOM,80+,500m-1km,7-12,3,0.0,
KALLANG/WHAMPOA|5 ROOM|80+|<500m|1-6,KALLANG/WHAMPOA,5 ROOM,80+,<500m,1-6,67,1.0,1330000.0
KALLANG/WHAMPOA|5 ROOM|80+|<500m|13+,KALLANG/WHAMPOA,5 ROOM,80+,<500m,13+,211,14.0,1440000.0
KALLANG/WHAMPOA|5 ROOM|80+|<500m|7-12,KALLANG/WHAMPOA,5 ROOM,80+,<500m,7-12,77,3.0,1267500.0
KALLANG/WHAMPOA|5 ROOM|<60|500m-1km|1-6,KALLANG/WHAMPOA,5 ROOM,<60,500m-1km,1-6,14,1.0,700000.0
KALLANG/WHAMPOA|5 ROOM|<60|500m-1km|13+,KALLANG/WHAMPOA,5 ROOM,<60,500m-1km,13+,40,9.0,836000.0
KALLANG/WHAMPOA|5 ROOM|<60|500m-1km|7-12,KALLANG/WHAMPOA,5 ROOM,<60,500m-1km,7-12,12,1.0,730000.0
KALLANG/WHAMPOA|5 ROOM|<60|<500m|1-6,KALLANG/WHAMPOA,5 ROOM,<60,<500m,1-6,52,4.0,775000.0
KALLANG/WHAMPOA|5 ROOM|<60|<500m|13+,KALLANG/WHAMPOA,5 ROOM,<60,<500m,13+,119,16.0,780500.0
KALLANG/WHAMPOA|5 ROOM|<60|<500m|7-12,KALLANG/WHAMPOA,5 ROOM,<60,<500m,7-12,66,13.0,928000.0
KALLANG/WHAMPOA|EXECUTIVE|60-79|500m-1km|1-6,KALLANG/WHAMPOA,EXECUTIVE,60-79,500m-1km,1-6,39,1.0,1080000.0
KALLANG/WHAMPOA|EXECUTIVE|60-79|500m-1km|13+,KALLANG/WHAMPOA,EXECUTIVE,60-79,500m-1km,13+,10,2.0,1346000.0
KALLANG/WHAMPOA|EXECUTIVE|60-79|500m-1km|7-12,KALLANG/WHAMPOA,EXECUTIVE,60-79,500m-1km,7-12,36,0.0,
KALLANG/WHAMPOA|EXECUTIVE|60-79|<500m|1-6,KALLANG/WHAMPOA,EXECUTIVE,60-79,<500m,1-6,21,0.0,
KALLANG/WHAMPOA|EXECUTIVE|60-79|<500m|7-12,KALLANG/WHAMPOA,EXECUTIVE,60-79,<500m,7-12,23,2.0,1164000.0
KALLANG/WHAMPOA|EXECUTIVE|<60|500m-1km|1-6,KALLANG/WHAMPOA,EXECUTIVE,<60,500m-1km,1-6,15,5.0,880000.0
KALLANG/WHAMPOA|EXECUTIVE|<60|500m-1km|7-12,KALLANG/WHAMPOA,EXECUTIVE,<60,500m-1km,7-12,7,3.0,988000.0
KALLANG/WHAMPOA|EXECUTIVE|<60|<500m|1-6,KALLANG/WHAMPOA,EXECUTIVE,<60,<500m,1-6,1,1.0,970000.0
KALLANG/WHAMPOA|EXECUTIVE|<60|<500m|7-12,KALLANG/WHAMPOA,EXECUTIVE,<60,<500m,7-12,3,0.0,
MARINE PARADE|2 ROOM|<60|<500m|1-6,MARINE PARADE,2 ROOM,<60,<500m,1-6,3,0.0,
MARINE PARADE|2 ROOM|<60|<500m|13+,MARINE PARADE,2 ROOM,<60,<500m,13+,2,1.0,318000.0
MARINE PARADE|2 ROOM|<60|<500m|7-12,MARINE PARADE,2 ROOM,<60,<500m,7-12,4,0.0,
MARINE PARADE|3 ROOM|<60|<500m|1-6,MARINE PARADE,3 ROOM,<60,<500m,1-6,293,26.0,450000.0
MARINE PARADE|3 ROOM|<60|<500m|13+,MARINE PARADE,3 ROOM,<60,<500m,13+,99,10.0,476500.0
MARINE PARADE|3 ROOM|<60|<500m|7-12,MARINE PARADE,3 ROOM,<60,<500m,7-12,326,24.0,489000.0
MARINE PARADE|4 ROOM|<60|<500m|1-6,MARINE PARADE,4 ROOM,<60,<500m,1-6,138,17.0,610000.0
MARINE PARADE|4 ROOM|<60|<500m|13+,MARINE PARADE,4 ROOM,<60,<500m,13+,73,11.0,680000.0
MARINE PARADE|4 ROOM|<60|<500m|7-12,MARINE PARADE,4 ROOM,<60,<500m,7-12,146,9.0,660000.0
MARINE PARADE|5 ROOM|<60|<500m|1-6,MARINE PARADE,5 ROOM,<60,<500m,1-6,86,8.0,888944.0
MARINE PARADE|5 ROOM|<60|<500m|13+,MARINE PARADE,5 ROOM,<60,<500m,13+,202,18.0,1080000.0
MARINE PARADE|5 ROOM|<60|<500m|7-12,MARINE PARADE,5 ROOM,<60,<500m,7-12,93,7.0,908000.0
PASIR RIS|2 ROOM|60-79|500m-1km|1-6,PASIR RIS,2 ROOM,60-79,500m-1km,1-6,6,1.0,350000.0
PASIR RIS|2 ROOM|80+|<500m|1-6,PASIR RIS,2 ROOM,80+,<500m,1-6,15,5.0,410000.0
PASIR RIS|2 ROOM|80+|<500m|13+,PASIR RIS,2 ROOM,80+,<500m,13+,5,0.0,
PASIR RIS|2 ROOM|80+|<500m|7-12,PASIR RIS,2 ROOM,80+,<500m,7-12,39,4.0,430000.0
PASIR RIS|3 ROOM|60-79|>1km|1-6,PASIR RIS,3 ROOM,60-79,>1km,1-6,17,0.0,
PASIR RIS|3 ROOM|80+|<500m|1-6,PASIR RIS,3 ROOM,80+,<500m,1-6,53,7.0,605000.0
PASIR RIS|3 ROOM|80+|<500m|13+,PASIR RIS,3 ROOM,80+,<500m,13+,16,2.0,640000.0
PASIR RIS|3 ROOM|80+|<500m|7-12,PASIR RIS,3 ROOM,80+,<500m,7-12,64,8.0,627500.0
PASIR RIS|3 ROOM|<60|>1km|1-6,PASIR RIS,3 ROOM,<60,>1km,1-6,33,4.0,339500.0
PASIR RIS|4 ROOM|60-79|500m-1km|1-6,PASIR RIS,4 ROOM,60-79,500m-1km,1-6,495,48.0,620000.0
PASIR RIS|4 ROOM|60-79|500m-1km|13+,PASIR RIS,4 ROOM,60-79,500m-1km,13+,32,3.0,706888.0
PASIR RIS|4 ROOM|60-79|500m-1km|7-12,PASIR RIS,4 ROOM,60-79,500m-1km,7-12,406,49.0,640000.0
PASIR RIS|4 ROOM|60-79|<500m|1-6,PASIR RIS,4 ROOM,60-79,<500m,1-6,50,4.0,707500.0
PASIR RIS|4 ROOM|60-79|<500m|13+,PASIR RIS,4 ROOM,60-79,<500m,13+,18,3.0,750000.0
PASIR RIS|4 ROOM|60-79|<500m|7-12,PASIR RIS,4 ROOM,60-79,<500m,7-12,50,10.0,690000.0
PASIR RIS|4 ROOM|60-79|>1km|1-6,PASIR RIS,4 ROOM,60-79,>1km,1-6,628,61.0,610000.0
PASIR RIS|4 ROOM|60-79|>1km|13+,PASIR RIS,4 ROOM,60-79,>1km,13+,70,8.0,637944.0
PASIR RIS|4 ROOM|60-79|>1km|7-12,PASIR RIS,4 ROOM,60-79,>1km,7-12,526,67.0,620000.0
PASIR RIS|4 ROOM|80+|500m-1km|1-6,PASIR RIS,4 ROOM,80+,500m-1km,1-6,62,5.0,750000.0
PASIR RIS|4 ROOM|80+|500m-1km|13+,PASIR RIS,4 ROOM,80+,500m-1km,13+,22,4.0,777500.0
PASIR RIS|4 ROOM|80+|500m-1km|7-12,PASIR RIS,4 ROOM,80+,500m-1km,7-12,90,12.0,758000.0
PASIR RIS|4 ROOM|80+|<500m|1-6,PASIR RIS,4 ROOM,80+,<500m,1-6,132,16.0,770000.0
PASIR RIS|4 ROOM|80+|<500m|13+,PASIR RIS,4 ROOM,80+,<500m,13+,26,3.0,838000.0
PASIR RIS|4 ROOM|80+|<500m|7-12,PASIR RIS,4 ROOM,80+,<500m,7-12,155,18.0,795044.0
PASIR RIS|5 ROOM|60-79|500m-1km|1-6,PASIR RIS,5 ROOM,60-79,500m-1km,1-6,324,33.0,705000.0
PASIR RIS|5 ROOM|60-79|500m-1km|13+,PASIR RIS,5 ROOM,60-79,500m-1km,13+,56,7.0,828000.0
PASIR RIS|5 ROOM|60-79|500m-1km|7-12,PASIR RIS,5 ROOM,60-79,500m-1km,7-12,308,26.0,760000.0
PASIR RIS|5 ROOM|60-79|<500m|1-6,PASIR RIS,5 ROOM,60-79,<500m,1-6,56,5.0,788000.0
PASIR RIS|5 ROOM|60-79|<500m|13+,PASIR RIS,5 ROOM,60-79,<500m,13+,8,0.0,
PASIR RIS|5 ROOM|60-79|<500m|7-12,PASIR RIS,5 ROOM,60-79,<500m,7-12,70,6.0,790000.0
PASIR RIS|5 ROOM|60-79|>1km|1-6,PASIR RIS,5 ROOM,60-79,>1km,1-6,547,63.0,715000.0
PASIR RIS|5 ROOM|60-79|>1km|13+,PASIR RIS,5 ROOM,60-79,>1km,13+,105,14.0,754000.0
PASIR RIS|5 ROOM|60-79|>1km|7-12,PASIR RIS,5 ROOM,60-79,>1km,7-12,572,62.0,728000.0
PASIR RIS|5 ROOM|80+|500m-1km|1-6,PASIR RIS,5 ROOM,80+,500m-1km,1-6,12,1.0,778000.0
PASIR RIS|5 ROOM|80+|500m-1km|13+,PASIR RIS,5 ROOM,80+,500m-1km,13+,1,0.0,
PASIR RIS|5 ROOM|80+|500m-1km|7-12,PASIR RIS,5 ROOM,80+,500m-1km,7-12,9,0.0,
PASIR RIS|5 ROOM|80+|<500m|1-6,PASIR RIS,5 ROOM,80+,<500m,1-6,47,4.0,927500.0
PASIR RIS|5 ROOM|80+|<500m|13+,PASIR RIS,5 ROOM,80+,<500m,13+,8,2.0,971500.0
PASIR RIS|5 ROOM|80+|<500m|7-12,PASIR RIS,5 ROOM,80+,<500m,7-12,72,7.0,945000.0
PASIR RIS|5 ROOM|<60|>1km|1-6,PASIR RIS,5 ROOM,<60,>1km,1-6,1,1.0,740000.0
PASIR RIS|EXECUTIVE|60-79|500m-1km|1-6,PASIR RIS,EXECUTIVE,60-79,500m-1km,1-6,309,37.0,930000.0
PASIR RIS|EXECUTIVE|60-79|500m-1km|13+,PASIR RIS,EXECUTIVE,60-79,500m-1km,13+,35,4.0,995444.0
PASIR RIS|EXECUTIVE|60-79|500m-1km|7-12,PASIR RIS,EXECUTIVE,60-79,500m-1km,7-12,180,23.0,950000.0
PASIR RIS|EXECUTIVE|60-79|<500m|1-6,PASIR RIS,EXECUTIVE,60-79,<500m,1-6,147,18.0,944000.0
PASIR RIS|EXECUTIVE|60-79|<500m|13+,PASIR RIS,EXECUTIVE,60-79,<500m,13+,17,2.0,1000000.0
PASIR RIS|EXECUTIVE|60-79|<500m|7-12,PASIR RIS,EXECUTIVE,60-79,<500m,7-12,117,15.0,1040000.0
PASIR RIS|EXECUTIVE|60-79|>1km|1-6,PASIR RIS,EXECUTIVE,60-79,>1km,1-6,510,45.0,865000.0
PASIR RIS|EXECUTIVE|60-79|>1km|13+,PASIR RIS,EXECUTIVE,60-79,>1km,13+,53,9.0,940000.0
PASIR RIS|EXECUTIVE|60-79|>1km|7-12,PASIR RIS,EXECUTIVE,60-79,>1km,7-12,430,40.0,899500.0
PUNGGOL|2 ROOM|80+|500m-1km|1-6,PUNGGOL,2 ROOM,80+,500m-1km,1-6,120,30.0,385000.0
PUNGGOL|2 ROOM|80+|500m-1km|13+,PUNGGOL,2 ROOM,80+,500m-1km,13+,123,31.0,410000.0
PUNGGOL|2 ROOM|80+|500m-1km|7-12,PUNGGOL,2 ROOM,80+,500m-1km,7-12,116,22.0,412500.0
PUNGGOL|2 ROOM|80+|>1km|1-6,PUNGGOL,2 ROOM,80+,>1km,1-6,66,14.0,365000.0
PUNGGOL|2 ROOM|80+|>1km|13+,PUNGGOL,2 ROOM,80+,>1km,13+,82,19.0,396000.0
PUNGGOL|2 ROOM|80+|>1km|7-12,PUNGGOL,2 ROOM,80+,>1km,7-12,67,5.0,385000.0
PUNGGOL|3 ROOM|80+|500m-1km|1-6,PUNGGOL,3 ROOM,80+,500m-1km,1-6,268,35.0,530000.0
PUNGGOL|3 ROOM|80+|500m-1km|13+,PUNGGOL,3 ROOM,80+,500m-1km,13+,292,37.0,586000.0
PUNGGOL|3 ROOM|80+|500m-1km|7-12,PUNGGOL,3 ROOM,80+,500m-1km,7-12,339,31.0,545000.0
PUNGGOL|3 ROOM|80+|<500m|1-6,PUNGGOL,3 ROOM,80+,<500m,1-6,106,6.0,527500.0
PUNGGOL|3 ROOM|80+|<500m|13+,PUNGGOL,3 ROOM,80+,<500m,13+,94,9.0,588000.0
PUNGGOL|3 ROOM|80+|<500m|7-12,PUNGGOL,3 ROOM,80+,<500m,7-12,133,4.0,560944.0
PUNGGOL|3 ROOM|80+|>1km|1-6,PUNGGOL,3 ROOM,80+,>1km,1-6,183,21.0,520000.0
PUNGGOL|3 ROOM|80+|>1km|13+,PUNGGOL,3 ROOM,80+,>1km,13+,233,12.0,562500.0
PUNGGOL|3 ROOM|80+|>1km|7-12,PUNGGOL,3 ROOM,80+,>1km,7-12,221,26.0,540000.0
PUNGGOL|4 ROOM|60-79|500m-1km|1-6,PUNGGOL,4 ROOM,60-79,500m-1km,1-6,24,7.0,563000.0
PUNGGOL|4 ROOM|60-79|500m-1km|13+,PUNGGOL,4 ROOM,60-79,500m-1km,13+,17,4.0,575444.0
PUNGGOL|4 ROOM|60-79|500m-1km|7-12,PUNGGOL,4 ROOM,60-79,500m-1km,7-12,36,5.0,588000.0
PUNGGOL|4 ROOM|60-79|<500m|1-6,PUNGGOL,4 ROOM,60-79,<500m,1-6,10,4.0,567500.0
PUNGGOL|4 ROOM|60-79|<500m|13+,PUNGGOL,4 ROOM,60-79,<500m,13+,7,1.0,644888.0
PUNGGOL|4 ROOM|60-79|<500m|7-12,PUNGGOL,4 ROOM,60-79,<500m,7-12,8,2.0,615000.0
PUNGGOL|4 ROOM|60-79|>1km|1-6,PUNGGOL,4 ROOM,60-79,>1km,1-6,63,15.0,565000.0
PUNGGOL|4 ROOM|60-79|>1km|13+,PUNGGOL,4 ROOM,60-79,>1km,13+,74,21.0,600000.0
PUNGGOL|4 ROOM|60-79|>1km|7-12,PUNGGOL,4 ROOM,60-79,>1km,7-12,80,25.0,575000.0
PUNGGOL|4 ROOM|80+|500m-1km|1-6,PUNGGOL,4 ROOM,80+,500m-1km,1-6,1114,108.0,647000.0
PUNGGOL|4 ROOM|80+|500m-1km|13+,PUNGGOL,4 ROOM,80+,500m-1km,13+,1157,114.0,726500.0
PUNGGOL|4 ROOM|80+|500m-1km|7-12,PUNGGOL,4 ROOM,80+,500m-1km,7-12,1470,134.0,686500.0
PUNGGOL|4 ROOM|80+|<500m|1-6,PUNGGOL,4 ROOM,80+,<500m,1-6,715,50.0,689000.0
PUNGGOL|4 ROOM|80+|<500m|13+,PUNGGOL,4 ROOM,80+,<500m,13+,618,43.0,768888.0
PUNGGOL|4 ROOM|80+|<500m|7-12,PUNGGOL,4 ROOM,80+,<500m,7-12,996,92.0,754444.0
PUNGGOL|4 ROOM|80+|>1km|1-6,PUNGGOL,4 ROOM,80+,>1km,1-6,825,66.0,633500.0
PUNGGOL|4 ROOM|80+|>1km|13+,PUNGGOL,4 ROOM,80+,>1km,13+,944,72.0,680000.0
PUNGGOL|4 ROOM|80+|>1km|7-12,PUNGGOL,4 ROOM,80+,>1km,7-12,1083,85.0,660888.0
PUNGGOL|5 ROOM|60-79|500m-1km|1-6,PUNGGOL,5 ROOM,60-79,500m-1km,1-6,100,21.0,630000.0
PUNGGOL|5 ROOM|60-79|500m-1km|13+,PUNGGOL,5 ROOM,60-79,500m-1km,13+,78,13.0,675000.0
PUNGGOL|5 ROOM|60-79|500m-1km|7-12,PUNGGOL,5 ROOM,60-79,500m-1km,7-12,122,28.0,647500.0
PUNGGOL|5 ROOM|60-79|<500m|1-6,PUNGGOL,5 ROOM,60-79,<500m,1-6,21,2.0,663488.0
PUNGGOL|5 ROOM|60-79|<500m|13+,PUNGGOL,5 ROOM,60-79,<500m,13+,11,3.0,700000.0
PUNGGOL|5 ROOM|60-79|<500m|7-12,PUNGGOL,5 ROOM,60-79,<500m,7-12,15,3.0,680000.0
PUNGGOL|5 ROOM|60-79|>1km|1-6,PUNGGOL,5 ROOM,60-79,>1km,1-6,161,34.0,627000.0
PUNGGOL|5 ROOM|60-79|>1km|13+,PUNGGOL,5 ROOM,60-79,>1km,13+,169,35.0,700000.0
PUNGGOL|5 ROOM|60-79|>1km|7-12,PUNGGOL,5 ROOM,60-79,>1km,7-12,251,59.0,655000.0
PUNGGOL|5 ROOM|80+|500m-1km|1-6,PUNGGOL,5 ROOM,80+,500m-1km,1-6,510,37.0,830000.0
PUNGGOL|5 ROOM|80+|500m-1km|13+,PUNGGOL,5 ROOM,80+,500m-1km,13+,466,42.0,920000.0
PUNGGOL|5 ROOM|80+|500m-1km|7-12,PUNGGOL,5 ROOM,80+,500m-1km,7-12,600,47.0,875000.0
PUNGGOL|5 ROOM|80+|<500m|1-6,PUNGGOL,5 ROOM,80+,<500m,1-6,274,19.0,845000.0
PUNGGOL|5 ROOM|80+|<500m|13+,PUNGGOL,5 ROOM,80+,<500m,13+,228,13.0,935000.0
PUNGGOL|5 ROOM|80+|<500m|7-12,PUNGGOL,5 ROOM,80+,<500m,7-12,309,19.0,880000.0
PUNGGOL|5 ROOM|80+|>1km|1-6,PUNGGOL,5 ROOM,80+,>1km,1-6,667,26.0,797500.0
PUNGGOL|5 ROOM|80+|>1km|13+,PUNGGOL,5 ROOM,80+,>1km,13+,687,24.0,842500.0
PUNGGOL|5 ROOM|80+|>1km|7-12,PUNGGOL,5 ROOM,80+,>1km,7-12,813,40.0,824000.0
PUNGGOL|EXECUTIVE|60-79|500m-1km|1-6,PUNGGOL,EXECUTIVE,60-79,500m-1km,1-6,2,0.0,
PUNGGOL|EXECUTIVE|60-79|500m-1km|13+,PUNGGOL,EXECUTIVE,60-79,500m-1km,13+,3,1.0,850000.0
PUNGGOL|EXECUTIVE|60-79|500m-1km|7-12,PUNGGOL,EXECUTIVE,60-79,500m-1km,7-12,4,0.0,
PUNGGOL|EXECUTIVE|60-79|>1km|1-6,PUNGGOL,EXECUTIVE,60-79,>1km,1-6,32,6.0,774000.0
PUNGGOL|EXECUTIVE|60-79|>1km|13+,PUNGGOL,EXECUTIVE,60-79,>1km,13+,29,6.0,850000.0
PUNGGOL|EXECUTIVE|60-79|>1km|7-12,PUNGGOL,EXECUTIVE,60-79,>1km,7-12,47,11.0,835000.0
PUNGGOL|EXECUTIVE|80+|500m-1km|1-6,PUNGGOL,EXECUTIVE,80+,500m-1km,1-6,9,0.0,
PUNGGOL|EXECUTIVE|80+|500m-1km|13+,PUNGGOL,EXECUTIVE,80+,500m-1km,13+,3,0.0,
PUNGGOL|EXECUTIVE|80+|500m-1km|7-12,PUNGGOL,EXECUTIVE,80+,500m-1km,7-12,8,0.0,
PUNGGOL|EXECUTIVE|80+|>1km|1-6,PUNGGOL,EXECUTIVE,80+,>1km,1-6,62,0.0,
PUNGGOL|EXECUTIVE|80+|>1km|13+,PUNGGOL,EXECUTIVE,80+,>1km,13+,50,0.0,
PUNGGOL|EXECUTIVE|80+|>1km|7-12,PUNGGOL,EXECUTIVE,80+,>1km,7-12,73,0.0,
QUEENSTOWN|2 ROOM|80+|500m-1km|1-6,QUEENSTOWN,2 ROOM,80+,500m-1km,1-6,10,0.0,
QUEENSTOWN|2 ROOM|80+|500m-1km|13+,QUEENSTOWN,2 ROOM,80+,500m-1km,13+,24,4.0,672500.0
QUEENSTOWN|2 ROOM|80+|500m-1km|7-12,QUEENSTOWN,2 ROOM,80+,500m-1km,7-12,7,2.0,544500.0
QUEENSTOWN|2 ROOM|80+|<500m|1-6,QUEENSTOWN,2 ROOM,80+,<500m,1-6,6,2.0,530000.0
QUEENSTOWN|2 ROOM|80+|<500m|13+,QUEENSTOWN,2 ROOM,80+,<500m,13+,4,1.0,515000.0
QUEENSTOWN|2 ROOM|80+|<500m|7-12,QUEENSTOWN,2 ROOM,80+,<500m,7-12,8,2.0,510000.0
QUEENSTOWN|2 ROOM|<60|500m-1km|1-6,QUEENSTOWN,2 ROOM,<60,500m-1km,1-6,11,1.0,270000.0
QUEENSTOWN|2 ROOM|<60|500m-1km|7-12,QUEENSTOWN,2 ROOM,<60,500m-1km,7-12,8,1.0,300000.0
QUEENSTOWN|2 ROOM|<60|<500m|1-6,QUEENSTOWN,2 ROOM,<60,<500m,1-6,52,4.0,282500.0
QUEENSTOWN|2 ROOM|<60|<500m|13+,QUEENSTOWN,2 ROOM,<60,<500m,13+,15,1.0,297000.0
QUEENSTOWN|2 ROOM|<60|<500m|7-12,QUEENSTOWN,2 ROOM,<60,<500m,7-12,33,1.0,300000.0
QUEENSTOWN|3 ROOM|60-79|500m-1km|1-6,QUEENSTOWN,3 ROOM,60-79,500m-1km,1-6,2,0.0,
QUEENSTOWN|3 ROOM|60-79|500m-1km|7-12,QUEENSTOWN,3 ROOM,60-79,500m-1km,7-12,5,0.0,
QUEENSTOWN|3 ROOM|80+|500m-1km|1-6,QUEENSTOWN,3 ROOM,80+,500m-1km,1-6,60,7.0,735000.0
QUEENSTOWN|3 ROOM|80+|500m-1km|13+,QUEENSTOWN,3 ROOM,80+,500m-1km,13+,238,63.0,828000.0
QUEENSTOWN|3 ROOM|80+|500m-1km|7-12,QUEENSTOWN,3 ROOM,80+,500m-1km,7-12,66,12.0,776000.0
QUEENSTOWN|3 ROOM|80+|<500m|1-6,QUEENSTOWN,3 ROOM,80+,<500m,1-6,62,11.0,690000.0
QUEENSTOWN|3 ROOM|80+|<500m|13+,QUEENSTOWN,3 ROOM,80+,<500m,13+,217,35.0,800000.0
QUEENSTOWN|3 ROOM|80+|<500m|7-12,QUEENSTOWN,3 ROOM,80+,<500m,7-12,69,5.0,778000.0
QUEENSTOWN|3 ROOM|<60|500m-1km|1-6,QUEENSTOWN,3 ROOM,<60,500m-1km,1-6,380,37.0,355000.0
QUEENSTOWN|3 ROOM|<60|500m-1km|13+,QUEENSTOWN,3 ROOM,<60,500m-1km,13+,111,10.0,407500.0
QUEENSTOWN|3 ROOM|<60|500m-1km|7-12,QUEENSTOWN,3 ROOM,<60,500m-1km,7-12,377,43.0,370000.0
QUEENSTOWN|3 ROOM|<60|<500m|1-6,QUEENSTOWN,3 ROOM,<60,<500m,1-6,516,44.0,360000.0
QUEENSTOWN|3 ROOM|<60|<500m|13+,QUEENSTOWN,3 ROOM,<60,<500m,13+,300,24.0,470000.0
QUEENSTOWN|3 ROOM|<60|<500m|7-12,QUEENSTOWN,3 ROOM,<60,<500m,7-12,481,48.0,395000.0
QUEENSTOWN|4 ROOM|60-79|500m-1km|1-6,QUEENSTOWN,4 ROOM,60-79,500m-1km,1-6,53,4.0,802444.0
QUEENSTOWN|4 ROOM|60-79|500m-1km|13+,QUEENSTOWN,4 ROOM,60-79,500m-1km,13+,45,4.0,937500.0
QUEENSTOWN|4 ROOM|60-79|500m-1km|7-12,QUEENSTOWN,4 ROOM,60-79,500m-1km,7-12,48,8.0,841500.0
QUEENSTOWN|4 ROOM|60-79|<500m|1-6,QUEENSTOWN,4 ROOM,60-79,<500m,1-6,73,12.0,910250.0
QUEENSTOWN|4 ROOM|60-79|<500m|13+,QUEENSTOWN,4 ROOM,60-79,<500m,13+,56,15.0,988000.0
QUEENSTOWN|4 ROOM|60-79|<500m|7-12,QUEENSTOWN,4 ROOM,60-79,<500m,7-12,64,10.0,902500.0
QUEENSTOWN|4 ROOM|80+|500m-1km|1-6,QUEENSTOWN,4 ROOM,80+,500m-1km,1-6,154,16.0,945000.0
QUEENSTOWN|4 ROOM|80+|500m-1km|13+,QUEENSTOWN,4 ROOM,80+,500m-1km,13+,633,85.0,1112100.0
QUEENSTOWN|4 ROOM|80+|500m-1km|7-12,QUEENSTOWN,4 ROOM,80+,500m-1km,7-12,189,14.0,1059000.0
QUEENSTOWN|4 ROOM|80+|<500m|1-6,QUEENSTOWN,4 ROOM,80+,<500m,1-6,161,16.0,954000.0
QUEENSTOWN|4 ROOM|80+|<500m|13+,QUEENSTOWN,4 ROOM,80+,<500m,13+,671,73.0,1080000.0
QUEENSTOWN|4 ROOM|80+|<500m|7-12,QUEENSTOWN,4 ROOM,80+,<500m,7-12,178,22.0,1000000.0
QUEENSTOWN|4 ROOM|<60|500m-1km|1-6,QUEENSTOWN,4 ROOM,<60,500m-1km,1-6,37,3.0,480000.0
QUEENSTOWN|4 ROOM|<60|500m-1km|13+,QUEENSTOWN,4 ROOM,<60,500m-1km,13+,16,1.0,528000.0
QUEENSTOWN|4 ROOM|<60|500m-1km|7-12,QUEENSTOWN,4 ROOM,<60,500m-1km,7-12,39,1.0,610000.0
QUEENSTOWN|4 ROOM|<60|<500m|1-6,QUEENSTOWN,4 ROOM,<60,<500m,1-6,60,5.0,580000.0
QUEENSTOWN|4 ROOM|<60|<500m|13+,QUEENSTOWN,4 ROOM,<60,<500m,13+,86,5.0,630000.0
QUEENSTOWN|4 ROOM|<60|<500m|7-12,QUEENSTOWN,4 ROOM,<60,<500m,7-12,64,5.0,620000.0
QUEENSTOWN|5 ROOM|60-79|500m-1km|1-6,QUEENSTOWN,5 ROOM,60-79,500m-1km,1-6,9,0.0,
QUEENSTOWN|5 ROOM|60-79|500m-1km|13+,QUEENSTOWN,5 ROOM,60-79,500m-1km,13+,28,8.0,1099000.0
QUEENSTOWN|5 ROOM|60-79|500m-1km|7-12,QUEENSTOWN,5 ROOM,60-79,500m-1km,7-12,12,0.0,
QUEENSTOWN|5 ROOM|60-79|<500m|1-6,QUEENSTOWN,5 ROOM,60-79,<500m,1-6,56,6.0,1205000.0
QUEENSTOWN|5 ROOM|60-79|<500m|13+,QUEENSTOWN,5 ROOM,60-79,<500m,13+,52,9.0,1278000.0
QUEENSTOWN|5 ROOM|60-79|<500m|7-12,QUEENSTOWN,5 ROOM,60-79,<500m,7-12,56,7.0,1120000.0
QUEENSTOWN|5 ROOM|80+|500m-1km|1-6,QUEENSTOWN,5 ROOM,80+,500m-1km,1-6,23,2.0,1497500.0
QUEENSTOWN|5 ROOM|80+|500m-1km|13+,QUEENSTOWN,5 ROOM,80+,500m-1km,13+,123,16.0,1490000.0
QUEENSTOWN|5 ROOM|80+|500m-1km|7-12,QUEENSTOWN,5 ROOM,80+,500m-1km,7-12,21,3.0,1430000.0
QUEENSTOWN|5 ROOM|80+|<500m|1-6,QUEENSTOWN,5 ROOM,80+,<500m,1-6,29,2.0,1239444.0
QUEENSTOWN|5 ROOM|80+|<500m|13+,QUEENSTOWN,5 ROOM,80+,<500m,13+,160,12.0,1412500.0
QUEENSTOWN|5 ROOM|80+|<500m|7-12,QUEENSTOWN,5 ROOM,80+,<500m,7-12,39,1.0,1100000.0
QUEENSTOWN|5 ROOM|<60|500m-1km|1-6,QUEENSTOWN,5 ROOM,<60,500m-1km,1-6,26,1.0,850000.0
QUEENSTOWN|5 ROOM|<60|500m-1km|13+,QUEENSTOWN,5 ROOM,<60,500m-1km,13+,64,5.0,842000.0
QUEENSTOWN|5 ROOM|<60|500m-1km|7-12,QUEENSTOWN,5 ROOM,<60,500m-1km,7-12,28,2.0,841944.0
QUEENSTOWN|5 ROOM|<60|<500m|1-6,QUEENSTOWN,5 ROOM,<60,<500m,1-6,27,3.0,960000.0
QUEENSTOWN|5 ROOM|<60|<500m|13+,QUEENSTOWN,5 ROOM,<60,<500m,13+,67,5.0,1020000.0
QUEENSTOWN|5 ROOM|<60|<500m|7-12,QUEENSTOWN,5 ROOM,<60,<500m,7-12,28,4.0,981500.0
QUEENSTOWN|EXECUTIVE|60-79|500m-1km|1-6,QUEENSTOWN,EXECUTIVE,60-79,500m-1km,1-6,1,0.0,
QUEENSTOWN|EXECUTIVE|60-79|500m-1km|13+,QUEENSTOWN,EXECUTIVE,60-79,500m-1km,13+,1,1.0,1170000.0
QUEENSTOWN|EXECUTIVE|60-79|500m-1km|7-12,QUEENSTOWN,EXECUTIVE,60-79,500m-1km,7-12,3,0.0,
QUEENSTOWN|EXECUTIVE|60-79|<500m|1-6,QUEENSTOWN,EXECUTIVE,60-79,<500m,1-6,29,4.0,1375000.0
QUEENSTOWN|EXECUTIVE|60-79|<500m|13+,QUEENSTOWN,EXECUTIVE,60-79,<500m,13+,11,0.0,
QUEENSTOWN|EXECUTIVE|60-79|<500m|7-12,QUEENSTOWN,EXECUTIVE,60-79,<500m,7-12,19,2.0,1460000.0
SEMBAWANG|2 ROOM|80+|500m-1km|1-6,SEMBAWANG,2 ROOM,80+,500m-1km,1-6,98,18.0,365000.0
SEMBAWANG|2 ROOM|80+|500m-1km|13+,SEMBAWANG,2 ROOM,80+,500m-1km,13+,91,15.0,378000.0
SEMBAWANG|2 ROOM|80+|500m-1km|7-12,SEMBAWANG,2 ROOM,80+,500m-1km,7-12,152,28.0,370000.0
SEMBAWANG|2 ROOM|80+|<500m|1-6,SEMBAWANG,2 ROOM,80+,<500m,1-6,65,11.0,385000.0
SEMBAWANG|2 ROOM|80+|<500m|13+,SEMBAWANG,2 ROOM,80+,<500m,13+,7,0.0,
SEMBAWANG|2 ROOM|80+|<500m|7-12,SEMBAWANG,2 ROOM,80+,<500m,7-12,72,18.0,417500.0
SEMBAWANG|3 ROOM|80+|500m-1km|1-6,SEMBAWANG,3 ROOM,80+,500m-1km,1-6,113,24.0,500000.0
SEMBAWANG|3 ROOM|80+|500m-1km|13+,SEMBAWANG,3 ROOM,80+,500m-1km,13+,105,12.0,522500.0
SEMBAWANG|3 ROOM|80+|500m-1km|7-12,SEMBAWANG,3 ROOM,80+,500m-1km,7-12,128,25.0,510888.0
SEMBAWANG|3 ROOM|80+|<500m|1-6,SEMBAWANG,3 ROOM,80+,<500m,1-6,96,18.0,550000.0
SEMBAWANG|3 ROOM|80+|<500m|13+,SEMBAWANG,3 ROOM,80+,<500m,13+,8,1.0,550000.0
SEMBAWANG|3 ROOM|80+|<500m|7-12,SEMBAWANG,3 ROOM,80+,<500m,7-12,109,18.0,565000.0
SEMBAWANG|4 ROOM|60-79|500m-1km|1-6,SEMBAWANG,4 ROOM,60-79,500m-1km,1-6,157,23.0,516000.0
SEMBAWANG|4 ROOM|60-79|500m-1km|13+,SEMBAWANG,4 ROOM,60-79,500m-1km,13+,61,11.0,540000.0
SEMBAWANG|4 ROOM|60-79|500m-1km|7-12,SEMBAWANG,4 ROOM,60-79,500m-1km,7-12,154,29.0,535000.0
SEMBAWANG|4 ROOM|60-79|<500m|1-6,SEMBAWANG,4 ROOM,60-79,<500m,1-6,233,36.0,533750.0
SEMBAWANG|4 ROOM|60-79|<500m|13+,SEMBAWANG,4 ROOM,60-79,<500m,13+,97,11.0,565000.0
SEMBAWANG|4 ROOM|60-79|<500m|7-12,SEMBAWANG,4 ROOM,60-79,<500m,7-12,216,33.0,555000.0
SEMBAWANG|4 ROOM|60-79|>1km|1-6,SEMBAWANG,4 ROOM,60-79,>1km,1-6,2,1.0,505000.0
SEMBAWANG|4 ROOM|60-79|>1km|13+,SEMBAWANG,4 ROOM,60-79,>1km,13+,4,2.0,536500.0
SEMBAWANG|4 ROOM|60-79|>1km|7-12,SEMBAWANG,4 ROOM,60-79,>1km,7-12,5,2.0,525000.0
SEMBAWANG|4 ROOM|80+|500m-1km|1-6,SEMBAWANG,4 ROOM,80+,500m-1km,1-6,514,59.0,600000.0
SEMBAWANG|4 ROOM|80+|500m-1km|13+,SEMBAWANG,4 ROOM,80+,500m-1km,13+,441,41.0,640888.0
SEMBAWANG|4 ROOM|80+|500m-1km|7-12,SEMBAWANG,4 ROOM,80+,500m-1km,7-12,640,65.0,650000.0
SEMBAWANG|4 ROOM|80+|<500m|1-6,SEMBAWANG,4 ROOM,80+,<500m,1-6,353,36.0,680000.0
SEMBAWANG|4 ROOM|80+|<500m|13+,SEMBAWANG,4 ROOM,80+,<500m,13+,78,1.0,683888.0
SEMBAWANG|4 ROOM|80+|<500m|7-12,SEMBAWANG,4 ROOM,80+,<500m,7-12,396,36.0,752000.0
SEMBAWANG|4 ROOM|80+|>1km|1-6,SEMBAWANG,4 ROOM,80+,>1km,1-6,11,0.0,
SEMBAWANG|4 ROOM|80+|>1km|13+,SEMBAWANG,4 ROOM,80+,>1km,13+,20,0.0,
SEMBAWANG|4 ROOM|80+|>1km|7-12,SEMBAWANG,4 ROOM,80+,>1km,7-12,12,0.0,
SEMBAWANG|5 ROOM|60-79|500m-1km|1-6,SEMBAWANG,5 ROOM,60-79,500m-1km,1-6,159,31.0,578000.0
SEMBAWANG|5 ROOM|60-79|500m-1km|13+,SEMBAWANG,5 ROOM,60-79,500m-1km,13+,64,16.0,616500.0
SEMBAWANG|5 ROOM|60-79|500m-1km|7-12,SEMBAWANG,5 ROOM,60-79,500m-1km,7-12,128,28.0,602500.0
SEMBAWANG|5 ROOM|60-79|<500m|1-6,SEMBAWANG,5 ROOM,60-79,<500m,1-6,296,39.0,638000.0
SEMBAWANG|5 ROOM|60-79|<500m|13+,SEMBAWANG,5 ROOM,60-79,<500m,13+,133,22.0,675000.0
SEMBAWANG|5 ROOM|60-79|<500m|7-12,SEMBAWANG,5 ROOM,60-79,<500m,7-12,302,37.0,640888.0
SEMBAWANG|5 ROOM|60-79|>1km|1-6,SEMBAWANG,5 ROOM,60-79,>1km,1-6,8,2.0,547500.0
SEMBAWANG|5 ROOM|60-79|>1km|13+,SEMBAWANG,5 ROOM,60-79,>1km,13+,6,2.0,610000.0
SEMBAWANG|5 ROOM|60-79|>1km|7-12,SEMBAWANG,5 ROOM,60-79,>1km,7-12,9,4.0,566500.0
SEMBAWANG|5 ROOM|80+|500m-1km|1-6,SEMBAWANG,5 ROOM,80+,500m-1km,1-6,174,18.0,780694.0
SEMBAWANG|5 ROOM|80+|500m-1km|13+,SEMBAWANG,5 ROOM,80+,500m-1km,13+,113,4.0,815000.0
SEMBAWANG|5 ROOM|80+|500m-1km|7-12,SEMBAWANG,5 ROOM,80+,500m-1km,7-12,191,11.0,856888.0
SEMBAWANG|5 ROOM|80+|<500m|1-6,SEMBAWANG,5 ROOM,80+,<500m,1-6,210,14.0,782500.0
SEMBAWANG|5 ROOM|80+|<500m|13+,SEMBAWANG,5 ROOM,80+,<500m,13+,96,1.0,836888.0
SEMBAWANG|5 ROOM|80+|<500m|7-12,SEMBAWANG,5 ROOM,80+,<500m,7-12,257,11.0,818000.0
SEMBAWANG|5 ROOM|80+|>1km|1-6,SEMBAWANG,5 ROOM,80+,>1km,1-6,8,0.0,
SEMBAWANG|5 ROOM|80+|>1km|13+,SEMBAWANG,5 ROOM,80+,>1km,13+,18,0.0,
SEMBAWANG|5 ROOM|80+|>1km|7-12,SEMBAWANG,5 ROOM,80+,>1km,7-12,19,0.0,
SEMBAWANG|EXECUTIVE|60-79|500m-1km|1-6,SEMBAWANG,EXECUTIVE,60-79,500m-1km,1-6,55,5.0,720000.0
SEMBAWANG|EXECUTIVE|60-79|500m-1km|13+,SEMBAWANG,EXECUTIVE,60-79,500m-1km,13+,65,10.0,726500.0
SEMBAWANG|EXECUTIVE|60-79|500m-1km|7-12,SEMBAWANG,EXECUTIVE,60-79,500m-1km,7-12,121,20.0,721500.0
SEMBAWANG|EXECUTIVE|60-79|<500m|1-6,SEMBAWANG,EXECUTIVE,60-79,<500m,1-6,109,8.0,756944.0
SEMBAWANG|EXECUTIVE|60-79|<500m|13+,SEMBAWANG,EXECUTIVE,60-79,<500m,13+,34,5.0,825000.0
SEMBAWANG|EXECUTIVE|60-79|<500m|7-12,SEMBAWANG,EXECUTIVE,60-79,<500m,7-12,89,9.0,815000.0
SEMBAWANG|EXECUTIVE|80+|500m-1km|1-6,SEMBAWANG,EXECUTIVE,80+,500m-1km,1-6,40,0.0,
SEMBAWANG|EXECUTIVE|80+|500m-1km|13+,SEMBAWANG,EXECUTIVE,80+,500m-1km,13+,30,0.0,
SEMBAWANG|EXECUTIVE|80+|500m-1km|7-12,SEMBAWANG,EXECUTIVE,80+,500m-1km,7-12,62,0.0,
SEMBAWANG|EXECUTIVE|80+|<500m|1-6,SEMBAWANG,EXECUTIVE,80+,<500m,1-6,63,0.0,
SEMBAWANG|EXECUTIVE|80+|<500m|13+,SEMBAWANG,EXECUTIVE,80+,<500m,13+,20,0.0,
SEMBAWANG|EXECUTIVE|80+|<500m|7-12,SEMBAWANG,EXECUTIVE,80+,<500m,7-12,62,0.0,
SENGKANG|2 ROOM|60-79|500m-1km|1-6,SENGKANG,2 ROOM,60-79,500m-1km,1-6,1,1.0,380000.0
SENGKANG|2 ROOM|80+|500m-1km|1-6,SENGKANG,2 ROOM,80+,500m-1km,1-6,26,1.0,385000.0
SENGKANG|2 ROOM|80+|500m-1km|13+,SENGKANG,2 ROOM,80+,500m-1km,13+,16,3.0,416000.0
SENGKANG|2 ROOM|80+|500m-1km|7-12,SENGKANG,2 ROOM,80+,500m-1km,7-12,32,3.0,383000.0
SENGKANG|2 ROOM|80+|>1km|1-6,SENGKANG,2 ROOM,80+,>1km,1-6,125,18.0,370000.0
SENGKANG|2 ROOM|80+|>1km|13+,SENGKANG,2 ROOM,80+,>1km,13+,178,17.0,390000.0
SENGKANG|2 ROOM|80+|>1km|7-12,SENGKANG,2 ROOM,80+,>1km,7-12,142,31.0,395000.0
SENGKANG|3 ROOM|80+|500m-1km|1-6,SENGKANG,3 ROOM,80+,500m-1km,1-6,88,6.0,515500.0
SENGKANG|3 ROOM|80+|500m-1km|13+,SENGKANG,3 ROOM,80+,500m-1km,13+,79,5.0,555000.0
SENGKANG|3 ROOM|80+|500m-1km|7-12,SENGKANG,3 ROOM,80+,500m-1km,7-12,121,14.0,549000.0
SENGKANG|3 ROOM|80+|<500m|1-6,SENGKANG,3 ROOM,80+,<500m,1-6,39,3.0,605000.0
SENGKANG|3 ROOM|80+|<500m|13+,SENGKANG,3 ROOM,80+,<500m,13+,24,2.0,624000.0
SENGKANG|3 ROOM|80+|<500m|7-12,SENGKANG,3 ROOM,80+,<500m,7-12,41,3.0,608000.0
SENGKANG|3 ROOM|80+|>1km|1-6,SENGKANG,3 ROOM,80+,>1km,1-6,225,26.0,510000.0
SENGKANG|3 ROOM|80+|>1km|13+,SENGKANG,3 ROOM,80+,>1km,13+,513,45.0,553000.0
SENGKANG|3 ROOM|80+|>1km|7-12,SENGKANG,3 ROOM,80+,>1km,7-12,276,31.0,540000.0
SENGKANG|4 ROOM|60-79|500m-1km|1-6,SENGKANG,4 ROOM,60-79,500m-1km,1-6,330,37.0,556000.0
SENGKANG|4 ROOM|60-79|500m-1km|13+,SENGKANG,4 ROOM,60-79,500m-1km,13+,218,34.0,590000.0
SENGKANG|4 ROOM|60-79|500m-1km|7-12,SENGKANG,4 ROOM,60-79,500m-1km,7-12,330,53.0,580000.0
SENGKANG|4 ROOM|60-79|<500m|1-6,SENGKANG,4 ROOM,60-79,<500m,1-6,186,31.0,583000.0
SENGKANG|4 ROOM|60-79|<500m|13+,SENGKANG,4 ROOM,60-79,<500m,13+,103,21.0,620000.0
SENGKANG|4 ROOM|60-79|<500m|7-12,SENGKANG,4 ROOM,60-79,<500m,7-12,183,25.0,630000.0
SENGKANG|4 ROOM|60-79|>1km|1-6,SENGKANG,4 ROOM,60-79,>1km,1-6,172,34.0,550000.0
SENGKANG|4 ROOM|60-79|>1km|13+,SENGKANG,4 ROOM,60-79,>1km,13+,159,31.0,582000.0
SENGKANG|4 ROOM|60-79|>1km|7-12,SENGKANG,4 ROOM,60-79,>1km,7-12,152,25.0,580000.0
SENGKANG|4 ROOM|80+|500m-1km|1-6,SENGKANG,4 ROOM,80+,500m-1km,1-6,605,30.0,630000.0
SENGKANG|4 ROOM|80+|500m-1km|13+,SENGKANG,4 ROOM,80+,500m-1km,13+,469,35.0,705000.0
SENGKANG|4 ROOM|80+|500m-1km|7-12,SENGKANG,4 ROOM,80+,500m-1km,7-12,766,47.0,688000.0
SENGKANG|4 ROOM|80+|<500m|1-6,SENGKANG,4 ROOM,80+,<500m,1-6,652,32.0,732500.0
SENGKANG|4 ROOM|80+|<500m|13+,SENGKANG,4 ROOM,80+,<500m,13+,507,27.0,800000.0
SENGKANG|4 ROOM|80+|<500m|7-12,SENGKANG,4 ROOM,80+,<500m,7-12,793,70.0,820000.0
SENGKANG|4 ROOM|80+|>1km|1-6,SENGKANG,4 ROOM,80+,>1km,1-6,913,67.0,610000.0
SENGKANG|4 ROOM|80+|>1km|13+,SENGKANG,4 ROOM,80+,>1km,13+,2004,151.0,668000.0
SENGKANG|4 ROOM|80+|>1km|7-12,SENGKANG,4 ROOM,80+,>1km,7-12,1205,94.0,648000.0
SENGKANG|5 ROOM|60-79|500m-1km|1-6,SENGKANG,5 ROOM,60-79,500m-1km,1-6,375,50.0,632500.0
SENGKANG|5 ROOM|60-79|500m-1km|13+,SENGKANG,5 ROOM,60-79,500m-1km,13+,292,31.0,680000.0
SENGKANG|5 ROOM|60-79|500m-1km|7-12,SENGKANG,5 ROOM,60-79,500m-1km,7-12,461,66.0,660500.0
SENGKANG|5 ROOM|60-79|<500m|1-6,SENGKANG,5 ROOM,60-79,<500m,1-6,285,38.0,664000.0
SENGKANG|5 ROOM|60-79|<500m|13+,SENGKANG,5 ROOM,60-79,<500m,13+,187,31.0,730000.0
SENGKANG|5 ROOM|60-79|<500m|7-12,SENGKANG,5 ROOM,60-79,<500m,7-12,312,52.0,716500.0
SENGKANG|5 ROOM|60-79|>1km|1-6,SENGKANG,5 ROOM,60-79,>1km,1-6,252,38.0,622500.0
SENGKANG|5 ROOM|60-79|>1km|13+,SENGKANG,5 ROOM,60-79,>1km,13+,256,40.0,680000.0
SENGKANG|5 ROOM|60-79|>1km|7-12,SENGKANG,5 ROOM,60-79,>1km,7-12,245,39.0,648000.0
SENGKANG|5 ROOM|80+|500m-1km|1-6,SENGKANG,5 ROOM,80+,500m-1km,1-6,425,16.0,780000.0
SENGKANG|5 ROOM|80+|500m-1km|13+,SENGKANG,5 ROOM,80+,500m-1km,13+,331,8.0,874500.0
SENGKANG|5 ROOM|80+|500m-1km|7-12,SENGKANG,5 ROOM,80+,500m-1km,7-12,502,13.0,850888.0
SENGKANG|5 ROOM|80+|<500m|1-6,SENGKANG,5 ROOM,80+,<500m,1-6,317,14.0,931999.5
SENGKANG|5 ROOM|80+|<500m|13+,SENGKANG,5 ROOM,80+,<500m,13+,198,8.0,1016500.0
SENGKANG|5 ROOM|80+|<500m|7-12,SENGKANG,5 ROOM,80+,<500m,7-12,378,22.0,1029000.0
SENGKANG|5 ROOM|80+|>1km|1-6,SENGKANG,5 ROOM,80+,>1km,1-6,456,25.0,745000.0
SENGKANG|5 ROOM|80+|>1km|13+,SENGKANG,5 ROOM,80+,>1km,13+,806,54.0,806944.0
SENGKANG|5 ROOM|80+|>1km|7-12,SENGKANG,5 ROOM,80+,>1km,7-12,574,41.0,800000.0
SENGKANG|EXECUTIVE|60-79|500m-1km|1-6,SENGKANG,EXECUTIVE,60-79,500m-1km,1-6,134,14.0,804400.0
SENGKANG|EXECUTIVE|60-79|500m-1km|13+,SENGKANG,EXECUTIVE,60-79,500m-1km,13+,89,13.0,850000.0
SENGKANG|EXECUTIVE|60-79|500m-1km|7-12,SENGKANG,EXECUTIVE,60-79,500m-1km,7-12,149,26.0,824000.0
SENGKANG|EXECUTIVE|60-79|<500m|1-6,SENGKANG,EXECUTIVE,60-79,<500m,1-6,76,8.0,835000.0
SENGKANG|EXECUTIVE|60-79|<500m|13+,SENGKANG,EXECUTIVE,60-79,<500m,13+,28,6.0,861500.0
SENGKANG|EXECUTIVE|60-79|<500m|7-12,SENGKANG,EXECUTIVE,60-79,<500m,7-12,87,13.0,875000.0
SENGKANG|EXECUTIVE|60-79|>1km|1-6,SENGKANG,EXECUTIVE,60-79,>1km,1-6,68,4.0,831500.0
SENGKANG|EXECUTIVE|60-79|>1km|13+,SENGKANG,EXECUTIVE,60-79,>1km,13+,48,7.0,865000.0
SENGKANG|EXECUTIVE|60-79|>1km|7-12,SENGKANG,EXECUTIVE,60-79,>1km,7-12,83,13.0,858000.0
SENGKANG|EXECUTIVE|80+|500m-1km|1-6,SENGKANG,EXECUTIVE,80+,500m-1km,1-6,87,0.0,
SENGKANG|EXECUTIVE|80+|500m-1km|13+,SENGKANG,EXECUTIVE,80+,500m-1km,13+,48,0.0,
SENGKANG|EXECUTIVE|80+|500m-1km|7-12,SENGKANG,EXECUTIVE,80+,500m-1km,7-12,103,0.0,
SENGKANG|EXECUTIVE|80+|<500m|1-6,SENGKANG,EXECUTIVE,80+,<500m,1-6,44,0.0,
SENGKANG|EXECUTIVE|80+|<500m|13+,SENGKANG,EXECUTIVE,80+,<500m,13+,29,0.0,
SENGKANG|EXECUTIVE|80+|<500m|7-12,SENGKANG,EXECUTIVE,80+,<500m,7-12,52,0.0,
SENGKANG|EXECUTIVE|80+|>1km|1-6,SENGKANG,EXECUTIVE,80+,>1km,1-6,26,0.0,
SENGKANG|EXECUTIVE|80+|>1km|13+,SENGKANG,EXECUTIVE,80+,>1km,13+,25,0.0,
SENGKANG|EXECUTIVE|80+|>1km|7-12,SENGKANG,EXECUTIVE,80+,>1km,7-12,45,0.0,
SERANGOON|2 ROOM|<60|<500m|1-6,SERANGOON,2 ROOM,<60,<500m,1-6,6,0.0,
SERANGOON|2 ROOM|<60|<500m|7-12,SERANGOON,2 ROOM,<60,<500m,7-12,13,0.0,
SERANGOON|3 ROOM|60-79|500m-1km|1-6,SERANGOON,3 ROOM,60-79,500m-1km,1-6,94,0.0,
SERANGOON|3 ROOM|60-79|500m-1km|7-12,SERANGOON,3 ROOM,60-79,500m-1km,7-12,56,0.0,
SERANGOON|3 ROOM|60-79|<500m|1-6,SERANGOON,3 ROOM,60-79,<500m,1-6,188,4.0,517500.0
SERANGOON|3 ROOM|60-79|<500m|13+,SERANGOON,3 ROOM,60-79,<500m,13+,6,0.0,
SERANGOON|3 ROOM|60-79|<500m|7-12,SERANGOON,3 ROOM,60-79,<500m,7-12,120,0.0,
SERANGOON|3 ROOM|60-79|>1km|1-6,SERANGOON,3 ROOM,60-79,>1km,1-6,138,0.0,
SERANGOON|3 ROOM|60-79|>1km|13+,SERANGOON,3 ROOM,60-79,>1km,13+,8,0.0,
SERANGOON|3 ROOM|60-79|>1km|7-12,SERANGOON,3 ROOM,60-79,>1km,7-12,44,1.0,445000.0
SERANGOON|3 ROOM|<60|500m-1km|1-6,SERANGOON,3 ROOM,<60,500m-1km,1-6,29,11.0,470000.0
SERANGOON|3 ROOM|<60|500m-1km|7-12,SERANGOON,3 ROOM,<60,500m-1km,7-12,29,7.0,490000.0
SERANGOON|3 ROOM|<60|<500m|1-6,SERANGOON,3 ROOM,<60,<500m,1-6,68,23.0,480000.0
SERANGOON|3 ROOM|<60|<500m|13+,SERANGOON,3 ROOM,<60,<500m,13+,26,3.0,470000.0
SERANGOON|3 ROOM|<60|<500m|7-12,SERANGOON,3 ROOM,<60,<500m,7-12,91,26.0,474000.0
SERANGOON|3 ROOM|<60|>1km|1-6,SERANGOON,3 ROOM,<60,>1km,1-6,31,13.0,428000.0
SERANGOON|3 ROOM|<60|>1km|7-12,SERANGOON,3 ROOM,<60,>1km,7-12,13,6.0,410000.0
SERANGOON|4 ROOM|60-79|500m-1km|1-6,SERANGOON,4 ROOM,60-79,500m-1km,1-6,109,0.0,
SERANGOON|4 ROOM|60-79|500m-1km|13+,SERANGOON,4 ROOM,60-79,500m-1km,13+,8,0.0,
SERANGOON|4 ROOM|60-79|500m-1km|7-12,SERANGOON,4 ROOM,60-79,500m-1km,7-12,109,0.0,
SERANGOON|4 ROOM|60-79|<500m|1-6,SERANGOON,4 ROOM,60-79,<500m,1-6,369,12.0,813777.5
SERANGOON|4 ROOM|60-79|<500m|13+,SERANGOON,4 ROOM,60-79,<500m,13+,27,3.0,910000.0
SERANGOON|4 ROOM|60-79|<500m|7-12,SERANGOON,4 ROOM,60-79,<500m,7-12,344,15.0,858888.0
SERANGOON|4 ROOM|60-79|>1km|1-6,SERANGOON,4 ROOM,60-79,>1km,1-6,359,26.0,621500.0
SERANGOON|4 ROOM|60-79|>1km|13+,SERANGOON,4 ROOM,60-79,>1km,13+,45,5.0,657888.0
SERANGOON|4 ROOM|60-79|>1km|7-12,SERANGOON,4 ROOM,60-79,>1km,7-12,251,17.0,643000.0
SERANGOON|4 ROOM|80+|<500m|13+,SERANGOON,4 ROOM,80+,<500m,13+,2,0.0,
SERANGOON|4 ROOM|<60|500m-1km|1-6,SERANGOON,4 ROOM,<60,500m-1km,1-6,36,11.0,605000.0
SERANGOON|4 ROOM|<60|500m-1km|13+,SERANGOON,4 ROOM,<60,500m-1km,13+,7,3.0,650000.0
SERANGOON|4 ROOM|<60|500m-1km|7-12,SERANGOON,4 ROOM,<60,500m-1km,7-12,34,8.0,660000.0
SERANGOON|4 ROOM|<60|<500m|1-6,SERANGOON,4 ROOM,<60,<500m,1-6,71,32.0,648500.0
SERANGOON|4 ROOM|<60|<500m|13+,SERANGOON,4 ROOM,<60,<500m,13+,1,1.0,830000.0
SERANGOON|4 ROOM|<60|<500m|7-12,SERANGOON,4 ROOM,<60,<500m,7-12,59,26.0,707444.0
SERANGOON|4 ROOM|<60|>1km|1-6,SERANGOON,4 ROOM,<60,>1km,1-6,30,12.0,538500.0
SERANGOON|4 ROOM|<60|>1km|13+,SERANGOON,4 ROOM,<60,>1km,13+,1,0.0,
SERANGOON|4 ROOM|<60|>1km|7-12,SERANGOON,4 ROOM,<60,>1km,7-12,13,6.0,579000.0
SERANGOON|5 ROOM|60-79|500m-1km|1-6,SERANGOON,5 ROOM,60-79,500m-1km,1-6,16,0.0,
SERANGOON|5 ROOM|60-79|500m-1km|13+,SERANGOON,5 ROOM,60-79,500m-1km,13+,8,0.0,
SERANGOON|5 ROOM|60-79|500m-1km|7-12,SERANGOON,5 ROOM,60-79,500m-1km,7-12,25,0.0,
SERANGOON|5 ROOM|60-79|<500m|1-6,SERANGOON,5 ROOM,60-79,<500m,1-6,109,10.0,980000.0
SERANGOON|5 ROOM|60-79|<500m|13+,SERANGOON,5 ROOM,60-79,<500m,13+,6,0.0,
SERANGOON|5 ROOM|60-79|<500m|7-12,SERANGOON,5 ROOM,60-79,<500m,7-12,107,7.0,1010000.0
SERANGOON|5 ROOM|60-79|>1km|1-6,SERANGOON,5 ROOM,60-79,>1km,1-6,213,16.0,756500.0
SERANGOON|5 ROOM|60-79|>1km|13+,SERANGOON,5 ROOM,60-79,>1km,13+,44,0.0,
SERANGOON|5 ROOM|60-79|>1km|7-12,SERANGOON,5 ROOM,60-79,>1km,7-12,206,18.0,819000.0
SERANGOON|5 ROOM|80+|<500m|1-6,SERANGOON,5 ROOM,80+,<500m,1-6,2,0.0,
SERANGOON|5 ROOM|80+|<500m|13+,SERANGOON,5 ROOM,80+,<500m,13+,1,0.0,
SERANGOON|5 ROOM|80+|<500m|7-12,SERANGOON,5 ROOM,80+,<500m,7-12,3,0.0,
SERANGOON|5 ROOM|<60|500m-1km|1-6,SERANGOON,5 ROOM,<60,500m-1km,1-6,5,3.0,800000.0
SERANGOON|5 ROOM|<60|500m-1km|13+,SERANGOON,5 ROOM,<60,500m-1km,13+,2,1.0,888000.0
SERANGOON|5 ROOM|<60|<500m|1-6,SERANGOON,5 ROOM,<60,<500m,1-6,7,4.0,931500.0
SERANGOON|5 ROOM|<60|<500m|7-12,SERANGOON,5 ROOM,<60,<500m,7-12,7,5.0,925000.0
SERANGOON|5 ROOM|<60|>1km|1-6,SERANGOON,5 ROOM,<60,>1km,1-6,5,4.0,692500.0
SERANGOON|5 ROOM|<60|>1km|7-12,SERANGOON,5 ROOM,<60,>1km,7-12,7,1.0,708888.0
SERANGOON|EXECUTIVE|60-79|<500m|1-6,SERANGOON,EXECUTIVE,60-79,<500m,1-6,108,5.0,1160000.0
SERANGOON|EXECUTIVE|60-79|<500m|13+,SERANGOON,EXECUTIVE,60-79,<500m,13+,16,1.0,1228000.0
SERANGOON|EXECUTIVE|60-79|<500m|7-12,SERANGOON,EXECUTIVE,60-79,<500m,7-12,90,4.0,1205000.0
SERANGOON|EXECUTIVE|60-79|>1km|1-6,SERANGOON,EXECUTIVE,60-79,>1km,1-6,221,14.0,1017500.0
SERANGOON|EXECUTIVE|60-79|>1km|13+,SERANGOON,EXECUTIVE,60-79,>1km,13+,24,2.0,1130000.0
SERANGOON|EXECUTIVE|60-79|>1km|7-12,SERANGOON,EXECUTIVE,60-79,>1km,7-12,145,9.0,1100000.0
SERANGOON|EXECUTIVE|80+|<500m|1-6,SERANGOON,EXECUTIVE,80+,<500m,1-6,2,0.0,
SERANGOON|EXECUTIVE|80+|<500m|13+,SERANGOON,EXECUTIVE,80+,<500m,13+,2,0.0,
SERANGOON|EXECUTIVE|80+|<500m|7-12,SERANGOON,EXECUTIVE,80+,<500m,7-12,2,0.0,
SERANGOON|EXECUTIVE|<60|<500m|1-6,SERANGOON,EXECUTIVE,<60,<500m,1-6,12,6.0,1195000.0
SERANGOON|EXECUTIVE|<60|<500m|7-12,SERANGOON,EXECUTIVE,<60,<500m,7-12,7,1.0,1198000.0
SERANGOON|EXECUTIVE|<60|>1km|1-6,SERANGOON,EXECUTIVE,<60,>1km,1-6,9,5.0,938000.0
SERANGOON|EXECUTIVE|<60|>1km|7-12,SERANGOON,EXECUTIVE,<60,>1km,7-12,3,0.0,
TAMPINES|2 ROOM|80+|500m-1km|1-6,TAMPINES,2 ROOM,80+,500m-1km,1-6,20,3.0,425000.0
TAMPINES|2 ROOM|80+|500m-1km|13+,TAMPINES,2 ROOM,80+,500m-1km,13+,9,2.0,466500.0
TAMPINES|2 ROOM|80+|500m-1km|7-12,TAMPINES,2 ROOM,80+,500m-1km,7-12,25,1.0,451900.0
TAMPINES|2 ROOM|80+|<500m|1-6,TAMPINES,2 ROOM,80+,<500m,1-6,31,3.0,417588.0
TAMPINES|2 ROOM|80+|<500m|7-12,TAMPINES,2 ROOM,80+,<500m,7-12,24,2.0,413944.0
TAMPINES|3 ROOM|60-79|500m-1km|1-6,TAMPINES,3 ROOM,60-79,500m-1km,1-6,620,13.0,451000.0
TAMPINES|3 ROOM|60-79|500m-1km|13+,TAMPINES,3 ROOM,60-79,500m-1km,13+,1,0.0,
TAMPINES|3 ROOM|60-79|500m-1km|7-12,TAMPINES,3 ROOM,60-79,500m-1km,7-12,369,6.0,496444.0
TAMPINES|3 ROOM|60-79|<500m|1-6,TAMPINES,3 ROOM,60-79,<500m,1-6,591,8.0,492000.0
TAMPINES|3 ROOM|60-79|<500m|13+,TAMPINES,3 ROOM,60-79,<500m,13+,4,0.0,
TAMPINES|3 ROOM|60-79|<500m|7-12,TAMPINES,3 ROOM,60-79,<500m,7-12,497,12.0,500000.0
TAMPINES|3 ROOM|60-79|>1km|1-6,TAMPINES,3 ROOM,60-79,>1km,1-6,27,2.0,477500.0
TAMPINES|3 ROOM|60-79|>1km|7-12,TAMPINES,3 ROOM,60-79,>1km,7-12,27,2.0,494444.0
TAMPINES|3 ROOM|80+|500m-1km|1-6,TAMPINES,3 ROOM,80+,500m-1km,1-6,105,15.0,575000.0
TAMPINES|3 ROOM|80+|500m-1km|13+,TAMPINES,3 ROOM,80+,500m-1km,13+,48,9.0,640000.0
TAMPINES|3 ROOM|80+|500m-1km|7-12,TAMPINES,3 ROOM,80+,500m-1km,7-12,129,16.0,622500.0
TAMPINES|3 ROOM|80+|<500m|1-6,TAMPINES,3 ROOM,80+,<500m,1-6,48,8.0,642500.0
TAMPINES|3 ROOM|80+|<500m|13+,TAMPINES,3 ROOM,80+,<500m,13+,23,0.0,
TAMPINES|3 ROOM|80+|<500m|7-12,TAMPINES,3 ROOM,80+,<500m,7-12,57,1.0,692000.0
TAMPINES|3 ROOM|80+|>1km|1-6,TAMPINES,3 ROOM,80+,>1km,1-6,89,13.0,570000.0
TAMPINES|3 ROOM|80+|>1km|13+,TAMPINES,3 ROOM,80+,>1km,13+,50,6.0,625000.0
TAMPINES|3 ROOM|80+|>1km|7-12,TAMPINES,3 ROOM,80+,>1km,7-12,102,16.0,609000.0
TAMPINES|3 ROOM|<60|500m-1km|1-6,TAMPINES,3 ROOM,<60,500m-1km,1-6,195,64.0,459000.0
TAMPINES|3 ROOM|<60|500m-1km|13+,TAMPINES,3 ROOM,<60,500m-1km,13+,3,1.0,518000.0
TAMPINES|3 ROOM|<60|500m-1km|7-12,TAMPINES,3 ROOM,<60,500m-1km,7-12,151,36.0,472500.0
TAMPINES|3 ROOM|<60|<500m|1-6,TAMPINES,3 ROOM,<60,<500m,1-6,179,79.0,478000.0
TAMPINES|3 ROOM|<60|<500m|13+,TAMPINES,3 ROOM,<60,<500m,13+,2,2.0,497500.0
TAMPINES|3 ROOM|<60|<500m|7-12,TAMPINES,3 ROOM,<60,<500m,7-12,147,60.0,497194.0
TAMPINES|4 ROOM|60-79|500m-1km|1-6,TAMPINES,4 ROOM,60-79,500m-1km,1-6,1271,90.0,624000.0
TAMPINES|4 ROOM|60-79|500m-1km|13+,TAMPINES,4 ROOM,60-79,500m-1km,13+,128,10.0,678500.0
TAMPINES|4 ROOM|60-79|500m-1km|7-12,TAMPINES,4 ROOM,60-79,500m-1km,7-12,1107,82.0,650000.0
TAMPINES|4 ROOM|60-79|<500m|1-6,TAMPINES,4 ROOM,60-79,<500m,1-6,1154,66.0,627500.0
TAMPINES|4 ROOM|60-79|<500m|13+,TAMPINES,4 ROOM,60-79,<500m,13+,15,1.0,668000.0
TAMPINES|4 ROOM|60-79|<500m|7-12,TAMPINES,4 ROOM,60-79,<500m,7-12,869,52.0,655000.0
TAMPINES|4 ROOM|60-79|>1km|1-6,TAMPINES,4 ROOM,60-79,>1km,1-6,77,9.0,625000.0
TAMPINES|4 ROOM|60-79|>1km|13+,TAMPINES,4 ROOM,60-79,>1km,13+,20,3.0,678000.0
TAMPINES|4 ROOM|60-79|>1km|7-12,TAMPINES,4 ROOM,60-79,>1km,7-12,106,7.0,650000.0
TAMPINES|4 ROOM|80+|500m-1km|1-6,TAMPINES,4 ROOM,80+,500m-1km,1-6,181,45.0,740888.0
TAMPINES|4 ROOM|80+|500m-1km|13+,TAMPINES,4 ROOM,80+,500m-1km,13+,135,37.0,818000.0
TAMPINES|4 ROOM|80+|500m-1km|7-12,TAMPINES,4 ROOM,80+,500m-1km,7-12,248,51.0,788000.0
TAMPINES|4 ROOM|80+|<500m|1-6,TAMPINES,4 ROOM,80+,<500m,1-6,120,17.0,806000.0
TAMPINES|4 ROOM|80+|<500m|13+,TAMPINES,4 ROOM,80+,<500m,13+,72,10.0,843500.0
TAMPINES|4 ROOM|80+|<500m|7-12,TAMPINES,4 ROOM,80+,<500m,7-12,147,15.0,865000.0
TAMPINES|4 ROOM|80+|>1km|1-6,TAMPINES,4 ROOM,80+,>1km,1-6,234,74.0,735000.0
TAMPINES|4 ROOM|80+|>1km|13+,TAMPINES,4 ROOM,80+,>1km,13+,150,38.0,791944.0
TAMPINES|4 ROOM|80+|>1km|7-12,TAMPINES,4 ROOM,80+,>1km,7-12,319,61.0,775000.0
TAMPINES|4 ROOM|<60|500m-1km|1-6,TAMPINES,4 ROOM,<60,500m-1km,1-6,199,69.0,600000.0
TAMPINES|4 ROOM|<60|500m-1km|13+,TAMPINES,4 ROOM,<60,500m-1km,13+,3,1.0,660000.0
TAMPINES|4 ROOM|<60|500m-1km|7-12,TAMPINES,4 ROOM,<60,500m-1km,7-12,112,44.0,609144.0
TAMPINES|4 ROOM|<60|<500m|1-6,TAMPINES,4 ROOM,<60,<500m,1-6,163,62.0,620000.0
TAMPINES|4 ROOM|<60|<500m|13+,TAMPINES,4 ROOM,<60,<500m,13+,5,2.0,650944.0
TAMPINES|4 ROOM|<60|<500m|7-12,TAMPINES,4 ROOM,<60,<500m,7-12,152,56.0,640000.0
TAMPINES|5 ROOM|60-79|500m-1km|1-6,TAMPINES,5 ROOM,60-79,500m-1km,1-6,843,61.0,750000.0
TAMPINES|5 ROOM|60-79|500m-1km|13+,TAMPINES,5 ROOM,60-79,500m-1km,13+,119,11.0,810000.0
TAMPINES|5 ROOM|60-79|500m-1km|7-12,TAMPINES,5 ROOM,60-79,500m-1km,7-12,740,62.0,780000.0
TAMPINES|5 ROOM|60-79|<500m|1-6,TAMPINES,5 ROOM,60-79,<500m,1-6,785,48.0,750000.0
TAMPINES|5 ROOM|60-79|<500m|13+,TAMPINES,5 ROOM,60-79,<500m,13+,13,0.0,
TAMPINES|5 ROOM|60-79|<500m|7-12,TAMPINES,5 ROOM,60-79,<500m,7-12,664,56.0,781779.0
TAMPINES|5 ROOM|60-79|>1km|1-6,TAMPINES,5 ROOM,60-79,>1km,1-6,52,3.0,710000.0
TAMPINES|5 ROOM|60-79|>1km|13+,TAMPINES,5 ROOM,60-79,>1km,13+,6,1.0,816000.0
TAMPINES|5 ROOM|60-79|>1km|7-12,TAMPINES,5 ROOM,60-79,>1km,7-12,55,5.0,790000.0
TAMPINES|5 ROOM|80+|500m-1km|1-6,TAMPINES,5 ROOM,80+,500m-1km,1-6,69,22.0,871944.0
TAMPINES|5 ROOM|80+|500m-1km|13+,TAMPINES,5 ROOM,80+,500m-1km,13+,54,15.0,939000.0
TAMPINES|5 ROOM|80+|500m-1km|7-12,TAMPINES,5 ROOM,80+,500m-1km,7-12,113,34.0,945000.0
TAMPINES|5 ROOM|80+|<500m|1-6,TAMPINES,5 ROOM,80+,<500m,1-6,148,14.0,946444.0
TAMPINES|5 ROOM|80+|<500m|13+,TAMPINES,5 ROOM,80+,<500m,13+,117,12.0,1050000.0
TAMPINES|5 ROOM|80+|<500m|7-12,TAMPINES,5 ROOM,80+,<500m,7-12,198,14.0,990000.0
TAMPINES|5 ROOM|80+|>1km|1-6,TAMPINES,5 ROOM,80+,>1km,1-6,112,37.0,865000.0
TAMPINES|5 ROOM|80+|>1km|13+,TAMPINES,5 ROOM,80+,>1km,13+,55,19.0,958000.0
TAMPINES|5 ROOM|80+|>1km|7-12,TAMPINES,5 ROOM,80+,>1km,7-12,159,47.0,928000.0
TAMPINES|5 ROOM|<60|500m-1km|1-6,TAMPINES,5 ROOM,<60,500m-1km,1-6,47,21.0,720000.0
TAMPINES|5 ROOM|<60|500m-1km|7-12,TAMPINES,5 ROOM,<60,500m-1km,7-12,53,25.0,735000.0
TAMPINES|5 ROOM|<60|<500m|1-6,TAMPINES,5 ROOM,<60,<500m,1-6,72,30.0,746500.0
TAMPINES|5 ROOM|<60|<500m|13+,TAMPINES,5 ROOM,<60,<500m,13+,1,1.0,805000.0
TAMPINES|5 ROOM|<60|<500m|7-12,TAMPINES,5 ROOM,<60,<500m,7-12,43,16.0,773500.0
TAMPINES|EXECUTIVE|60-79|500m-1km|1-6,TAMPINES,EXECUTIVE,60-79,500m-1km,1-6,514,43.0,980000.0
TAMPINES|EXECUTIVE|60-79|500m-1km|13+,TAMPINES,EXECUTIVE,60-79,500m-1km,13+,11,0.0,
TAMPINES|EXECUTIVE|60-79|500m-1km|7-12,TAMPINES,EXECUTIVE,60-79,500m-1km,7-12,381,34.0,1008444.0
TAMPINES|EXECUTIVE|60-79|<500m|1-6,TAMPINES,EXECUTIVE,60-79,<500m,1-6,315,20.0,964000.0
TAMPINES|EXECUTIVE|60-79|<500m|13+,TAMPINES,EXECUTIVE,60-79,<500m,13+,4,0.0,
TAMPINES|EXECUTIVE|60-79|<500m|7-12,TAMPINES,EXECUTIVE,60-79,<500m,7-12,221,16.0,1035000.0
TAMPINES|EXECUTIVE|60-79|>1km|1-6,TAMPINES,EXECUTIVE,60-79,>1km,1-6,77,7.0,908000.0
TAMPINES|EXECUTIVE|60-79|>1km|13+,TAMPINES,EXECUTIVE,60-79,>1km,13+,9,1.0,965000.0
TAMPINES|EXECUTIVE|60-79|>1km|7-12,TAMPINES,EXECUTIVE,60-79,>1km,7-12,46,3.0,1010000.0
TAMPINES|EXECUTIVE|<60|500m-1km|1-6,TAMPINES,EXECUTIVE,<60,500m-1km,1-6,26,11.0,911000.0
TAMPINES|EXECUTIVE|<60|500m-1km|7-12,TAMPINES,EXECUTIVE,<60,500m-1km,7-12,26,13.0,918000.0
TAMPINES|EXECUTIVE|<60|<500m|1-6,TAMPINES,EXECUTIVE,<60,<500m,1-6,26,9.0,1038000.0
TAMPINES|EXECUTIVE|<60|<500m|7-12,TAMPINES,EXECUTIVE,<60,<500m,7-12,16,10.0,1054444.0
TOA PAYOH|2 ROOM|60-79|500m-1km|1-6,TOA PAYOH,2 ROOM,60-79,500m-1km,1-6,10,0.0,
TOA PAYOH|2 ROOM|60-79|500m-1km|13+,TOA PAYOH,2 ROOM,60-79,500m-1km,13+,3,0.0,
TOA PAYOH|2 ROOM|60-79|500m-1km|7-12,TOA PAYOH,2 ROOM,60-79,500m-1km,7-12,13,0.0,
TOA PAYOH|2 ROOM|<60|500m-1km|1-6,TOA PAYOH,2 ROOM,<60,500m-1km,1-6,41,4.0,276444.0
TOA PAYOH|2 ROOM|<60|500m-1km|13+,TOA PAYOH,2 ROOM,<60,500m-1km,13+,3,0.0,
TOA PAYOH|2 ROOM|<60|500m-1km|7-12,TOA PAYOH,2 ROOM,<60,500m-1km,7-12,44,6.0,322500.0
TOA PAYOH|2 ROOM|<60|<500m|1-6,TOA PAYOH,2 ROOM,<60,<500m,1-6,68,8.0,281000.0
TOA PAYOH|2 ROOM|<60|<500m|7-12,TOA PAYOH,2 ROOM,<60,<500m,7-12,42,3.0,278000.0
TOA PAYOH|3 ROOM|60-79|500m-1km|1-6,TOA PAYOH,3 ROOM,60-79,500m-1km,1-6,64,0.0,
TOA PAYOH|3 ROOM|60-79|500m-1km|13+,TOA PAYOH,3 ROOM,60-79,500m-1km,13+,14,0.0,
TOA PAYOH|3 ROOM|60-79|500m-1km|7-12,TOA PAYOH,3 ROOM,60-79,500m-1km,7-12,44,0.0,
TOA PAYOH|3 ROOM|60-79|<500m|1-6,TOA PAYOH,3 ROOM,60-79,<500m,1-6,130,4.0,664000.0
TOA PAYOH|3 ROOM|60-79|<500m|13+,TOA PAYOH,3 ROOM,60-79,<500m,13+,26,0.0,
TOA PAYOH|3 ROOM|60-79|<500m|7-12,TOA PAYOH,3 ROOM,60-79,<500m,7-12,85,0.0,
TOA PAYOH|3 ROOM|60-79|>1km|1-6,TOA PAYOH,3 ROOM,60-79,>1km,1-6,4,0.0,
TOA PAYOH|3 ROOM|60-79|>1km|7-12,TOA PAYOH,3 ROOM,60-79,>1km,7-12,7,0.0,
TOA PAYOH|3 ROOM|80+|500m-1km|1-6,TOA PAYOH,3 ROOM,80+,500m-1km,1-6,16,6.0,659444.0
TOA PAYOH|3 ROOM|80+|500m-1km|13+,TOA PAYOH,3 ROOM,80+,500m-1km,13+,61,5.0,711000.0
TOA PAYOH|3 ROOM|80+|500m-1km|7-12,TOA PAYOH,3 ROOM,80+,500m-1km,7-12,21,2.0,684000.0
TOA PAYOH|3 ROOM|80+|<500m|1-6,TOA PAYOH,3 ROOM,80+,<500m,1-6,57,23.0,780000.0
TOA PAYOH|3 ROOM|80+|<500m|13+,TOA PAYOH,3 ROOM,80+,<500m,13+,91,25.0,850000.0
TOA PAYOH|3 ROOM|80+|<500m|7-12,TOA PAYOH,3 ROOM,80+,<500m,7-12,81,30.0,825000.0
TOA PAYOH|3 ROOM|<60|500m-1km|1-6,TOA PAYOH,3 ROOM,<60,500m-1km,1-6,325,42.0,350000.0
TOA PAYOH|3 ROOM|<60|500m-1km|13+,TOA PAYOH,3 ROOM,<60,500m-1km,13+,11,4.0,443944.0
TOA PAYOH|3 ROOM|<60|500m-1km|7-12,TOA PAYOH,3 ROOM,<60,500m-1km,7-12,301,37.0,355000.0
TOA PAYOH|3 ROOM|<60|<500m|1-6,TOA PAYOH,3 ROOM,<60,<500m,1-6,646,78.0,373500.0
TOA PAYOH|3 ROOM|<60|<500m|13+,TOA PAYOH,3 ROOM,<60,<500m,13+,180,20.0,395944.0
TOA PAYOH|3 ROOM|<60|<500m|7-12,TOA PAYOH,3 ROOM,<60,<500m,7-12,587,56.0,396500.0
TOA PAYOH|3 ROOM|<60|>1km|1-6,TOA PAYOH,3 ROOM,<60,>1km,1-6,331,45.0,340000.0
TOA PAYOH|3 ROOM|<60|>1km|13+,TOA PAYOH,3 ROOM,<60,>1km,13+,34,4.0,385344.0
TOA PAYOH|3 ROOM|<60|>1km|7-12,TOA PAYOH,3 ROOM,<60,>1km,7-12,346,39.0,355000.0
TOA PAYOH|4 ROOM|60-79|500m-1km|1-6,TOA PAYOH,4 ROOM,60-79,500m-1km,1-6,137,9.0,680000.0
TOA PAYOH|4 ROOM|60-79|500m-1km|13+,TOA PAYOH,4 ROOM,60-79,500m-1km,13+,35,1.0,902000.0
TOA PAYOH|4 ROOM|60-79|500m-1km|7-12,TOA PAYOH,4 ROOM,60-79,500m-1km,7-12,104,2.0,680000.0
TOA PAYOH|4 ROOM|60-79|<500m|1-6,TOA PAYOH,4 ROOM,60-79,<500m,1-6,142,13.0,840888.0
TOA PAYOH|4 ROOM|60-79|<500m|13+,TOA PAYOH,4 ROOM,60-79,<500m,13+,128,30.0,955000.0
TOA PAYOH|4 ROOM|60-79|<500m|7-12,TOA PAYOH,4 ROOM,60-79,<500m,7-12,122,11.0,888000.0
TOA PAYOH|4 ROOM|60-79|>1km|1-6,TOA PAYOH,4 ROOM,60-79,>1km,1-6,62,11.0,693888.0
TOA PAYOH|4 ROOM|60-79|>1km|13+,TOA PAYOH,4 ROOM,60-79,>1km,13+,21,1.0,838000.0
TOA PAYOH|4 ROOM|60-79|>1km|7-12,TOA PAYOH,4 ROOM,60-79,>1km,7-12,57,4.0,794444.0
TOA PAYOH|4 ROOM|80+|500m-1km|1-6,TOA PAYOH,4 ROOM,80+,500m-1km,1-6,32,4.0,906500.0
TOA PAYOH|4 ROOM|80+|500m-1km|13+,TOA PAYOH,4 ROOM,80+,500m-1km,13+,99,16.0,1017500.0
TOA PAYOH|4 ROOM|80+|500m-1km|7-12,TOA PAYOH,4 ROOM,80+,500m-1km,7-12,52,8.0,926500.0
TOA PAYOH|4 ROOM|80+|<500m|1-6,TOA PAYOH,4 ROOM,80+,<500m,1-6,176,49.0,1018000.0
TOA PAYOH|4 ROOM|80+|<500m|13+,TOA PAYOH,4 ROOM,80+,<500m,13+,670,103.0,1128000.0
TOA PAYOH|4 ROOM|80+|<500m|7-12,TOA PAYOH,4 ROOM,80+,<500m,7-12,253,71.0,1100000.0
TOA PAYOH|4 ROOM|80+|>1km|1-6,TOA PAYOH,4 ROOM,80+,>1km,1-6,2,0.0,
TOA PAYOH|4 ROOM|80+|>1km|13+,TOA PAYOH,4 ROOM,80+,>1km,13+,1,0.0,
TOA PAYOH|4 ROOM|80+|>1km|7-12,TOA PAYOH,4 ROOM,80+,>1km,7-12,3,0.0,
TOA PAYOH|4 ROOM|<60|500m-1km|1-6,TOA PAYOH,4 ROOM,<60,500m-1km,1-6,54,10.0,514000.0
TOA PAYOH|4 ROOM|<60|500m-1km|13+,TOA PAYOH,4 ROOM,<60,500m-1km,13+,48,4.0,472500.0
TOA PAYOH|4 ROOM|<60|500m-1km|7-12,TOA PAYOH,4 ROOM,<60,500m-1km,7-12,67,12.0,632500.0
TOA PAYOH|4 ROOM|<60|<500m|1-6,TOA PAYOH,4 ROOM,<60,<500m,1-6,109,9.0,560000.0
TOA PAYOH|4 ROOM|<60|<500m|13+,TOA PAYOH,4 ROOM,<60,<500m,13+,81,14.0,627000.0
TOA PAYOH|4 ROOM|<60|<500m|7-12,TOA PAYOH,4 ROOM,<60,<500m,7-12,95,10.0,624000.0
TOA PAYOH|4 ROOM|<60|>1km|1-6,TOA PAYOH,4 ROOM,<60,>1km,1-6,39,6.0,415000.0
TOA PAYOH|4 ROOM|<60|>1km|13+,TOA PAYOH,4 ROOM,<60,>1km,13+,31,1.0,490000.0
TOA PAYOH|4 ROOM|<60|>1km|7-12,TOA PAYOH,4 ROOM,<60,>1km,7-12,54,2.0,482500.0
TOA PAYOH|5 ROOM|60-79|500m-1km|1-6,TOA PAYOH,5 ROOM,60-79,500m-1km,1-6,109,13.0,855000.0
TOA PAYOH|5 ROOM|60-79|500m-1km|13+,TOA PAYOH,5 ROOM,60-79,500m-1km,13+,96,5.0,1020000.0
TOA PAYOH|5 ROOM|60-79|500m-1km|7-12,TOA PAYOH,5 ROOM,60-79,500m-1km,7-12,97,5.0,881000.0
TOA PAYOH|5 ROOM|60-79|<500m|1-6,TOA PAYOH,5 ROOM,60-79,<500m,1-6,69,13.0,1020888.0
TOA PAYOH|5 ROOM|60-79|<500m|13+,TOA PAYOH,5 ROOM,60-79,<500m,13+,119,9.0,1230000.0
TOA PAYOH|5 ROOM|60-79|<500m|7-12,TOA PAYOH,5 ROOM,60-79,<500m,7-12,82,10.0,1142000.0
TOA PAYOH|5 ROOM|60-79|>1km|1-6,TOA PAYOH,5 ROOM,60-79,>1km,1-6,33,2.0,825000.0
TOA PAYOH|5 ROOM|60-79|>1km|13+,TOA PAYOH,5 ROOM,60-79,>1km,13+,54,6.0,946944.0
TOA PAYOH|5 ROOM|60-79|>1km|7-12,TOA PAYOH,5 ROOM,60-79,>1km,7-12,33,5.0,845000.0
TOA PAYOH|5 ROOM|80+|500m-1km|13+,TOA PAYOH,5 ROOM,80+,500m-1km,13+,2,0.0,
TOA PAYOH|5 ROOM|80+|500m-1km|7-12,TOA PAYOH,5 ROOM,80+,500m-1km,7-12,2,0.0,
TOA PAYOH|5 ROOM|80+|<500m|1-6,TOA PAYOH,5 ROOM,80+,<500m,1-6,86,9.0,1275000.0
TOA PAYOH|5 ROOM|80+|<500m|13+,TOA PAYOH,5 ROOM,80+,<500m,13+,330,24.0,1485000.0
TOA PAYOH|5 ROOM|80+|<500m|7-12,TOA PAYOH,5 ROOM,80+,<500m,7-12,88,10.0,1355000.0
TOA PAYOH|5 ROOM|80+|>1km|13+,TOA PAYOH,5 ROOM,80+,>1km,13+,2,0.0,
TOA PAYOH|5 ROOM|<60|500m-1km|1-6,TOA PAYOH,5 ROOM,<60,500m-1km,1-6,31,2.0,649000.0
TOA PAYOH|5 ROOM|<60|500m-1km|13+,TOA PAYOH,5 ROOM,<60,500m-1km,13+,66,8.0,688000.0
TOA PAYOH|5 ROOM|<60|500m-1km|7-12,TOA PAYOH,5 ROOM,<60,500m-1km,7-12,45,5.0,820000.0
TOA PAYOH|5 ROOM|<60|<500m|1-6,TOA PAYOH,5 ROOM,<60,<500m,1-6,7,3.0,828200.0
TOA PAYOH|5 ROOM|<60|<500m|13+,TOA PAYOH,5 ROOM,<60,<500m,13+,13,6.0,912300.0
TOA PAYOH|5 ROOM|<60|<500m|7-12,TOA PAYOH,5 ROOM,<60,<500m,7-12,13,7.0,980000.0
TOA PAYOH|5 ROOM|<60|>1km|1-6,TOA PAYOH,5 ROOM,<60,>1km,1-6,9,2.0,531500.0
TOA PAYOH|5 ROOM|<60|>1km|13+,TOA PAYOH,5 ROOM,<60,>1km,13+,27,3.0,670000.0
TOA PAYOH|5 ROOM|<60|>1km|7-12,TOA PAYOH,5 ROOM,<60,>1km,7-12,10,1.0,706888.0
TOA PAYOH|EXECUTIVE|60-79|500m-1km|1-6,TOA PAYOH,EXECUTIVE,60-79,500m-1km,1-6,46,0.0,
TOA PAYOH|EXECUTIVE|60-79|500m-1km|13+,TOA PAYOH,EXECUTIVE,60-79,500m-1km,13+,4,0.0,
TOA PAYOH|EXECUTIVE|60-79|500m-1km|7-12,TOA PAYOH,EXECUTIVE,60-79,500m-1km,7-12,20,1.0,980000.0
TOA PAYOH|EXECUTIVE|60-79|<500m|1-6,TOA PAYOH,EXECUTIVE,60-79,<500m,1-6,48,1.0,1200000.0
TOA PAYOH|EXECUTIVE|60-79|<500m|13+,TOA PAYOH,EXECUTIVE,60-79,<500m,13+,7,0.0,
TOA PAYOH|EXECUTIVE|60-79|<500m|7-12,TOA PAYOH,EXECUTIVE,60-79,<500m,7-12,15,2.0,1287500.0
TOA PAYOH|EXECUTIVE|60-79|>1km|1-6,TOA PAYOH,EXECUTIVE,60-79,>1km,1-6,24,5.0,963000.0
TOA PAYOH|EXECUTIVE|60-79|>1km|7-12,TOA PAYOH,EXECUTIVE,60-79,>1km,7-12,14,3.0,1138000.0
TOA PAYOH|EXECUTIVE|<60|500m-1km|1-6,TOA PAYOH,EXECUTIVE,<60,500m-1km,1-6,1,1.0,980000.0
TOA PAYOH|EXECUTIVE|<60|<500m|1-6,TOA PAYOH,EXECUTIVE,<60,<500m,1-6,8,0.0,
WOODLANDS|2 ROOM|60-79|>1km|1-6,WOODLANDS,2 ROOM,60-79,>1km,1-6,2,0.0,
WOODLANDS|2 ROOM|60-79|>1km|7-12,WOODLANDS,2 ROOM,60-79,>1km,7-12,10,0.0,
WOODLANDS|2 ROOM|80+|500m-1km|1-6,WOODLANDS,2 ROOM,80+,500m-1km,1-6,53,5.0,360000.0
WOODLANDS|2 ROOM|80+|500m-1km|13+,WOODLANDS,2 ROOM,80+,500m-1km,13+,36,2.0,377500.0
WOODLANDS|2 ROOM|80+|500m-1km|7-12,WOODLANDS,2 ROOM,80+,500m-1km,7-12,62,8.0,380000.0
WOODLANDS|2 ROOM|80+|<500m|1-6,WOODLANDS,2 ROOM,80+,<500m,1-6,28,6.0,377500.0
WOODLANDS|2 ROOM|80+|<500m|13+,WOODLANDS,2 ROOM,80+,<500m,13+,24,4.0,399194.0
WOODLANDS|2 ROOM|80+|<500m|7-12,WOODLANDS,2 ROOM,80+,<500m,7-12,42,9.0,377000.0
WOODLANDS|2 ROOM|<60|>1km|7-12,WOODLANDS,2 ROOM,<60,>1km,7-12,3,1.0,282888.0
WOODLANDS|3 ROOM|60-79|500m-1km|1-6,WOODLANDS,3 ROOM,60-79,500m-1km,1-6,107,4.0,439000.0
WOODLANDS|3 ROOM|60-79|500m-1km|7-12,WOODLANDS,3 ROOM,60-79,500m-1km,7-12,48,0.0,
WOODLANDS|3 ROOM|60-79|<500m|1-6,WOODLANDS,3 ROOM,60-79,<500m,1-6,223,13.0,440000.0
WOODLANDS|3 ROOM|60-79|<500m|7-12,WOODLANDS,3 ROOM,60-79,<500m,7-12,181,10.0,452777.5
WOODLANDS|3 ROOM|60-79|>1km|1-6,WOODLANDS,3 ROOM,60-79,>1km,1-6,69,1.0,358000.0
WOODLANDS|3 ROOM|60-79|>1km|13+,WOODLANDS,3 ROOM,60-79,>1km,13+,13,0.0,
WOODLANDS|3 ROOM|60-79|>1km|7-12,WOODLANDS,3 ROOM,60-79,>1km,7-12,69,0.0,
WOODLANDS|3 ROOM|80+|500m-1km|1-6,WOODLANDS,3 ROOM,80+,500m-1km,1-6,114,11.0,490000.0
WOODLANDS|3 ROOM|80+|500m-1km|13+,WOODLANDS,3 ROOM,80+,500m-1km,13+,126,6.0,503000.0
WOODLANDS|3 ROOM|80+|500m-1km|7-12,WOODLANDS,3 ROOM,80+,500m-1km,7-12,146,9.0,505000.0
WOODLANDS|3 ROOM|80+|<500m|1-6,WOODLANDS,3 ROOM,80+,<500m,1-6,111,12.0,509444.0
WOODLANDS|3 ROOM|80+|<500m|13+,WOODLANDS,3 ROOM,80+,<500m,13+,67,10.0,558000.0
WOODLANDS|3 ROOM|80+|<500m|7-12,WOODLANDS,3 ROOM,80+,<500m,7-12,128,15.0,530000.0
WOODLANDS|3 ROOM|<60|500m-1km|1-6,WOODLANDS,3 ROOM,<60,500m-1km,1-6,139,19.0,355000.0
WOODLANDS|3 ROOM|<60|500m-1km|13+,WOODLANDS,3 ROOM,<60,500m-1km,13+,18,2.0,377500.0
WOODLANDS|3 ROOM|<60|500m-1km|7-12,WOODLANDS,3 ROOM,<60,500m-1km,7-12,151,22.0,349444.0
WOODLANDS|3 ROOM|<60|<500m|1-6,WOODLANDS,3 ROOM,<60,<500m,1-6,28,14.0,400000.0
WOODLANDS|3 ROOM|<60|<500m|7-12,WOODLANDS,3 ROOM,<60,<500m,7-12,20,6.0,423444.0
WOODLANDS|3 ROOM|<60|>1km|1-6,WOODLANDS,3 ROOM,<60,>1km,1-6,143,23.0,368000.0
WOODLANDS|3 ROOM|<60|>1km|13+,WOODLANDS,3 ROOM,<60,>1km,13+,35,5.0,403000.0
WOODLANDS|3 ROOM|<60|>1km|7-12,WOODLANDS,3 ROOM,<60,>1km,7-12,157,25.0,360000.0
WOODLANDS|4 ROOM|60-79|500m-1km|1-6,WOODLANDS,4 ROOM,60-79,500m-1km,1-6,1355,150.0,527000.0
WOODLANDS|4 ROOM|60-79|500m-1km|13+,WOODLANDS,4 ROOM,60-79,500m-1km,13+,79,16.0,543750.0
WOODLANDS|4 ROOM|60-79|500m-1km|7-12,WOODLANDS,4 ROOM,60-79,500m-1km,7-12,1315,151.0,540000.0
WOODLANDS|4 ROOM|60-79|<500m|1-6,WOODLANDS,4 ROOM,60-79,<500m,1-6,1243,152.0,555000.0
WOODLANDS|4 ROOM|60-79|<500m|13+,WOODLANDS,4 ROOM,60-79,<500m,13+,57,5.0,590000.0
WOODLANDS|4 ROOM|60-79|<500m|7-12,WOODLANDS,4 ROOM,60-79,<500m,7-12,1061,130.0,581000.0
WOODLANDS|4 ROOM|60-79|>1km|1-6,WOODLANDS,4 ROOM,60-79,>1km,1-6,23,0.0,
WOODLANDS|4 ROOM|60-79|>1km|13+,WOODLANDS,4 ROOM,60-79,>1km,13+,9,0.0,
WOODLANDS|4 ROOM|60-79|>1km|7-12,WOODLANDS,4 ROOM,60-79,>1km,7-12,19,0.0,
WOODLANDS|4 ROOM|80+|500m-1km|1-6,WOODLANDS,4 ROOM,80+,500m-1km,1-6,425,29.0,600000.0
WOODLANDS|4 ROOM|80+|500m-1km|13+,WOODLANDS,4 ROOM,80+,500m-1km,13+,341,23.0,619999.0
WOODLANDS|4 ROOM|80+|500m-1km|7-12,WOODLANDS,4 ROOM,80+,500m-1km,7-12,552,43.0,630000.0
WOODLANDS|4 ROOM|80+|<500m|1-6,WOODLANDS,4 ROOM,80+,<500m,1-6,322,33.0,630088.0
WOODLANDS|4 ROOM|80+|<500m|13+,WOODLANDS,4 ROOM,80+,<500m,13+,122,15.0,705000.0
WOODLANDS|4 ROOM|80+|<500m|7-12,WOODLANDS,4 ROOM,80+,<500m,7-12,380,26.0,662500.0
WOODLANDS|4 ROOM|80+|>1km|1-6,WOODLANDS,4 ROOM,80+,>1km,1-6,11,0.0,
WOODLANDS|4 ROOM|80+|>1km|13+,WOODLANDS,4 ROOM,80+,>1km,13+,29,2.0,626594.0
WOODLANDS|4 ROOM|80+|>1km|7-12,WOODLANDS,4 ROOM,80+,>1km,7-12,14,1.0,570000.0
WOODLANDS|4 ROOM|<60|500m-1km|1-6,WOODLANDS,4 ROOM,<60,500m-1km,1-6,29,9.0,460000.0
WOODLANDS|4 ROOM|<60|500m-1km|13+,WOODLANDS,4 ROOM,<60,500m-1km,13+,11,4.0,395750.0
WOODLANDS|4 ROOM|<60|500m-1km|7-12,WOODLANDS,4 ROOM,<60,500m-1km,7-12,30,10.0,521500.0
WOODLANDS|4 ROOM|<60|<500m|1-6,WOODLANDS,4 ROOM,<60,<500m,1-6,30,18.0,480000.0
WOODLANDS|4 ROOM|<60|<500m|13+,WOODLANDS,4 ROOM,<60,<500m,13+,1,1.0,450000.0
WOODLANDS|4 ROOM|<60|<500m|7-12,WOODLANDS,4 ROOM,<60,<500m,7-12,30,17.0,500000.0
WOODLANDS|4 ROOM|<60|>1km|1-6,WOODLANDS,4 ROOM,<60,>1km,1-6,134,24.0,434000.0
WOODLANDS|4 ROOM|<60|>1km|13+,WOODLANDS,4 ROOM,<60,>1km,13+,27,2.0,435444.0
WOODLANDS|4 ROOM|<60|>1km|7-12,WOODLANDS,4 ROOM,<60,>1km,7-12,145,14.0,439000.0
WOODLANDS|5 ROOM|60-79|500m-1km|1-6,WOODLANDS,5 ROOM,60-79,500m-1km,1-6,913,100.0,621444.0
WOODLANDS|5 ROOM|60-79|500m-1km|13+,WOODLANDS,5 ROOM,60-79,500m-1km,13+,62,12.0,631500.0
WOODLANDS|5 ROOM|60-79|500m-1km|7-12,WOODLANDS,5 ROOM,60-79,500m-1km,7-12,885,108.0,649444.0
WOODLANDS|5 ROOM|60-79|<500m|1-6,WOODLANDS,5 ROOM,60-79,<500m,1-6,912,103.0,655000.0
WOODLANDS|5 ROOM|60-79|<500m|13+,WOODLANDS,5 ROOM,60-79,<500m,13+,37,5.0,695000.0
WOODLANDS|5 ROOM|60-79|<500m|7-12,WOODLANDS,5 ROOM,60-79,<500m,7-12,879,97.0,696888.0
WOODLANDS|5 ROOM|60-79|>1km|1-6,WOODLANDS,5 ROOM,60-79,>1km,1-6,3,0.0,
WOODLANDS|5 ROOM|60-79|>1km|13+,WOODLANDS,5 ROOM,60-79,>1km,13+,9,0.0,
WOODLANDS|5 ROOM|60-79|>1km|7-12,WOODLANDS,5 ROOM,60-79,>1km,7-12,5,0.0,
WOODLANDS|5 ROOM|80+|500m-1km|1-6,WOODLANDS,5 ROOM,80+,500m-1km,1-6,286,8.0,672500.0
WOODLANDS|5 ROOM|80+|500m-1km|13+,WOODLANDS,5 ROOM,80+,500m-1km,13+,140,3.0,720000.0
WOODLANDS|5 ROOM|80+|500m-1km|7-12,WOODLANDS,5 ROOM,80+,500m-1km,7-12,312,17.0,690000.0
WOODLANDS|5 ROOM|80+|<500m|1-6,WOODLANDS,5 ROOM,80+,<500m,1-6,232,10.0,728000.0
WOODLANDS|5 ROOM|80+|<500m|13+,WOODLANDS,5 ROOM,80+,<500m,13+,77,8.0,828500.0
WOODLANDS|5 ROOM|80+|<500m|7-12,WOODLANDS,5 ROOM,80+,<500m,7-12,268,19.0,777000.0
WOODLANDS|5 ROOM|<60|500m-1km|1-6,WOODLANDS,5 ROOM,<60,500m-1km,1-6,20,5.0,555000.0
WOODLANDS|5 ROOM|<60|500m-1km|13+,WOODLANDS,5 ROOM,<60,500m-1km,13+,26,3.0,575000.0
WOODLANDS|5 ROOM|<60|500m-1km|7-12,WOODLANDS,5 ROOM,<60,500m-1km,7-12,30,8.0,560000.0
WOODLANDS|5 ROOM|<60|<500m|1-6,WOODLANDS,5 ROOM,<60,<500m,1-6,11,9.0,596888.0
WOODLANDS|5 ROOM|<60|<500m|7-12,WOODLANDS,5 ROOM,<60,<500m,7-12,8,6.0,616500.0
WOODLANDS|5 ROOM|<60|>1km|1-6,WOODLANDS,5 ROOM,<60,>1km,1-6,18,1.0,538000.0
WOODLANDS|5 ROOM|<60|>1km|13+,WOODLANDS,5 ROOM,<60,>1km,13+,49,4.0,494444.0
WOODLANDS|5 ROOM|<60|>1km|7-12,WOODLANDS,5 ROOM,<60,>1km,7-12,26,1.0,545000.0
WOODLANDS|EXECUTIVE|60-79|500m-1km|1-6,WOODLANDS,EXECUTIVE,60-79,500m-1km,1-6,315,33.0,950000.0
WOODLANDS|EXECUTIVE|60-79|500m-1km|13+,WOODLANDS,EXECUTIVE,60-79,500m-1km,13+,11,2.0,979444.0
WOODLANDS|EXECUTIVE|60-79|500m-1km|7-12,WOODLANDS,EXECUTIVE,60-79,500m-1km,7-12,277,25.0,960000.0
WOODLANDS|EXECUTIVE|60-79|<500m|1-6,WOODLANDS,EXECUTIVE,60-79,<500m,1-6,618,67.0,855000.0
WOODLANDS|EXECUTIVE|60-79|<500m|13+,WOODLANDS,EXECUTIVE,60-79,<500m,13+,14,1.0,888888.0
WOODLANDS|EXECUTIVE|60-79|<500m|7-12,WOODLANDS,EXECUTIVE,60-79,<500m,7-12,512,55.0,933888.0
WOODLANDS|EXECUTIVE|60-79|>1km|1-6,WOODLANDS,EXECUTIVE,60-79,>1km,1-6,1,0.0,
WOODLANDS|EXECUTIVE|60-79|>1km|7-12,WOODLANDS,EXECUTIVE,60-79,>1km,7-12,2,0.0,
WOODLANDS|EXECUTIVE|80+|500m-1km|1-6,WOODLANDS,EXECUTIVE,80+,500m-1km,1-6,1,0.0,
WOODLANDS|EXECUTIVE|80+|<500m|1-6,WOODLANDS,EXECUTIVE,80+,<500m,1-6,48,0.0,
WOODLANDS|EXECUTIVE|80+|<500m|7-12,WOODLANDS,EXECUTIVE,80+,<500m,7-12,48,0.0,
WOODLANDS|EXECUTIVE|<60|500m-1km|1-6,WOODLANDS,EXECUTIVE,<60,500m-1km,1-6,1,0.0,
WOODLANDS|EXECUTIVE|<60|<500m|1-6,WOODLANDS,EXECUTIVE,<60,<500m,1-6,2,1.0,725000.0
WOODLANDS|EXECUTIVE|<60|>1km|1-6,WOODLANDS,EXECUTIVE,<60,>1km,1-6,1,0.0,
YISHUN|2 ROOM|60-79|>1km|1-6,YISHUN,2 ROOM,60-79,>1km,1-6,9,2.0,325000.0
YISHUN|2 ROOM|60-79|>1km|7-12,YISHUN,2 ROOM,60-79,>1km,7-12,9,1.0,330000.0
YISHUN|2 ROOM|80+|500m-1km|1-6,YISHUN,2 ROOM,80+,500m-1km,1-6,13,1.0,362000.0
YISHUN|2 ROOM|80+|500m-1km|13+,YISHUN,2 ROOM,80+,500m-1km,13+,2,0.0,
YISHUN|2 ROOM|80+|500m-1km|7-12,YISHUN,2 ROOM,80+,500m-1km,7-12,16,3.0,378000.0
YISHUN|2 ROOM|80+|>1km|1-6,YISHUN,2 ROOM,80+,>1km,1-6,143,23.0,358000.0
YISHUN|2 ROOM|80+|>1km|13+,YISHUN,2 ROOM,80+,>1km,13+,30,2.0,374000.0
YISHUN|2 ROOM|80+|>1km|7-12,YISHUN,2 ROOM,80+,>1km,7-12,170,22.0,364000.0
YISHUN|3 ROOM|60-79|500m-1km|1-6,YISHUN,3 ROOM,60-79,500m-1km,1-6,795,29.0,402000.0
YISHUN|3 ROOM|60-79|500m-1km|13+,YISHUN,3 ROOM,60-79,500m-1km,13+,12,1.0,418000.0
YISHUN|3 ROOM|60-79|500m-1km|7-12,YISHUN,3 ROOM,60-79,500m-1km,7-12,615,14.0,417500.0
YISHUN|3 ROOM|60-79|<500m|1-6,YISHUN,3 ROOM,60-79,<500m,1-6,595,15.0,440000.0
YISHUN|3 ROOM|60-79|<500m|7-12,YISHUN,3 ROOM,60-79,<500m,7-12,490,20.0,475000.0
YISHUN|3 ROOM|60-79|>1km|1-6,YISHUN,3 ROOM,60-79,>1km,1-6,143,10.0,416500.0
YISHUN|3 ROOM|60-79|>1km|7-12,YISHUN,3 ROOM,60-79,>1km,7-12,158,8.0,431500.0
YISHUN|3 ROOM|80+|500m-1km|1-6,YISHUN,3 ROOM,80+,500m-1km,1-6,98,8.0,495000.0
YISHUN|3 ROOM|80+|500m-1km|13+,YISHUN,3 ROOM,80+,500m-1km,13+,43,3.0,600000.0
YISHUN|3 ROOM|80+|500m-1km|7-12,YISHUN,3 ROOM,80+,500m-1km,7-12,96,12.0,530000.0
YISHUN|3 ROOM|80+|<500m|1-6,YISHUN,3 ROOM,80+,<500m,1-6,22,0.0,
YISHUN|3 ROOM|80+|<500m|13+,YISHUN,3 ROOM,80+,<500m,13+,3,0.0,
YISHUN|3 ROOM|80+|<500m|7-12,YISHUN,3 ROOM,80+,<500m,7-12,24,1.0,598000.0
YISHUN|3 ROOM|80+|>1km|1-6,YISHUN,3 ROOM,80+,>1km,1-6,281,40.0,472500.0
YISHUN|3 ROOM|80+|>1km|13+,YISHUN,3 ROOM,80+,>1km,13+,94,9.0,498888.0
YISHUN|3 ROOM|80+|>1km|7-12,YISHUN,3 ROOM,80+,>1km,7-12,327,35.0,500000.0
YISHUN|3 ROOM|<60|500m-1km|1-6,YISHUN,3 ROOM,<60,500m-1km,1-6,262,79.0,405000.0
YISHUN|3 ROOM|<60|500m-1km|7-12,YISHUN,3 ROOM,<60,500m-1km,7-12,165,36.0,414000.0
YISHUN|3 ROOM|<60|<500m|1-6,YISHUN,3 ROOM,<60,<500m,1-6,100,48.0,426500.0
YISHUN|3 ROOM|<60|<500m|7-12,YISHUN,3 ROOM,<60,<500m,7-12,89,38.0,439444.0
YISHUN|3 ROOM|<60|>1km|1-6,YISHUN,3 ROOM,<60,>1km,1-6,21,6.0,403750.0
YISHUN|3 ROOM|<60|>1km|7-12,YISHUN,3 ROOM,<60,>1km,7-12,7,3.0,420000.0
YISHUN|4 ROOM|60-79|500m-1km|1-6,YISHUN,4 ROOM,60-79,500m-1km,1-6,1176,53.0,515000.0
YISHUN|4 ROOM|60-79|500m-1km|13+,YISHUN,4 ROOM,60-79,500m-1km,13+,17,0.0,
YISHUN|4 ROOM|60-79|500m-1km|7-12,YISHUN,4 ROOM,60-79,500m-1km,7-12,1079,53.0,530000.0
YISHUN|4 ROOM|60-79|<500m|1-6,YISHUN,4 ROOM,60-79,<500m,1-6,631,23.0,548000.0
YISHUN|4 ROOM|60-79|<500m|13+,YISHUN,4 ROOM,60-79,<500m,13+,8,0.0,
YISHUN|4 ROOM|60-79|<500m|7-12,YISHUN,4 ROOM,60-79,<500m,7-12,545,24.0,603000.0
YISHUN|4 ROOM|60-79|>1km|1-6,YISHUN,4 ROOM,60-79,>1km,1-6,423,30.0,511000.0
YISHUN|4 ROOM|60-79|>1km|7-12,YISHUN,4 ROOM,60-79,>1km,7-12,449,45.0,528000.0
YISHUN|4 ROOM|80+|500m-1km|1-6,YISHUN,4 ROOM,80+,500m-1km,1-6,326,37.0,580000.0
YISHUN|4 ROOM|80+|500m-1km|13+,YISHUN,4 ROOM,80+,500m-1km,13+,167,11.0,636000.0
YISHUN|4 ROOM|80+|500m-1km|7-12,YISHUN,4 ROOM,80+,500m-1km,7-12,406,44.0,639000.0
YISHUN|4 ROOM|80+|>1km|1-6,YISHUN,4 ROOM,80+,>1km,1-6,913,93.0,565000.0
YISHUN|4 ROOM|80+|>1km|13+,YISHUN,4 ROOM,80+,>1km,13+,255,33.0,618000.0
YISHUN|4 ROOM|80+|>1km|7-12,YISHUN,4 ROOM,80+,>1km,7-12,1116,115.0,605000.0
YISHUN|4 ROOM|<60|500m-1km|1-6,YISHUN,4 ROOM,<60,500m-1km,1-6,154,70.0,480000.0
YISHUN|4 ROOM|<60|500m-1km|13+,YISHUN,4 ROOM,<60,500m-1km,13+,1,1.0,540000.0
YISHUN|4 ROOM|<60|500m-1km|7-12,YISHUN,4 ROOM,<60,500m-1km,7-12,123,65.0,510000.0
YISHUN|4 ROOM|<60|<500m|1-6,YISHUN,4 ROOM,<60,<500m,1-6,94,43.0,513000.0
YISHUN|4 ROOM|<60|<500m|7-12,YISHUN,4 ROOM,<60,<500m,7-12,81,35.0,545000.0
YISHUN|4 ROOM|<60|>1km|1-6,YISHUN,4 ROOM,<60,>1km,1-6,8,5.0,500000.0
YISHUN|4 ROOM|<60|>1km|7-12,YISHUN,4 ROOM,<60,>1km,7-12,3,0.0,
YISHUN|5 ROOM|60-79|500m-1km|1-6,YISHUN,5 ROOM,60-79,500m-1km,1-6,341,16.0,640000.0
YISHUN|5 ROOM|60-79|500m-1km|13+,YISHUN,5 ROOM,60-79,500m-1km,13+,19,3.0,645000.0
YISHUN|5 ROOM|60-79|500m-1km|7-12,YISHUN,5 ROOM,60-79,500m-1km,7-12,347,22.0,680000.0
YISHUN|5 ROOM|60-79|<500m|1-6,YISHUN,5 ROOM,60-79,<500m,1-6,287,14.0,710000.0
YISHUN|5 ROOM|60-79|<500m|13+,YISHUN,5 ROOM,60-79,<500m,13+,8,1.0,645000.0
YISHUN|5 ROOM|60-79|<500m|7-12,YISHUN,5 ROOM,60-79,<500m,7-12,260,6.0,735444.0
YISHUN|5 ROOM|60-79|>1km|1-6,YISHUN,5 ROOM,60-79,>1km,1-6,79,5.0,650000.0
YISHUN|5 ROOM|60-79|>1km|7-12,YISHUN,5 ROOM,60-79,>1km,7-12,69,10.0,675000.0
YISHUN|5 ROOM|80+|500m-1km|1-6,YISHUN,5 ROOM,80+,500m-1km,1-6,153,14.0,724500.0
YISHUN|5 ROOM|80+|500m-1km|13+,YISHUN,5 ROOM,80+,500m-1km,13+,71,4.0,745000.0
YISHUN|5 ROOM|80+|500m-1km|7-12,YISHUN,5 ROOM,80+,500m-1km,7-12,196,21.0,756000.0
YISHUN|5 ROOM|80+|>1km|1-6,YISHUN,5 ROOM,80+,>1km,1-6,314,38.0,692500.0
YISHUN|5 ROOM|80+|>1km|13+,YISHUN,5 ROOM,80+,>1km,13+,94,9.0,700000.0
YISHUN|5 ROOM|80+|>1km|7-12,YISHUN,5 ROOM,80+,>1km,7-12,415,34.0,754444.0
YISHUN|5 ROOM|<60|500m-1km|1-6,YISHUN,5 ROOM,<60,500m-1km,1-6,23,13.0,630000.0
YISHUN|5 ROOM|<60|500m-1km|7-12,YISHUN,5 ROOM,<60,500m-1km,7-12,17,8.0,674000.0
YISHUN|5 ROOM|<60|<500m|1-6,YISHUN,5 ROOM,<60,<500m,1-6,25,14.0,626250.0
YISHUN|5 ROOM|<60|<500m|13+,YISHUN,5 ROOM,<60,<500m,13+,2,2.0,706000.0
YISHUN|5 ROOM|<60|<500m|7-12,YISHUN,5 ROOM,<60,<500m,7-12,34,21.0,670000.0
YISHUN|5 ROOM|<60|>1km|1-6,YISHUN,5 ROOM,<60,>1km,1-6,1,1.0,565000.0
YISHUN|EXECUTIVE|60-79|500m-1km|1-6,YISHUN,EXECUTIVE,60-79,500m-1km,1-6,162,14.0,925000.0
YISHUN|EXECUTIVE|60-79|500m-1km|13+,YISHUN,EXECUTIVE,60-79,500m-1km,13+,7,0.0,
YISHUN|EXECUTIVE|60-79|500m-1km|7-12,YISHUN,EXECUTIVE,60-79,500m-1km,7-12,146,13.0,865000.0
YISHUN|EXECUTIVE|60-79|<500m|1-6,YISHUN,EXECUTIVE,60-79,<500m,1-6,115,7.0,860088.0
YISHUN|EXECUTIVE|60-79|<500m|13+,YISHUN,EXECUTIVE,60-79,<500m,13+,3,1.0,860000.0
YISHUN|EXECUTIVE|60-79|<500m|7-12,YISHUN,EXECUTIVE,60-79,<500m,7-12,85,12.0,980000.0
YISHUN|EXECUTIVE|60-79|>1km|1-6,YISHUN,EXECUTIVE,60-79,>1km,1-6,165,11.0,880000.0
YISHUN|EXECUTIVE|60-79|>1km|7-12,YISHUN,EXECUTIVE,60-79,>1km,7-12,86,6.0,945944.0
YISHUN|EXECUTIVE|<60|500m-1km|1-6,YISHUN,EXECUTIVE,<60,500m-1km,1-6,1,1.0,800000.0
YISHUN|EXECUTIVE|<60|500m-1km|7-12,YISHUN,EXECUTIVE,<60,500m-1km,7-12,3,1.0,868000.0
YISHUN|EXECUTIVE|<60|<500m|1-6,YISHUN,EXECUTIVE,<60,<500m,1-6,1,1.0,1128000.0
YISHUN|EXECUTIVE|<60|<500m|7-12,YISHUN,EXECUTIVE,<60,<500m,7-12,1,0.0,
